section,list/group,name,status,detail,seconds,url
TV,iptv-org IL,5Gold (1080p),UNVERIFIED,no route from test server (geo-lock/IPv6/timeout) - test on the TV box,10.03,http://str2.iptvhd.ru:8080/sport5gold/index.m3u8
TV,iptv-org IL,5Live (1080p),UNVERIFIED,no route from test server (geo-lock/IPv6/timeout) - test on the TV box,10.03,http://str2.iptvhd.ru:8080/5live/index.m3u8
TV,iptv-org IL,5Plus (1080p),UNVERIFIED,no route from test server (geo-lock/IPv6/timeout) - test on the TV box,10.01,http://89.33.29.115:8080/sportplus/index.m3u8
TV,iptv-org IL,5Sport 4K (2160p),UNVERIFIED,no route from test server (geo-lock/IPv6/timeout) - test on the TV box,10.03,http://str2.iptvhd.ru:8080/5SPORT_4K/index.m3u8
TV,iptv-org IL,5Sport (1080p),UNVERIFIED,no route from test server (geo-lock/IPv6/timeout) - test on the TV box,10.02,http://str2.iptvhd.ru:8080/5sport/index.m3u8
TV,iptv-org IL,Angel TV Hebrew (720p),PARTIAL,unknown content-type application/x-mpegURL,1.07,https://janya-digimix.akamaized.net/vglive-sk-150533/hebrew/ngrp:angelhebrew_all/playlist.m3u8
TV,iptv-org IL,Channel 9 (Israel) (1080p),OK,HLS playlist + segment reachable,0.72,https://contact.gostreaming.tv/Con-11/index.m3u8
TV,iptv-org IL,Channel 13 (Israel) (1080p),OK,HLS playlist + segment reachable,0.33,http://stream.mcquack.net/295/index.m3u8
TV,iptv-org IL,Channel 24 (Israel) (1080p),OK,HLS playlist + segment reachable,0.33,http://stream.mcquack.net/42/index.m3u8
TV,iptv-org IL,Disney Channel (Israel) (576p),UNVERIFIED,no route from test server (geo-lock/IPv6/timeout) - test on the TV box,10.03,http://str2.iptvhd.ru:8080/disney/index.m3u8
TV,iptv-org IL,Food Channel (1080p),UNVERIFIED,no route from test server (geo-lock/IPv6/timeout) - test on the TV box,10.03,http://str2.iptvhd.ru:8080/FoodChannel/index.m3u8
TV,iptv-org IL,Good Life (576p),OK,application/vnd.apple.mpegurl,0.34,http://stream.mcquack.net/47/index.m3u8
TV,iptv-org IL,Hala TV (1080p) [Not 24/7],OK,HLS playlist + segment reachable,0.72,https://stream.panet.com/edge/halaTV/playlist.m3u8
TV,iptv-org IL,Health Channel (1080p),UNVERIFIED,no route from test server (geo-lock/IPv6/timeout) - test on the TV box,10.01,http://89.33.29.115:8080/Health/index.m3u8
TV,iptv-org IL,Hidabroot (1080p),OK,HLS playlist + segment reachable,0.93,https://cdn.cybercdn.live/HidabrootIL/Live97/playlist.m3u8
TV,iptv-org IL,Home + (576p),UNVERIFIED,no route from test server (geo-lock/IPv6/timeout) - test on the TV box,10.02,http://str2.iptvhd.ru:8080/home_plus/index.m3u8
TV,iptv-org IL,Hop! (1080p),OK,HLS playlist + segment reachable,0.32,http://stream.mcquack.net/44/index.m3u8
TV,iptv-org IL,HOT8 (1080p),UNVERIFIED,no route from test server (geo-lock/IPv6/timeout) - test on the TV box,10.02,http://str2.iptvhd.ru:8080/channel8/index.m3u8
TV,iptv-org IL,HOT Cinema 1 (1080p),UNVERIFIED,no route from test server (geo-lock/IPv6/timeout) - test on the TV box,10.02,http://str2.iptvhd.ru:8080/Gold/index.m3u8
TV,iptv-org IL,HOT Cinema 2 (1080p),UNVERIFIED,no route from test server (geo-lock/IPv6/timeout) - test on the TV box,10.03,http://str2.iptvhd.ru:8080/action/index.m3u8
TV,iptv-org IL,HOT Cinema 3 (1080p),UNVERIFIED,no route from test server (geo-lock/IPv6/timeout) - test on the TV box,10.02,http://str2.iptvhd.ru:8080/fun/index.m3u8
TV,iptv-org IL,HOT Cinema 4 (1080p),UNVERIFIED,no route from test server (geo-lock/IPv6/timeout) - test on the TV box,10.01,http://str2.iptvhd.ru:8080/drama/index.m3u8
TV,iptv-org IL,HOT Comedy (1080p),UNVERIFIED,no route from test server (geo-lock/IPv6/timeout) - test on the TV box,10.02,http://str2.iptvhd.ru:8080/HOTComedy/index.m3u8
TV,iptv-org IL,HOT Drama (1080p),OK,HLS playlist + segment reachable,0.34,http://stream.mcquack.net/381/index.m3u8
TV,iptv-org IL,HOT Senior (1080p),UNVERIFIED,no route from test server (geo-lock/IPv6/timeout) - test on the TV box,10.01,http://str2.iptvhd.ru:8080/HOT_Senior/index.m3u8
TV,iptv-org IL,HOT Zone (1080p),OK,HLS playlist + segment reachable,0.33,http://stream.mcquack.net/379/index.m3u8
TV,iptv-org IL,i24NEWS Arabic (1080p),OK,HLS playlist + segment reachable,0.75,https://i24newsarabic-cdn.encoders.immergo.tv/master.m3u8
TV,iptv-org IL,i24NEWS French (1080p),OK,HLS playlist + segment reachable,1.01,https://i24newsfrench-cdn.encoders.immergo.tv/master.m3u8
TV,iptv-org IL,i24NEWS Hebrew (1080p),OK,HLS playlist + segment reachable,0.49,https://i24newshebrew-cdn.encoders.immergo.tv/master.m3u8
TV,iptv-org IL,Junior (1080p),UNVERIFIED,no route from test server (geo-lock/IPv6/timeout) - test on the TV box,10.01,http://str2.iptvhd.ru:8080/junior/index.m3u8
TV,iptv-org IL,Kabbalah for the People Israel (504p) [Not 24/7],OK,HLS playlist + segment reachable,0.51,https://edge3.uk.kab.tv/live/tv66-heb-high/playlist.m3u8
TV,iptv-org IL,Kan 11 (1080p),OK,HLS playlist + segment reachable,2.64,https://kancdn.medonecdn.net/livehls/oil/kancdn-live/live/kan11/live.livx/playlist.m3u8
TV,iptv-org IL,Kan Educational (720p),OK,HLS playlist + segment reachable,0.32,http://stream.mcquack.net/378/index.m3u8
TV,iptv-org IL,Keshet 12 (1080p),OK,HLS playlist + segment reachable,0.32,http://stream.mcquack.net/294/index.m3u8
TV,iptv-org IL,Knesset Channel (576p),OK,HLS playlist + segment reachable,0.37,http://stream.mcquack.net/48/index.m3u8
TV,iptv-org IL,Luli (1080p),UNVERIFIED,no route from test server (geo-lock/IPv6/timeout) - test on the TV box,10.03,http://str2.iptvhd.ru:8080/HOT_Luli/index.m3u8
TV,iptv-org IL,Makan 33 (1080p),OK,HLS playlist + segment reachable,2.78,https://kancdn.medonecdn.net/livehls/oil/kancdn-live/live/makan/live.livx/playlist.m3u8
TV,iptv-org IL,Nick Jr. (Israel) (576p),UNVERIFIED,no route from test server (geo-lock/IPv6/timeout) - test on the TV box,10.02,http://str2.iptvhd.ru:8080/nickjr/index.m3u8
TV,iptv-org IL,Now 14 (1080p),OK,HLS playlist + segment reachable,1.77,https://r.il.cdn-redge.media/livehls/oil/ch14/live/ch14/live.livx/playlist.m3u8
TV,iptv-org IL,One 2 (1080p),UNVERIFIED,no route from test server (geo-lock/IPv6/timeout) - test on the TV box,10.02,http://str2.iptvhd.ru:8080/One/index.m3u8
TV,iptv-org IL,Reality Channel,OK,HLS playlist + segment reachable,0.51,https://d2dffl3588mvfk.cloudfront.net/out/v1/d8e15050ca4148aab0ee387a5e2eb46b/index_1.m3u8
TV,iptv-org IL,RTG int.,UNVERIFIED,no route from test server (geo-lock/IPv6/timeout) - test on the TV box,10.01,http://213.91.179.28:8000/play/a0bw
TV,iptv-org IL,Shelanu.TV (720p),OK,HLS playlist + segment reachable,0.58,https://1247634592.rsc.cdn77.org/1247634592/playlist.m3u8
TV,iptv-org IL,Sport 2 (Israel) (1080p),UNVERIFIED,no route from test server (geo-lock/IPv6/timeout) - test on the TV box,10.02,http://str2.iptvhd.ru:8080/Sport_2/index.m3u8
TV,iptv-org IL,TeenNick (Israel) (406p),UNVERIFIED,no route from test server (geo-lock/IPv6/timeout) - test on the TV box,10.01,http://89.33.29.115:8080/TeenNick/index.m3u8
TV,iptv-org IL,Vacation Channel,OK,HLS playlist + segment reachable,0.82,https://d1yd8hohnldm33.cloudfront.net/out/v1/19dee23c2cc24f689bd4e1288661ee0c/index_2.m3u8
TV,iptv-org IL,Viva Istanbul (1080p),UNVERIFIED,no route from test server (geo-lock/IPv6/timeout) - test on the TV box,10.01,http://str2.iptvhd.ru:8080/viva_plus/index.m3u8
TV,iptv-org IL,Viva Premium (1080p),OK,HLS playlist + segment reachable,0.32,http://stream.mcquack.net/43/index.m3u8
TV,iptv-org IL,Viva Telenovelas (1080p),UNVERIFIED,no route from test server (geo-lock/IPv6/timeout) - test on the TV box,10.01,http://str2.iptvhd.ru:8080/VIVA/index.m3u8
TV,iptv-org IL,Yam Tichoni (1080p),OK,HLS playlist + segment reachable,0.37,http://stream.mcquack.net/46/index.m3u8
TV,iptv-org IL,Yes Movies Action (1080p),OK,HLS playlist + segment reachable,0.36,http://stream.mcquack.net/380/index.m3u8
TV,iptv-org IL,Zoom (Israel) (576p),OK,HLS playlist + segment reachable,0.32,http://stream.mcquack.net/377/index.m3u8
TV,iptv-org Hebrew,BabyFirst (720p),OK,HLS playlist + segment reachable,0.52,https://cdn.fast.jwp.services/v1/channel/1_jB6940Ei_TvhvIHDL/manifest.m3u8
TV,iptv-org Hebrew,JimJam Europe (720p),UNVERIFIED,no route from test server (geo-lock/IPv6/timeout) - test on the TV box,10.01,http://212.5.144.156:8080/jimjam/index.m3u8
TV,iptv-org Hebrew,Ma'an TV (720p),UNVERIFIED,no route from test server (geo-lock/IPv6/timeout) - test on the TV box,6.17,https://htvmada.mada.ps:4443/maannews/index.m3u8
TV,iptv-org Russian,1HD Music Television (1080p),FAIL,HTTP 404,0.43,http://176.118.197.101/1HD/index.m3u8
TV,iptv-org Russian,2x2 (576i),OK,HLS playlist + segment reachable,0.84,https://bl.rutube.ru/livestream/392b4686b770bae2da6bf5ac4574add5/index.m3u8?e=2068731801&s=tenr-yHXUv1wibfka78s2A&scheme=https
TV,iptv-org Russian,3ABN Russia (720p),OK,HLS playlist + segment reachable,1.71,https://hls.tv.3angels.ru/stream.m3u8
TV,iptv-org Russian,5 minut tishiny (1080p),OK,application/vnd.apple.mpegurl,1.55,https://cdn-dvr.ntv.ru/5_minut_tishiny/index.m3u8
TV,iptv-org Russian,6 TV Gorlovka (720p) [Geo-blocked],UNVERIFIED,no route from test server (geo-lock/IPv6/timeout) - test on the TV box,10.01,http://91.214.48.158:4022/udp/224.2.2.4:10000
TV,iptv-org Russian,15+ Music (1080p),UNVERIFIED,no route from test server (geo-lock/IPv6/timeout) - test on the TV box,0.62,https://live.15plusmg.ru/memfs/ce3366b1-bf25-4e24-96bb-1adf0d44bd3d.m3u8
TV,iptv-org Russian,24KZ (576p),OK,HLS playlist + segment reachable,0.94,https://fs.uplink.kz/24KZ/mono.m3u8?token=onlinetv
TV,iptv-org Russian,86 (1080p) [Not 24/7],OK,HLS playlist + segment reachable,1.21,https://sitv.ru/hls/s86.m3u8
TV,iptv-org Russian,100% NEWS (576p),UNVERIFIED,no route from test server (geo-lock/IPv6/timeout) - test on the TV box,10.05,http://85.238.112.40:8810/hls_sec/239.33.16.32-.m3u8
TV,iptv-org Russian,312 Kino (406p),UNVERIFIED,no route from test server (geo-lock/IPv6/timeout) - test on the TV box,10.05,http://176.126.166.43:1935/live/312kino/playlist.m3u8
TV,iptv-org Russian,312 TV (406p),UNVERIFIED,no route from test server (geo-lock/IPv6/timeout) - test on the TV box,10.04,http://176.126.166.43:1935/live/312musik/playlist.m3u8
TV,iptv-org Russian,360° (1080p),OK,HLS playlist + segment reachable,1.22,https://cdn-evacoder-tv.facecast.io/evacoder_hls_hi/CkxfR1xNUAJwTgtXTBZTAJli/index.m3u8
TV,iptv-org Russian,360° News (1080p),OK,HLS playlist + segment reachable,1.23,https://live-vgtrksmotrim.cdnvideo.ru/vgtrksmotrim/smotrim-live-03-srt.smil/playlist.m3u8
TV,iptv-org Russian,365 days TV (576p),OK,HLS playlist + segment reachable,0.35,http://stream.mcquack.net/70/index.m3u8
TV,iptv-org Russian,555 (720p),UNVERIFIED,no route from test server (geo-lock/IPv6/timeout) - test on the TV box,10.2,http://trk555.tv:8888/live
TV,iptv-org Russian,+TV (576p) [Geo-blocked],UNVERIFIED,no route from test server (geo-lock/IPv6/timeout) - test on the TV box,10.63,https://stream.plustv.by/plustv-web/plustv/playlist.m3u8
TV,iptv-org Russian,.black (576p),OK,HLS playlist + segment reachable,0.34,http://stream.mcquack.net/263/index.m3u8
TV,iptv-org Russian,.red (576p),UNVERIFIED,no route from test server (geo-lock/IPv6/timeout) - test on the TV box,10.04,http://5.188.159.128:8070/RED/index.m3u8
TV,iptv-org Russian,.red HD (1080p),UNVERIFIED,no route from test server (geo-lock/IPv6/timeout) - test on the TV box,10.04,http://178.134.1.158:8081/red/index.m3u8
TV,iptv-org Russian,.sci-fi (576p),OK,HLS playlist + segment reachable,0.34,http://stream.mcquack.net/180/index.m3u8
TV,iptv-org Russian,A1 (576p),UNVERIFIED,no route from test server (geo-lock/IPv6/timeout) - test on the TV box,10.04,http://31.148.48.15/A1/index.m3u8
TV,iptv-org Russian,A2 (576p),UNVERIFIED,no route from test server (geo-lock/IPv6/timeout) - test on the TV box,10.04,http://str2.iptvhd.ru:8080/Amedia_2/index.m3u8
TV,iptv-org Russian,Abaza TV (1080p),OK,HLS playlist + segment reachable,1.59,https://public.apsny.camera/tv_abaza_tv_to_site/index.m3u8
TV,iptv-org Russian,Afontovo,FAIL,URLError: <urlopen error [SSL: CERTIFICATE_VERIFY_FAILED] certificate ,1.03,https://stream.afontovo.ru/hd.m3u8
TV,iptv-org Russian,AIST TV (1080p),OK,HLS playlist + segment reachable,0.57,http://live2-aisttv.cdnvideo.ru/aisttv2/aisttv.sdp/playlist.m3u8
TV,iptv-org Russian,Ala-Too 24 (480p) [Not 24/7],FAIL,HTTP 403,1.84,https://st2.mediabay.tv/KG_KTRK-Ala-too/playlist.m3u8
TV,iptv-org Russian,Almaty TV (576p),OK,HLS playlist + segment reachable,0.91,https://fs.uplink.kz/almaty/mono.m3u8?token=onlinetv
TV,iptv-org Russian,alpha Cinema (1080p),UNVERIFIED,no route from test server (geo-lock/IPv6/timeout) - test on the TV box,0.51,https://live.15plusmg.ru/memfs/b389173a-df4e-4171-8904-e249893e71eb.m3u8
TV,iptv-org Russian,Amedia Hit (1080p),OK,HLS playlist + segment reachable,0.33,http://stream.mcquack.net/162/index.m3u8
TV,iptv-org Russian,Amedia Premium (720p),UNVERIFIED,no route from test server (geo-lock/IPv6/timeout) - test on the TV box,10.02,http://31.148.48.15/Amedia_Premium_HD/index.m3u8
TV,iptv-org Russian,Angel TV Russian (720p),PARTIAL,unknown content-type application/x-mpegURL,1.23,https://janya-digimix.akamaized.net/vglive-sk-955415/russia/ngrp:angelrussia_all/playlist.m3u8
TV,iptv-org Russian,Ani (576p),OK,HLS playlist + segment reachable,0.4,http://46.32.176.50/anitv/index.m3u8
TV,iptv-org Russian,Apsua TV,OK,HLS playlist + segment reachable,0.99,https://gcmx3v3owcj.a.trbcdn.net/livemaster/ba7pu_fgej0zelpw.smil/playlist.m3u8?blstid=null
TV,iptv-org Russian,Aqlvoy,OK,application/vnd.apple.mpegurl,2.44,https://stream8.cinerama.uz/1205/tracks-v1a1/mono.m3u8
TV,iptv-org Russian,Aris 24 (720p) [Not 24/7],UNVERIFIED,no route from test server (geo-lock/IPv6/timeout) - test on the TV box,10.17,http://serv25.vintera.tv:8081/test/aris/playlist.m3u8
TV,iptv-org Russian,Arkhyz 24 (1080p),OK,HLS playlist + segment reachable,1.18,https://live.mediacdn.ru/sr1/arhis24/playlist.m3u8
TV,iptv-org Russian,Arktika 24 (1080p),UNVERIFIED,no route from test server (geo-lock/IPv6/timeout) - test on the TV box,0.46,https://vgtrkregion-reg.cdnvideo.ru/vgtrk/arhangelsk/arktika24-hd/index.m3u8
TV,iptv-org Russian,Armenia TV Satellite (576p),OK,HLS playlist + segment reachable,0.33,http://stream.mcquack.net/175/index.m3u8
TV,iptv-org Russian,Arsenal (576p),OK,HLS playlist + segment reachable,1.18,https://stream8.cinerama.uz/1414/tracks-v1a1/mono.m3u8
TV,iptv-org Russian,ART (Russia) (576p),UNVERIFIED,no route from test server (geo-lock/IPv6/timeout) - test on the TV box,10.02,http://89.104.114.24:8080/art/index.m3u8
TV,iptv-org Russian,ARTN TV (1080p) [Not 24/7],FAIL,HTTP 403,0.75,https://streamer1.connectto.com/ARTN_mobile/index.m3u8
TV,iptv-org Russian,Astrahan 24 (720p),OK,HLS playlist + segment reachable,0.96,https://streaming.astrakhan.ru/astrakhan24/playlist.m3u8
TV,iptv-org Russian,Astrahan.Ru Sport (720p),OK,HLS playlist + segment reachable,0.95,https://streaming.astrakhan.ru/astrakhanrusporthd/playlist.m3u8
TV,iptv-org Russian,Astrahan.Ru TV (480p),OK,HLS playlist + segment reachable,0.68,https://streaming.astrakhan.ru/astrakhanrulivehd/playlist.m3u8
TV,iptv-org Russian,Atameken Business (576p),OK,HLS playlist + segment reachable,0.85,https://fs.uplink.kz/atameken/mono.m3u8?token=onlinetv
TV,iptv-org Russian,ATR (1080p),OK,HLS playlist + segment reachable,0.32,http://stream.mcquack.net/244/index.m3u8
TV,iptv-org Russian,Auto Plus (576p),UNVERIFIED,no route from test server (geo-lock/IPv6/timeout) - test on the TV box,10.01,http://str2.iptvhd.ru:8080/Avto_Plyus/index.m3u8
TV,iptv-org Russian,Avto24 (576p),OK,HLS playlist + segment reachable,0.33,http://stream.mcquack.net/78/index.m3u8
TV,iptv-org Russian,Baby Time (576p),UNVERIFIED,no route from test server (geo-lock/IPv6/timeout) - test on the TV box,10.01,http://178.134.1.158:8081/babytime/index.m3u8
TV,iptv-org Russian,Balabol (1080p),OK,application/vnd.apple.mpegurl,0.95,https://cdn-dvr.ntv.ru/Balabol/index.m3u8
TV,iptv-org Russian,Balti TV (1080p) [Geo-blocked],UNVERIFIED,no route from test server (geo-lock/IPv6/timeout) - test on the TV box,10.01,http://77.89.199.174:8000/play/1024/index.m3u8
TV,iptv-org Russian,Bashkortostan 24 (1080p),UNVERIFIED,no route from test server (geo-lock/IPv6/timeout) - test on the TV box,0.36,https://vgtrkregion-reg.cdnvideo.ru/vgtrk/ufa/bashkortostan24-hd/index.m3u8
TV,iptv-org Russian,Belarus-1 (1080p),OK,HLS playlist + segment reachable,1.01,https://ngtrk.dc.beltelecom.by/ngtrk/_definst_/smil:belarus1.smil/playlist.m3u8
TV,iptv-org Russian,Belarus-1 HD (1080p),OK,HLS playlist + segment reachable,0.98,https://ngtrk.dc.beltelecom.by/ngtrk/smil:belarus1.smil/playlist.m3u8
TV,iptv-org Russian,Belarus-2 HD (1080p),OK,HLS playlist + segment reachable,0.94,https://ngtrk.dc.beltelecom.by/ngtrk/smil:belarus2.smil/playlist.m3u8
TV,iptv-org Russian,Belarus-3 HD (1080p) [Not 24/7],FAIL,RemoteDisconnected: Remote end closed connection without response,0.84,https://ngtrk.dc.beltelecom.by/ngtrk/smil:belarus3.smil/playlist.m3u8
TV,iptv-org Russian,Belarus-4 Gomel,FAIL,HTTP 404,1.06,https://live.dc.beltelecom.by/trkgomel/trkgomel.stream/playlist.m3u8
TV,iptv-org Russian,Belarus-4 Vitebsk (1080p),OK,HLS playlist + segment reachable,0.77,https://ngtrk.dc.beltelecom.by/vtv/bt4.stream/playlist.m3u8
TV,iptv-org Russian,Belarus-5 (1080p) [Not 24/7],OK,HLS playlist + segment reachable,0.73,https://ngtrk.dc.beltelecom.by/ngtrk/smil:belarus5.smil/playlist.m3u8
TV,iptv-org Russian,Belarus-5 HD (1080p),UNVERIFIED,no route from test server (geo-lock/IPv6/timeout) - test on the TV box,10.01,http://178.124.179.122:8080/BT5/index.m3u8
TV,iptv-org Russian,Belarus-5 Internet (1080p) [Not 24/7],PARTIAL,"playlist OK, segment failed: HTTP Error 504: Gateway Time-out",1.27,https://edge59.dc.beltelecom.by/ngtrk/smil:belarus5int.smil/playlist.m3u8
TV,iptv-org Russian,Belarus-24 (576p),UNVERIFIED,no route from test server (geo-lock/IPv6/timeout) - test on the TV box,10.2,http://ott-7.sevstar.net/belarus24/index.m3u8
TV,iptv-org Russian,Belarus-24 HD (1080p),OK,HLS playlist + segment reachable,0.9,https://ngtrk.dc.beltelecom.by/ngtrk/smil:belarus24.smil/playlist.m3u8
TV,iptv-org Russian,Belgorod 24 (1080p),UNVERIFIED,no route from test server (geo-lock/IPv6/timeout) - test on the TV box,6.05,https://belnovosti.cdn.easyhoster.ru:8443/stream.m3u8
TV,iptv-org Russian,Big Asia (720p),OK,HLS playlist + segment reachable,0.95,http://live-bigasia.cdnvideo.ru/bigasia/bigasia.smil/playlist.m3u8
TV,iptv-org Russian,Big Planet (576p),OK,HLS playlist + segment reachable,0.62,https://fs.uplink.kz/big_planet/mono.m3u8?token=onlinetv
TV,iptv-org Russian,Bilim Ilim (480p) [Not 24/7],FAIL,URLError: <urlopen error [Errno -2] Name or service not known>,0.15,http://gohoski.fvds.ru:3000/mediabay/611/index.m3u8
TV,iptv-org Russian,Black Sea TV,FAIL,HTTP 404,1.04,https://ext.cdn.nashnet.tv/228.0.0.136/index.m3u8
TV,iptv-org Russian,Blokbaster HD (1080p),OK,application/vnd.apple.mpegurl,0.32,http://stream.mcquack.net/364/index.m3u8
TV,iptv-org Russian,Bober (576p),OK,HLS playlist + segment reachable,0.61,https://fs.uplink.kz/bober/mono.m3u8?token=onlinetv
TV,iptv-org Russian,Boks TV (720p),UNVERIFIED,no route from test server (geo-lock/IPv6/timeout) - test on the TV box,10.01,http://31.148.48.15/Boks_TV/index.m3u8
TV,iptv-org Russian,Bollywood (576p),UNVERIFIED,no route from test server (geo-lock/IPv6/timeout) - test on the TV box,10.01,http://str2.iptvhd.ru:8080/bollywood/index.m3u8
TV,iptv-org Russian,Bollywood HD (1080p),UNVERIFIED,no route from test server (geo-lock/IPv6/timeout) - test on the TV box,10.02,http://str2.iptvhd.ru:8080/Bollywood_HD/index.m3u8
TV,iptv-org Russian,Bollywood HD Russia (576p),OK,HLS playlist + segment reachable,0.21,https://xykt-fix.github.io/cinerama_edge01/hls/BOLLYWOOD_RU/Movie009.m3u8
TV,iptv-org Russian,Bolt (Russia) (576p),UNVERIFIED,no route from test server (geo-lock/IPv6/timeout) - test on the TV box,20.03,http://hls127.freeott.top:8080/Bolt/video.m3u8
TV,iptv-org Russian,BRIDGE (576p),OK,HLS playlist + segment reachable,0.31,http://stream.mcquack.net/318/index.m3u8
TV,iptv-org Russian,BRIDGE Classic (576p),OK,HLS playlist + segment reachable,0.17,http://stream.mcquack.net/272/index.m3u8
TV,iptv-org Russian,BRIDGE Deluxe (1080p),UNVERIFIED,no route from test server (geo-lock/IPv6/timeout) - test on the TV box,10.01,http://31.148.48.15/Bridge_TV_HD/index.m3u8
TV,iptv-org Russian,BRIDGE Deluxe HD (576p),OK,HLS playlist + segment reachable,0.19,http://stream.mcquack.net/92/index.m3u8
TV,iptv-org Russian,BRIDGE Fresh (1080p),UNVERIFIED,no route from test server (geo-lock/IPv6/timeout) - test on the TV box,10.02,http://str2.iptvhd.ru:8080/Bridge_TV_HD/index.m3u8
TV,iptv-org Russian,BRIDGE Hits (576p),OK,HLS playlist + segment reachable,0.32,http://stream.mcquack.net/320/index.m3u8
TV,iptv-org Russian,BRIDGE Rock (576p),UNVERIFIED,no route from test server (geo-lock/IPv6/timeout) - test on the TV box,10.01,http://178.134.1.158:8081/BRIDGEROCK/index.m3u8
TV,iptv-org Russian,BST (576p),OK,HLS playlist + segment reachable,0.9,https://bsttv.bonus-tv.ru/cdn/bst/playlist.m3u8
TV,iptv-org Russian,Carousel (1080p),UNVERIFIED,no route from test server (geo-lock/IPv6/timeout) - test on the TV box,10.01,http://31.148.48.15/Karusel_HD/index.m3u8
TV,iptv-org Russian,Carousel +4 (720p),OK,HLS playlist + segment reachable,0.31,http://185.37.150.46/Karusel/index.m3u8
TV,iptv-org Russian,Carousel International (576p),OK,HLS playlist + segment reachable,0.93,https://fs.uplink.kz/karusel/mono.m3u8?token=onlinetv
TV,iptv-org Russian,CGTN Russian (1080p),UNVERIFIED,no route from test server (geo-lock/IPv6/timeout) - test on the TV box,10.54,https://russian-livews.cgtn.com/hls/LSvexABhNipibK5KRuUkvHZ7220802LSTeze9o8tdFXMHsb1VosgoT220802cd/playlist.m3u8
TV,iptv-org Russian,Channel 5 (Russia) (576p),UNVERIFIED,no route from test server (geo-lock/IPv6/timeout) - test on the TV box,10.02,http://str2.iptvhd.ru:8080/5_kanal/index.m3u8
TV,iptv-org Russian,Channel 5 International (576p),UNVERIFIED,no route from test server (geo-lock/IPv6/timeout) - test on the TV box,10.01,http://178.134.1.158:8081/5channel/index.m3u8
TV,iptv-org Russian,Channel 7 (Kazakhstan) (576p),OK,HLS playlist + segment reachable,0.17,http://stream.mcquack.net/27/index.m3u8
TV,iptv-org Russian,Channel 8 (Russia) (576p),UNVERIFIED,no route from test server (geo-lock/IPv6/timeout) - test on the TV box,10.01,http://45.11.139.43:8555/8kanal/index.m3u8
TV,iptv-org Russian,Channel 8 International (576p) [Geo-blocked],OK,HLS playlist + segment reachable,0.93,http://live-11cinema.cdnvideo.net/11cinemanet/11cinemanet/playlist.m3u8
TV,iptv-org Russian,Channel 8 Krasnoyarsk HD (1080p),OK,HLS playlist + segment reachable,1.45,https://tshift-1.telecoma.tv/8channel/tracks-v1a1/mono.ts.m3u8
TV,iptv-org Russian,Channel 8 Novosibirsk (480i),OK,HLS playlist + segment reachable,0.77,https://live-8knsk.cdnvideo.ru/8knsk/stream1/playlist.m3u8
TV,iptv-org Russian,Channel 10 (Russia) (576i),OK,HLS playlist + segment reachable,0.54,https://bl.rutube.ru/livestream/c9e26bf5c003fd8d477200065ca1a05f/index.m3u8?e=2072611029&s=eqlTXebDP9wSWTZgre6BwQ&scheme=https
TV,iptv-org Russian,Channel 12 (1080p),OK,HLS playlist + segment reachable,1.43,https://12channel.bonus-tv.ru/cdn/12channel/playlist.m3u8
TV,iptv-org Russian,Channel One (Russia) (1080p),UNVERIFIED,no route from test server (geo-lock/IPv6/timeout) - test on the TV box,10.01,http://31.148.48.15/Pervii_kanal_HD/index.m3u8
TV,iptv-org Russian,Channel One (Russia) HD (720p),OK,application/octet-stream,0.79,https://edge1.1internet.tv/dash-live2/streams/1tv-dvr/1tvdash.mpd
TV,iptv-org Russian,Channel One CIS (576p),OK,HLS playlist + segment reachable,0.61,https://fs.uplink.kz/perviy_kanal_sng/mono.m3u8?token=onlinetv
TV,iptv-org Russian,Channel One Eurasia (576p),OK,HLS playlist + segment reachable,0.61,https://fs.uplink.kz/perviy_kanal_evrasia/mono.m3u8?token=onlinetv
TV,iptv-org Russian,Channel-16 (406p) [Not 24/7],UNVERIFIED,no route from test server (geo-lock/IPv6/timeout) - test on the TV box,10.17,http://serv25.vintera.tv:8081/test/k16/playlist.m3u8
TV,iptv-org Russian,Che! (576p),OK,HLS playlist + segment reachable,0.32,http://flussonic.linkintel.ru/che/index.m3u8
TV,iptv-org Russian,Cinema (Russia) (576p),OK,HLS playlist + segment reachable,0.32,http://flussonic.linkintel.ru/cinema/index.m3u8
TV,iptv-org Russian,City Eden AutoGid [Not 24/7],OK,HLS playlist + segment reachable,0.72,https://cityeden.catcast.tv/content/47515/index.m3u8
TV,iptv-org Russian,City Eden Birma Play [Not 24/7],OK,HLS playlist + segment reachable,0.85,https://cityeden.catcast.tv/content/34364/index.m3u8
TV,iptv-org Russian,City Eden Classic Music [Not 24/7],OK,HLS playlist + segment reachable,0.82,https://cityeden.catcast.tv/content/47400/index.m3u8
TV,iptv-org Russian,City Eden KinoAction [Not 24/7],OK,HLS playlist + segment reachable,0.72,https://cityeden.catcast.tv/content/41333/index.m3u8
TV,iptv-org Russian,City Eden KinoArt [Not 24/7],OK,HLS playlist + segment reachable,0.77,https://cityeden.catcast.tv/content/38398/index.m3u8
TV,iptv-org Russian,City Eden KinoAsia [Not 24/7],OK,HLS playlist + segment reachable,0.75,https://cityeden.catcast.tv/content/34393/index.m3u8
TV,iptv-org Russian,City Eden KinoDetektiv [Not 24/7],OK,HLS playlist + segment reachable,0.75,https://cityeden.catcast.tv/content/41327/index.m3u8
TV,iptv-org Russian,City Eden KinoDok [Not 24/7],OK,HLS playlist + segment reachable,0.75,https://cityeden.catcast.tv/content/38354/index.m3u8
TV,iptv-org Russian,City Eden KinoDrama [Not 24/7],OK,HLS playlist + segment reachable,0.71,https://cityeden.catcast.tv/content/45269/index.m3u8
TV,iptv-org Russian,City Eden KinoFantastika [Not 24/7],OK,HLS playlist + segment reachable,0.76,https://cityeden.catcast.tv/content/45268/index.m3u8
TV,iptv-org Russian,City Eden KinoKlassika [Not 24/7],OK,HLS playlist + segment reachable,0.78,https://cityeden.catcast.tv/content/34185/index.m3u8
TV,iptv-org Russian,City Eden KinoKomediya [Not 24/7],OK,HLS playlist + segment reachable,0.71,https://cityeden.catcast.tv/content/41331/index.m3u8
TV,iptv-org Russian,City Eden KinoMistika [Not 24/7],OK,HLS playlist + segment reachable,0.73,https://cityeden.catcast.tv/content/40783/index.m3u8
TV,iptv-org Russian,City Eden KinoSemya [Not 24/7],FAIL,HTTP 503,0.58,https://v2.catcast.tv/content/38128/index.m3u8
TV,iptv-org Russian,City Eden MedZdrav [Not 24/7],OK,HLS playlist + segment reachable,0.7,https://cityeden.catcast.tv/content/47519/index.m3u8
TV,iptv-org Russian,City Eden Play [Not 24/7],OK,HLS playlist + segment reachable,0.78,https://cityeden.catcast.tv/content/34100/index.m3u8
TV,iptv-org Russian,City Eden Recepty Gurmana [Not 24/7],OK,HLS playlist + segment reachable,0.74,https://cityeden.catcast.tv/content/47516/index.m3u8
TV,iptv-org Russian,City Eden Sirtaki TV [Not 24/7],OK,HLS playlist + segment reachable,0.85,https://cityeden.catcast.tv/content/46421/index.m3u8
TV,iptv-org Russian,City Eden TeleNovella [Not 24/7],OK,HLS playlist + segment reachable,0.67,https://cityeden.catcast.tv/content/46209/index.m3u8
TV,iptv-org Russian,City Eden TV [Not 24/7],OK,HLS playlist + segment reachable,0.91,https://cityeden.catcast.tv/content/34246/index.m3u8
TV,iptv-org Russian,Classic Music (1080p),OK,HLS playlist + segment reachable,0.17,http://stream.mcquack.net/312/index.m3u8
TV,iptv-org Russian,Crimea 24,UNVERIFIED,no route from test server (geo-lock/IPv6/timeout) - test on the TV box,10.31,https://cdn.1tvcrimea.ru/24tvcrimea.m3u8
TV,iptv-org Russian,Current Time TV (1080p),OK,HLS playlist + segment reachable,1.0,https://rfe-ingest.akamaized.net/hls/live/2033043/tvmc05/master.m3u8
TV,iptv-org Russian,Da Vinci (576p),UNVERIFIED,no route from test server (geo-lock/IPv6/timeout) - test on the TV box,20.04,http://hls127.freeott.top:8080/Da_Vinci_Learning/video.m3u8
TV,iptv-org Russian,Dacha (1080p),OK,HLS playlist + segment reachable,0.55,https://dash2.antik.sk/live/test_dacha_tv_atktv/playlist.m3u8
TV,iptv-org Russian,Dagestan (1080p),OK,HLS playlist + segment reachable,1.39,https://dagestan.mediacdn.ru/cdn/dagestan/playlist.m3u8
TV,iptv-org Russian,DanceHits80,UNVERIFIED,no route from test server (geo-lock/IPv6/timeout) - test on the TV box,10.31,http://dancehits80.denvs.ru:8080/index.m3u8
TV,iptv-org Russian,Dasturxon TV (576p),OK,HLS playlist + segment reachable,0.63,https://stream8.cinerama.uz/1206/tracks-v1a1/playlist.m3u8
TV,iptv-org Russian,Detski mir (576p),UNVERIFIED,no route from test server (geo-lock/IPv6/timeout) - test on the TV box,10.01,http://str2.iptvhd.ru:8080/Teleklub/index.m3u8
TV,iptv-org Russian,Detskiy (576p),OK,HLS playlist + segment reachable,0.63,https://stream8.cinerama.uz/1033/tracks-v1a1/mono.m3u8
TV,iptv-org Russian,Detskoe kino [Not 24/7],FAIL,HTTP 503,1.17,https://autopilot.catcast.tv/content/38720/index.m3u8
TV,iptv-org Russian,Detvora+ (1080p),UNVERIFIED,no route from test server (geo-lock/IPv6/timeout) - test on the TV box,0.4,https://cdn.rostelekom-tv.xyz/live/WAYU4PTJ_VVz4wAQ.m3u8
TV,iptv-org Russian,Dikaya okhota HD (1080p),OK,HLS playlist + segment reachable,0.32,http://stream.mcquack.net/274/index.m3u8
TV,iptv-org Russian,Dikaya rybalka HD (1080p),OK,HLS playlist + segment reachable,0.32,http://stream.mcquack.net/275/index.m3u8
TV,iptv-org Russian,Dikij (576p),UNVERIFIED,no route from test server (geo-lock/IPv6/timeout) - test on the TV box,20.03,http://hls127.freeott.top:8080/Dikiy/video.m3u8
TV,iptv-org Russian,Doctor (1080p),FAIL,HTTP 503,7.89,http://31.148.48.15/Doktor/index.m3u8
TV,iptv-org Russian,DocuBox Russia (1080p),UNVERIFIED,no route from test server (geo-lock/IPv6/timeout) - test on the TV box,10.01,http://str2.iptvhd.ru:8080/DocuBoxHD/index.m3u8
TV,iptv-org Russian,Dom kino (576p),OK,HLS playlist + segment reachable,0.17,http://stream.mcquack.net/236/index.m3u8
TV,iptv-org Russian,Dom kino International (576p),OK,HLS playlist + segment reachable,0.61,https://fs.uplink.kz/dom_kino/mono.m3u8?token=onlinetv
TV,iptv-org Russian,Dom kino Premium (1080p),UNVERIFIED,no route from test server (geo-lock/IPv6/timeout) - test on the TV box,10.01,http://31.148.48.15/Dom_Kino_Premium_HD/index.m3u8
TV,iptv-org Russian,Dom kino Premium HD (1080p),OK,HLS playlist + segment reachable,0.16,http://stream.mcquack.net/108/index.m3u8
TV,iptv-org Russian,Domashnie Zhivotnye (576p),OK,HLS playlist + segment reachable,0.65,https://stream8.cinerama.uz/1426/tracks-v1a1/mono.m3u8
TV,iptv-org Russian,Domashniy (576p),OK,HLS playlist + segment reachable,0.28,http://stream.mcquack.net/227/index.m3u8
TV,iptv-org Russian,Don 24 (1080p),FAIL,HTTP 403,1.3,https://donmedia.bonus-tv.ru/cdn/donmedia/playlist.m3u8
TV,iptv-org Russian,Dorama (576p),PARTIAL,"playlist OK, segment failed: HTTP Error 404: Not Found",0.71,https://fs.uplink.kz/dorama/mono.m3u8?token=onlinetv
TV,iptv-org Russian,Dorama HD (1080p),OK,HLS playlist + segment reachable,0.32,http://stream.mcquack.net/412/index.m3u8
TV,iptv-org Russian,Drive (576i),OK,application/vnd.apple.mpegurl,1.97,https://stream8.cinerama.uz/1421/tracks-v1a1/mono.m3u8
TV,iptv-org Russian,Duma TV (720p),UNVERIFIED,no route from test server (geo-lock/IPv6/timeout) - test on the TV box,10.01,http://185.23.80.23:8080/DumaTV/index.m3u8
TV,iptv-org Russian,Dushevnoe HD (1080p),OK,HLS playlist + segment reachable,0.32,http://stream.mcquack.net/213/index.m3u8
TV,iptv-org Russian,DW Russian (1080p),OK,HLS playlist + segment reachable,0.59,https://dwamdstream110.akamaized.net/hls/live/2017971/dwstream110/master.m3u8
TV,iptv-org Russian,ElTR (480p) [Not 24/7],FAIL,URLError: <urlopen error [Errno -2] Name or service not known>,0.0,http://gohoski.fvds.ru:3000/mediabay/162/index.m3u8
TV,iptv-org Russian,Enisey (576p),OK,HLS playlist + segment reachable,1.01,http://tshift-1.telecoma.tv/enisei/index.m3u8
TV,iptv-org Russian,ETV+ (720p),OK,HLS playlist + segment reachable,1.2,https://sb.err.ee/live/etvpluss.m3u8
TV,iptv-org Russian,Eurasia (720p),OK,HLS playlist + segment reachable,0.95,https://infochh.trkeurasia.ru/hlsinfoch/infochhd.m3u8
TV,iptv-org Russian,Euronews Russian (1080p),UNVERIFIED,no route from test server (geo-lock/IPv6/timeout) - test on the TV box,10.02,http://str2.iptvhd.ru:8080/Euronews/index.m3u8
TV,iptv-org Russian,Europa Plus TV (1080p),UNVERIFIED,no route from test server (geo-lock/IPv6/timeout) - test on the TV box,10.01,http://31.148.48.15/Europa_Plus_HD/index.m3u8
TV,iptv-org Russian,Evrokino (576p),OK,HLS playlist + segment reachable,0.61,https://fs.uplink.kz/eurokino/mono.m3u8?token=onlinetv
TV,iptv-org Russian,Evrokino HD (1080p),OK,HLS playlist + segment reachable,0.17,http://stream.mcquack.net/385/index.m3u8
TV,iptv-org Russian,Exclusiv TV,FAIL,URLError: <urlopen error unknown url type: rtmp>,0.0,rtmp://89.28.25.122/live/tnt_md
TV,iptv-org Russian,Extreme Sports Channel (576p),OK,HLS playlist + segment reachable,0.39,http://46.32.176.50/extremesport/index.m3u8
TV,iptv-org Russian,Extreme Sports Channel HD (1080p),UNVERIFIED,no route from test server (geo-lock/IPv6/timeout) - test on the TV box,10.01,http://str2.iptvhd.ru:8080/Extreme_Sports/index.m3u8
TV,iptv-org Russian,FAN (1080p),FAIL,HTTP 503,5.01,http://31.148.48.15/Fan/index.m3u8
TV,iptv-org Russian,Fast&FunBox (Russia) HD (1080p),UNVERIFIED,no route from test server (geo-lock/IPv6/timeout) - test on the TV box,10.0,http://str2.iptvhd.ru:8080/FastFunBoxHD/index.m3u8
TV,iptv-org Russian,Fauna (576p),OK,HLS playlist + segment reachable,0.32,http://stream.mcquack.net/401/index.m3u8
TV,iptv-org Russian,Feniks plus Kino (576p),FAIL,HTTP 503,9.75,http://31.148.48.15/Feniks_plus_kino/index.m3u8
TV,iptv-org Russian,FILMBOX+ One Ukraine & Baltics (450p) [Geo-blocked],FAIL,HTTP 403,0.78,https://s70378.cdn.ngenix.net/filmbox/index.m3u8
TV,iptv-org Russian,FilmUADrama (1080p),OK,HLS playlist + segment reachable,0.49,http://88.99.215.227/FilmUADrama/index.m3u8
TV,iptv-org Russian,First Music Channel (1080p),UNVERIFIED,no route from test server (geo-lock/IPv6/timeout) - test on the TV box,40.19,http://rtmp.one.by:1300
TV,iptv-org Russian,First Music Channel Russia (1080p),UNVERIFIED,no route from test server (geo-lock/IPv6/timeout) - test on the TV box,20.03,http://hls127.freeott.top:8080/1muz_HD/video.m3u8
TV,iptv-org Russian,FON Music (576p),OK,HLS playlist + segment reachable,0.63,https://stream8.cinerama.uz/1272/tracks-v1a1/mono.m3u8
TV,iptv-org Russian,FoodTime (1080p),UNVERIFIED,no route from test server (geo-lock/IPv6/timeout) - test on the TV box,10.01,http://str2.iptvhd.ru:8080/Eda/index.m3u8
TV,iptv-org Russian,Football (720p),FAIL,HTTP 503,5.01,http://31.148.48.15/Futbol_HD/index.m3u8
TV,iptv-org Russian,Fox (Russia) (576p),OK,HLS playlist + segment reachable,0.17,http://stream.mcquack.net/182/index.m3u8
TV,iptv-org Russian,Fox Life (576p),OK,HLS playlist + segment reachable,0.16,http://stream.mcquack.net/129/index.m3u8
TV,iptv-org Russian,FREEDOM (1080p),OK,HLS playlist + segment reachable,0.76,https://dash4.antik.sk/live/test_uatv/playlist.m3u8
TV,iptv-org Russian,Friday! (576p),OK,application/vnd.apple.mpegurl,0.31,http://stream.mcquack.net/181/index.m3u8
TV,iptv-org Russian,Friday! International Kazakhstan (576p),OK,HLS playlist + segment reachable,0.6,https://fs.uplink.kz/bolshaya_pyatnica/mono.m3u8?token=onlinetv
TV,iptv-org Russian,FX (Russia) (1080p),UNVERIFIED,no route from test server (geo-lock/IPv6/timeout) - test on the TV box,10.01,http://str2.iptvhd.ru:8080/FOX_HD/index.m3u8
TV,iptv-org Russian,FX Life (576p),UNVERIFIED,no route from test server (geo-lock/IPv6/timeout) - test on the TV box,10.01,http://str2.iptvhd.ru:8080/Fox_Life_HD/index.m3u8
TV,iptv-org Russian,Gagsnetwork (576p),UNVERIFIED,no route from test server (geo-lock/IPv6/timeout) - test on the TV box,20.03,http://hls127.freeott.top:8080/Gagsnetwork/video.m3u8
TV,iptv-org Russian,Glazami Turista (1080p),UNVERIFIED,no route from test server (geo-lock/IPv6/timeout) - test on the TV box,10.01,http://str2.iptvhd.ru:8080/Glazami_turista_HD/index.m3u8
TV,iptv-org Russian,Govorit Moskva (720p),OK,HLS playlist + segment reachable,0.81,https://video.govoritmoskva.ru/rufm/index.m3u8
TV,iptv-org Russian,Gribu visu zinat (576p),UNVERIFIED,no route from test server (geo-lock/IPv6/timeout) - test on the TV box,1.06,https://void.greenhosting.ru/HochuVjeZnat_Mpeg4/index.m3u8
TV,iptv-org Russian,Groznyj,OK,HLS playlist + segment reachable,2.06,https://balancer.facecast.io/evacoder_hls_hi/UUMLQVAYVlZyH14GRENQVV0G/2/720-3.m3u8
TV,iptv-org Russian,Gubernia Samara (576p),OK,HLS playlist + segment reachable,0.96,http://live.guberniatv.cdnvideo.ru/guberniatv/guberniatv.sdp/playlist.m3u8
TV,iptv-org Russian,Gulli Girl (720p),OK,HLS playlist + segment reachable,0.82,https://stream8.cinerama.uz/1445/tracks-v1a1/mono.m3u8
TV,iptv-org Russian,History 2 (1080p),UNVERIFIED,no route from test server (geo-lock/IPv6/timeout) - test on the TV box,10.01,http://str2.iptvhd.ru:8080/H2_HD/index.m3u8
TV,iptv-org Russian,Hit HD (1080p),UNVERIFIED,no route from test server (geo-lock/IPv6/timeout) - test on the TV box,20.03,http://hls127.freeott.top:8080/XitHD/video.m3u8
TV,iptv-org Russian,Hit FM,OK,HLS playlist + segment reachable,0.46,https://hitfm.nfthost.net/hls/hitfm/live_all/playlist.m3u8
TV,iptv-org Russian,Hollywood (1080p),UNVERIFIED,no route from test server (geo-lock/IPv6/timeout) - test on the TV box,10.01,http://31.148.48.15/MGM_HD/index.m3u8
TV,iptv-org Russian,Hope Channel Russia (720p),OK,HLS playlist + segment reachable,1.08,https://live-tvhope.cdnvideo.ru/tvhope-pull/tvhope_1/playlist.m3u8
TV,iptv-org Russian,Horoshee Kino (720p),OK,HLS playlist + segment reachable,1.05,https://live-rian.cdnvideo.ru/rian/rus-radio/playlist.m3u8
TV,iptv-org Russian,Huzur TV (1080p) [Not 24/7],OK,HLS playlist + segment reachable,1.0,https://hls-mycdn08724960135.cdnvideo.ru/mycdn08724960135/stream1/playlist.m3u8
TV,iptv-org Russian,Illusion+ (576p),FAIL,HTTP 404,0.42,http://176.118.197.101/Illuzion+/index.m3u8
TV,iptv-org Russian,India (576p),OK,HLS playlist + segment reachable,0.6,https://fs.uplink.kz/india/mono.m3u8?token=onlinetv
TV,iptv-org Russian,Indiyskoye Kino (576p),OK,HLS playlist + segment reachable,0.53,http://188.113.190.12/329/index.m3u8
TV,iptv-org Russian,Ingushetia (1080p),OK,HLS playlist + segment reachable,1.13,https://ingushetia.mediacdn.ru/cdn/ingushetia/playlist.m3u8
TV,iptv-org Russian,Istoki (1080p),OK,HLS playlist + segment reachable,0.93,https://istoki.tv/live/stream1/playlist.m3u8
TV,iptv-org Russian,Istoriya (576p),UNVERIFIED,no route from test server (geo-lock/IPv6/timeout) - test on the TV box,20.03,http://hls127.freeott.top:8080/Istoriya/video.m3u8
TV,iptv-org Russian,Izvestia (1080p),OK,HLS playlist + segment reachable,0.79,http://igi-hls.cdnvideo.ru/igi/igi_tcode/playlist.m3u8
TV,iptv-org Russian,Jibek Joly (576p),OK,HLS playlist + segment reachable,0.6,https://fs.uplink.kz/jibek_joly/mono.m3u8?token=onlinetv
TV,iptv-org Russian,Jibek Joly HD (1080p),OK,HLS playlist + segment reachable,0.72,https://stream.qazcdn.net/ex6r514/jjtv/playlist.m3u8
TV,iptv-org Russian,Kamedi HD (1080p),UNVERIFIED,no route from test server (geo-lock/IPv6/timeout) - test on the TV box,10.01,http://str2.iptvhd.ru:8080/Kinopokaz_HD2/index.m3u8
TV,iptv-org Russian,Kapitan Fantastika (1080p),OK,HLS playlist + segment reachable,0.17,http://stream.mcquack.net/144/index.m3u8
TV,iptv-org Russian,Kapitan Fantastika HD (1080p),UNVERIFIED,no route from test server (geo-lock/IPv6/timeout) - test on the TV box,10.01,http://str2.iptvhd.ru:8080/Ginger_HD/index.m3u8
TV,iptv-org Russian,Kavkaz 24 (576p),UNVERIFIED,no route from test server (geo-lock/IPv6/timeout) - test on the TV box,0.18,https://vgtrkregion-reg.cdnvideo.ru/vgtrk/stavropol/kavkaz24-hd/index.m3u8
TV,iptv-org Russian,Kentron TV (1080p),OK,HLS playlist + segment reachable,0.32,http://stream.mcquack.net/39/index.m3u8
TV,iptv-org Russian,Khabar (576p),OK,HLS playlist + segment reachable,0.61,https://fs.uplink.kz/habar/mono.m3u8?token=onlinetv
TV,iptv-org Russian,KHL (720p),UNVERIFIED,no route from test server (geo-lock/IPv6/timeout) - test on the TV box,10.01,http://31.148.48.15/KHL_TV/index.m3u8
TV,iptv-org Russian,KHL Prime (1080p),UNVERIFIED,no route from test server (geo-lock/IPv6/timeout) - test on the TV box,10.01,http://str2.iptvhd.ru:8080/KHL_TV_HD/index.m3u8
TV,iptv-org Russian,KidZone Max (1080p) [Geo-blocked],FAIL,HTTP 403,1.22,https://v4-pan-n79-cdn-01.live.cdn.cgates.lt/live/dash/560706/index.mpd
TV,iptv-org Russian,Kineko (1080p),UNVERIFIED,no route from test server (geo-lock/IPv6/timeout) - test on the TV box,10.01,http://31.148.48.15/Kineko_HD/index.m3u8
TV,iptv-org Russian,Kino 1 (Russia) [Not 24/7],OK,HLS playlist + segment reachable,0.33,http://kino-1.catcast.tv/content/38617/index.m3u8
TV,iptv-org Russian,Kino 1 (Ukraine) (1080p),OK,HLS playlist + segment reachable,0.17,http://stream.mcquack.net/395/index.m3u8
TV,iptv-org Russian,Kino 2 (1080p),OK,HLS playlist + segment reachable,0.17,http://stream.mcquack.net/465/index.m3u8
TV,iptv-org Russian,Kino 24 (720p),FAIL,URLError: <urlopen error [Errno -2] Name or service not known>,0.0,http://sirius.greenhosting.ru/Kino24Ru/video.m3u8
TV,iptv-org Russian,Kino TV (720p),FAIL,HTTP 503,9.1,http://31.148.48.15/Kino_TV_HD/index.m3u8
TV,iptv-org Russian,Kino TV HD (1080p),FAIL,HTTP 404,0.42,http://176.118.197.101/KinoTvHD/playlist.m3u8
TV,iptv-org Russian,KinoBoevik (1080p),OK,HLS playlist + segment reachable,0.77,https://fs.uplink.kz/kinoboevik/mono.m3u8?token=onlinetv
TV,iptv-org Russian,KinoHit (576p),OK,HLS playlist + segment reachable,0.32,http://stream.mcquack.net/126/index.m3u8
TV,iptv-org Russian,Kinokomedija (576p),OK,HLS playlist + segment reachable,0.17,http://stream.mcquack.net/265/index.m3u8
TV,iptv-org Russian,Kinomix (576p),UNVERIFIED,no route from test server (geo-lock/IPv6/timeout) - test on the TV box,10.01,http://93.170.254.17/Kinomiks/index.m3u8
TV,iptv-org Russian,Kinopokaz (576p),OK,HLS playlist + segment reachable,0.17,http://stream.mcquack.net/64/index.m3u8
TV,iptv-org Russian,Kinopokaz HD (1080p),UNVERIFIED,no route from test server (geo-lock/IPv6/timeout) - test on the TV box,20.04,http://hls127.freeott.top:8080/Kinopokaz_HD/video.m3u8
TV,iptv-org Russian,Kinopremyera (1080p),UNVERIFIED,no route from test server (geo-lock/IPv6/timeout) - test on the TV box,10.01,http://5.188.159.128:8070/KINOPREMIERA/index.m3u8
TV,iptv-org Russian,Kinopremyera HD (1080p),PARTIAL,"playlist OK, segment failed: HTTP Error 404: Not Found",0.6,https://fs.uplink.kz/kinopremiera_hd/mono.m3u8?token=onlinetv
TV,iptv-org Russian,KinoSat (576p),UNVERIFIED,no route from test server (geo-lock/IPv6/timeout) - test on the TV box,10.01,http://31.148.48.15/Kineko/index.m3u8
TV,iptv-org Russian,Kinosemja (576p),OK,HLS playlist + segment reachable,0.34,http://stream.mcquack.net/170/index.m3u8
TV,iptv-org Russian,Kinoseriya (1080p),UNVERIFIED,no route from test server (geo-lock/IPv6/timeout) - test on the TV box,20.04,http://hls127.freeott.top:8080/Kinoseriya_HD/video.m3u8
TV,iptv-org Russian,Kinosvidanie (576p),UNVERIFIED,no route from test server (geo-lock/IPv6/timeout) - test on the TV box,10.01,http://5.188.159.128:8070/kinosvidanie/index.m3u8
TV,iptv-org Russian,Kinouzhas (576p),OK,application/vnd.apple.mpegurl,0.17,http://stream.mcquack.net/278/index.m3u8
TV,iptv-org Russian,Kluch (576p),UNVERIFIED,no route from test server (geo-lock/IPv6/timeout) - test on the TV box,20.03,http://hls127.freeott.top:8080/Kluch/video.m3u8
TV,iptv-org Russian,Komedia (576p),OK,HLS playlist + segment reachable,0.32,http://stream.mcquack.net/68/index.m3u8
TV,iptv-org Russian,Komediynoe HD (1080p),OK,HLS playlist + segment reachable,0.32,http://stream.mcquack.net/74/index.m3u8
TV,iptv-org Russian,Kongress TV (1080p),OK,HLS playlist + segment reachable,0.49,https://live-3.otcnet.ru/congresstv/index.m3u8
TV,iptv-org Russian,Krik-TV (1080p),OK,HLS playlist + segment reachable,0.76,http://cdn-01.bonus-tv.ru/kriktv_edge/playlist.m3u8
TV,iptv-org Russian,KTK (576p),OK,HLS playlist + segment reachable,0.18,http://stream.mcquack.net/26/index.m3u8
TV,iptv-org Russian,KTK HD (720p) [Not 24/7],OK,HLS playlist + segment reachable,0.61,http://89.218.30.37/ktklive/live.hq/playlist.m3u8
TV,iptv-org Russian,Kto est kto (576p),UNVERIFIED,no route from test server (geo-lock/IPv6/timeout) - test on the TV box,10.02,http://str2.iptvhd.ru:8080/kto_est_kto/index.m3u8
TV,iptv-org Russian,Kuban 24 SD [Geo-blocked],OK,HLS playlist + segment reachable,1.69,https://rt-sth-krdar-htlive.cdn.ngenix.net/hls/CH_R04_KUBAN24/variant.m3u8
TV,iptv-org Russian,Kuhnya (576p),OK,HLS playlist + segment reachable,0.31,http://stream.mcquack.net/179/index.m3u8
TV,iptv-org Russian,Kulinar TV (576p),OK,HLS playlist + segment reachable,0.46,https://api.alpaca.t62a.com/hls/9110/stream0.m3u8
TV,iptv-org Russian,Kuraj-TV (576p),OK,HLS playlist + segment reachable,0.98,https://bsttv.bonus-tv.ru/cdn/kurai/playlist.m3u8
TV,iptv-org Russian,Kvartal TV,UNVERIFIED,no route from test server (geo-lock/IPv6/timeout) - test on the TV box,10.01,http://158.101.222.193:88/georgia_play.php?id=kvartal95
TV,iptv-org Russian,KVN TV (576p),UNVERIFIED,no route from test server (geo-lock/IPv6/timeout) - test on the TV box,10.01,http://178.124.179.122:8080/KVN-TV/index.m3u8
TV,iptv-org Russian,Lapki Live (576p),OK,HLS playlist + segment reachable,0.77,https://fs.uplink.kz/lapki_live/mono.m3u8?token=onlinetv
TV,iptv-org Russian,Law TV (1080p),OK,HLS playlist + segment reachable,0.18,http://stream.mcquack.net/406/index.m3u8
TV,iptv-org Russian,LDPR TV (1080p),UNVERIFIED,no route from test server (geo-lock/IPv6/timeout) - test on the TV box,10.01,http://46.46.143.222:1935/live/mp4:ldpr.stream/playlist.m3u8
TV,iptv-org Russian,Legendarnyy 24,UNVERIFIED,no route from test server (geo-lock/IPv6/timeout) - test on the TV box,10.38,https://sevas.1tvcrimea.ru/legendarniy24.m3u8
TV,iptv-org Russian,LenTV24,FAIL,returned HTML page (geo-block / dead),0.94,https://player.smotrim.ru/iframe/stream/live_id/3e95d201-f87d-4ac1-8897-db2c66bb9657
TV,iptv-org Russian,Leomax 24 (1080p),OK,HLS playlist + segment reachable,1.39,https://tvshops.bonus-tv.ru/cdn/shop24/playlist.m3u8
TV,iptv-org Russian,Life TV (Estonia) (432p) [Not 24/7],OK,HLS playlist + segment reachable,0.68,http://lifetv.bitflip.ee/live/stream1_1/index.m3u8
TV,iptv-org Russian,Love Nature (1080p),OK,HLS playlist + segment reachable,0.47,https://aegis-cloudfront-1.tubi.video/6d6d0f24-8445-4b4c-bdf6-44f9e38beaa4/playlist.m3u8
TV,iptv-org Russian,Love Nature HD (1080p),OK,HLS playlist + segment reachable,1.28,https://mumbai-edge.smartplaytv.in/LoveNature/index.m3u8
TV,iptv-org Russian,Lugansk 24,OK,HLS playlist + segment reachable,1.66,https://streaming.televizor-24-tochka.ru/live/29.m3u8
TV,iptv-org Russian,Luxe TV (1080p),UNVERIFIED,no route from test server (geo-lock/IPv6/timeout) - test on the TV box,10.01,http://103.154.3.101:5001/live/1736.m3u8
TV,iptv-org Russian,Magnat (1080p),OK,HLS playlist + segment reachable,0.89,https://s1.tv-nano.com/Magnat_HD_5119705/video.m3u8
TV,iptv-org Russian,Maidan (720p),OK,HLS playlist + segment reachable,1.15,https://live-maidantv.cdnvideo.ru/maidantv/maidantv.smil/playlist.m3u8
TV,iptv-org Russian,Makon TV (576i),OK,HLS playlist + segment reachable,0.69,https://stream8.cinerama.uz/1497/tracks-v1a1/mono.m3u8
TV,iptv-org Russian,Mama (576p),OK,application/vnd.apple.mpegurl,0.16,http://stream.mcquack.net/79/index.m3u8
TV,iptv-org Russian,Mana Tserkov' Onlayn (1080p) [Not 24/7],OK,HLS playlist + segment reachable,1.06,https://w2.manasat.com/tserkov-online/smil:tserkov-online.smil/playlist.m3u8
TV,iptv-org Russian,Mangystay (540p) [Not 24/7],FAIL,HTTP 403,1.22,https://stream.kaztrk.kz/regional/mangystautv/index.m3u8
TV,iptv-org Russian,Match! Arena (720p),FAIL,HTTP 503,5.01,http://31.148.48.15/Match_Arena_HD/index.m3u8
TV,iptv-org Russian,Match! Boets (576p),OK,application/vnd.apple.mpegurl,0.17,http://stream.mcquack.net/112/index.m3u8
TV,iptv-org Russian,Match! Igra (720p),UNVERIFIED,no route from test server (geo-lock/IPv6/timeout) - test on the TV box,10.01,http://31.148.48.15/Match_Igra_HD/index.m3u8
TV,iptv-org Russian,Match! Igra HD (1080p),UNVERIFIED,no route from test server (geo-lock/IPv6/timeout) - test on the TV box,10.01,http://str2.iptvhd.ru:8080/Match_Igra_HD/index.m3u8
TV,iptv-org Russian,Match! Planeta (576p),OK,HLS playlist + segment reachable,0.78,https://fs.uplink.kz/match_planeta/mono.m3u8?token=onlinetv
TV,iptv-org Russian,Match! Strana (720p),UNVERIFIED,no route from test server (geo-lock/IPv6/timeout) - test on the TV box,10.01,http://31.148.48.15/Match_Strana/index.m3u8
TV,iptv-org Russian,Match! Ultra (1080p),UNVERIFIED,no route from test server (geo-lock/IPv6/timeout) - test on the TV box,10.01,http://str2.iptvhd.ru:8080/Match_TV_HD/index.m3u8
TV,iptv-org Russian,Millet (720p),UNVERIFIED,no route from test server (geo-lock/IPv6/timeout) - test on the TV box,10.55,https://live1.1tvcrimea.ru/milletlive.m3u8
TV,iptv-org Russian,Mir 24 (1080p),OK,HLS playlist + segment reachable,0.93,http://hls.mirtv.cdnvideo.ru/mirtv-parampublish/mir24_2500/playlist.m3u8
TV,iptv-org Russian,Mir (720p),FAIL,HTTP 403,1.09,https://cdn4.skygo.mn/live/disk1/MIR/HLSv3-FTA/MIR.m3u8
TV,iptv-org Russian,Mir +2 (540p) [Not 24/7],FAIL,HTTP 403,0.56,http://hls.mirtv.cdnvideo.ru/mirtv-parampublish/mirtv2_2500/playlist.m3u8
TV,iptv-org Russian,Mir +4 (576p),FAIL,HTTP 503,5.01,http://31.148.48.15/Mir/index.m3u8
TV,iptv-org Russian,Mir +7 (540p),FAIL,HTTP 403,0.54,http://hls.mirtv.cdnvideo.ru/mirtv-parampublish/mirtv7_2500/playlist.m3u8
TV,iptv-org Russian,Mir HD (1080p) [Not 24/7],OK,HLS playlist + segment reachable,1.21,http://hls.mirtv.cdnvideo.ru/mirtv-parampublish/mirtv_2500/playlist.m3u8
TV,iptv-org Russian,Mir Kazakhstan (576p),OK,HLS playlist + segment reachable,0.77,http://tvcdn01.esilnet.kz/tv/mir/index.m3u8
TV,iptv-org Russian,Mir Belogorya (720p) [Geo-blocked],UNVERIFIED,no route from test server (geo-lock/IPv6/timeout) - test on the TV box,10.01,http://mirbelogorya.ru:8080/mirbelogorya/index.m3u8
TV,iptv-org Russian,Mir Seriala (576p),FAIL,HTTP 404,0.42,http://176.118.197.101/MirSeriala/index.m3u8
TV,iptv-org Russian,Mirovoe kino (1080p),OK,HLS playlist + segment reachable,0.62,https://fs.uplink.kz/mirovoe_kino/mono.m3u8?token=onlinetv
TV,iptv-org Russian,MMA-TV.com (1080p),OK,HLS playlist + segment reachable,0.74,https://streams2.sofast.tv/vglive-sk-462904/playlist.m3u8
TV,iptv-org Russian,Moldova 1 (1080p),OK,HLS playlist + segment reachable,0.63,https://v0.trm.md/static/streaming-playlists/hls/9b79338b-1870-4cd7-91d4-0f6ce5cac7ca/master.m3u8
TV,iptv-org Russian,Moldova 2 (1080p),OK,HLS playlist + segment reachable,0.78,https://v0.trm.md/static/streaming-playlists/hls/d5fafab0-9c37-4746-9e7a-b2d6c0427015/master.m3u8
TV,iptv-org Russian,Mosfilm Gold Collection (576p),UNVERIFIED,no route from test server (geo-lock/IPv6/timeout) - test on the TV box,10.01,http://31.222.235.15/mosfilm/index.m3u8
TV,iptv-org Russian,Moskva 24 (1080p),OK,HLS playlist + segment reachable,0.93,https://stream.smotrim.ru/hls/givc8/playlist.m3u8?entity=channel&id=798&sign=37881ef2e289f062ceff0dca6c24dc58
TV,iptv-org Russian,Moskva. Doveriye (576p),OK,HLS playlist + segment reachable,0.39,https://stream.smotrim.ru/hls2/doverie/playlist_3.m3u8
TV,iptv-org Russian,Movify Kino (576p),UNVERIFIED,no route from test server (geo-lock/IPv6/timeout) - test on the TV box,1.38,https://void.greenhosting.ru/MovifyKino_Mpeg4/index.m3u8
TV,iptv-org Russian,Moy mir (720p),OK,HLS playlist + segment reachable,2.09,https://moymir.ru/hls/onair.m3u8
TV,iptv-org Russian,Moya Planeta (1080p),FAIL,HTTP 404,0.45,http://91.226.120.120/chid210/tracks-v1a1/mono.m3u8
TV,iptv-org Russian,Moya stikhiya HD (1080p),OK,HLS playlist + segment reachable,0.32,http://stream.mcquack.net/141/index.m3u8
TV,iptv-org Russian,MTRK (576p),FAIL,URLError: <urlopen error [SSL: CERTIFICATE_VERIFY_FAILED] certificate ,1.57,https://tvcdn01.esilnet.kz/tv/mtrk/index.m3u8
TV,iptv-org Russian,MTV Volgograd (720p) [Not 24/7],OK,HLS playlist + segment reachable,0.99,http://hls.volgograd1vtv.cdnvideo.ru/volgograd1vtv/volgograd1vtv.sdp/playlist.m3u8
TV,iptv-org Russian,Mult (1080p),UNVERIFIED,no route from test server (geo-lock/IPv6/timeout) - test on the TV box,10.01,http://31.148.48.15/Mult_HD/index.m3u8
TV,iptv-org Russian,Mult International (576p),OK,HLS playlist + segment reachable,0.6,https://fs.uplink.kz/mult/mono.m3u8?token=onlinetv
TV,iptv-org Russian,Mult i muzyka (576p),UNVERIFIED,no route from test server (geo-lock/IPv6/timeout) - test on the TV box,20.04,http://hls127.freeott.top:8080/Mult_Muzika/video.m3u8
TV,iptv-org Russian,Multilandia (576p),OK,HLS playlist + segment reachable,0.82,https://fs.uplink.kz/multilandia/mono.m3u8?token=onlinetv
TV,iptv-org Russian,Multimania (576p),UNVERIFIED,no route from test server (geo-lock/IPv6/timeout) - test on the TV box,2.51,https://sirius.greenhosting.ru/MultimaniaRu/tracks-v1a1/mono.m3u8
TV,iptv-org Russian,Music (480p) [Not 24/7],UNVERIFIED,no route from test server (geo-lock/IPv6/timeout) - test on the TV box,7.49,https://st2.mediabay.tv/KG_KTRK-Muzika/index.m3u8
TV,iptv-org Russian,MusicBox Gold (576p),UNVERIFIED,no route from test server (geo-lock/IPv6/timeout) - test on the TV box,10.03,http://str2.iptvhd.ru:8080/360TuneBox/index.m3u8
TV,iptv-org Russian,Muz Soyuz (576p),OK,HLS playlist + segment reachable,1.04,https://hls-tvsoyuz.cdnvideo.ru/tvsoyuz2/muzsoyuz.6fw0-58xp-acts-esy0/playlist.m3u8
TV,iptv-org Russian,Muz-TV (576p),OK,HLS playlist + segment reachable,0.38,http://46.32.176.50/muztv/index.m3u8
TV,iptv-org Russian,Muzhskoe kino (576p),OK,HLS playlist + segment reachable,0.31,http://stream.mcquack.net/107/index.m3u8
TV,iptv-org Russian,Muzhskoy (1080p),UNVERIFIED,no route from test server (geo-lock/IPv6/timeout) - test on the TV box,10.01,http://str2.iptvhd.ru:8080/Muzhskoy/index.m3u8
TV,iptv-org Russian,Muzyka 1 [Not 24/7],OK,HLS playlist + segment reachable,0.58,https://kino-1.catcast.tv/content/37745/index.m3u8
TV,iptv-org Russian,Muzyka Kino [Not 24/7],OK,HLS playlist + segment reachable,0.65,https://kino-1.catcast.tv/content/37739/index.m3u8
TV,iptv-org Russian,Muzyka Live (576p),OK,HLS playlist + segment reachable,0.17,http://stream.mcquack.net/303/index.m3u8
TV,iptv-org Russian,Muzyka Pervogo (576p),OK,HLS playlist + segment reachable,0.18,http://stream.mcquack.net/153/index.m3u8
TV,iptv-org Russian,MuzzOne,UNVERIFIED,no route from test server (geo-lock/IPv6/timeout) - test on the TV box,10.04,https://streams.adapto.kz/hls/live/muzzone/main_stream.m3u8
TV,iptv-org Russian,MyZen TV (1080p),OK,HLS playlist + segment reachable,0.8,https://cdn-ue1-prod.tsv2.amagi.tv/linear/amg01255-secomcofites-my-myzen-en-plex/playlist.m3u8
TV,iptv-org Russian,N4 (360p) [Not 24/7],UNVERIFIED,no route from test server (geo-lock/IPv6/timeout) - test on the TV box,0.08,https://web.sats.gstv.tech/cpl11/da8df281-1165-440a-8c86-959f71b695b6/N4web.m3u8
TV,iptv-org Russian,Nano (576p),OK,HLS playlist + segment reachable,0.17,http://stream.mcquack.net/419/index.m3u8
TV,iptv-org Russian,Nano HD (1080p),UNVERIFIED,no route from test server (geo-lock/IPv6/timeout) - test on the TV box,10.0,http://185.23.80.23:8080/NANO_HD/index.m3u8
TV,iptv-org Russian,Nash Kinomir (576p),UNVERIFIED,no route from test server (geo-lock/IPv6/timeout) - test on the TV box,20.02,http://hls127.freeott.top:8080/Nash_kinomir/video.m3u8
TV,iptv-org Russian,Nashe HD (1080p),UNVERIFIED,no route from test server (geo-lock/IPv6/timeout) - test on the TV box,10.01,http://str2.iptvhd.ru:8080/Nashe_HD/index.m3u8
TV,iptv-org Russian,Nashe Lubimoe Kino (576p),UNVERIFIED,no route from test server (geo-lock/IPv6/timeout) - test on the TV box,20.04,http://hls127.freeott.top:8080/Lubimoe_Kino/video.m3u8
TV,iptv-org Russian,Nashe Lubimoe Kino Ukraine (1080p),OK,HLS playlist + segment reachable,0.17,http://stream.mcquack.net/456/index.m3u8
TV,iptv-org Russian,Nashe muzhskoe HD (1080p),OK,HLS playlist + segment reachable,0.17,http://stream.mcquack.net/362/index.m3u8
TV,iptv-org Russian,Nashe Novoe Kino (1080p),UNVERIFIED,no route from test server (geo-lock/IPv6/timeout) - test on the TV box,20.03,http://hls127.freeott.top:8080/Nashe_Novoe_Kino_HD/video.m3u8
TV,iptv-org Russian,National Geographic (Russia) (1080p),FAIL,HTTP 404,0.43,http://dtv.vol.net.ua/National_Geographic-HD/index.m3u8
TV,iptv-org Russian,National Geographic (Russia) HD (1080p),UNVERIFIED,no route from test server (geo-lock/IPv6/timeout) - test on the TV box,10.01,http://str2.iptvhd.ru:8080/National_Geo_HD/index.m3u8
TV,iptv-org Russian,National Geographic Wild (Russia) (1080p),UNVERIFIED,no route from test server (geo-lock/IPv6/timeout) - test on the TV box,20.02,http://hls127.freeott.top:8080/Nat_Geo_Wild_SD/video.m3u8
TV,iptv-org Russian,National Geographic Wild (Russia) HD (1080p),UNVERIFIED,no route from test server (geo-lock/IPv6/timeout) - test on the TV box,10.01,http://str2.iptvhd.ru:8080/Nat_Geo_Wild_HD/index.m3u8
TV,iptv-org Russian,Nauka (Russia) (1080p),UNVERIFIED,no route from test server (geo-lock/IPv6/timeout) - test on the TV box,10.01,http://31.148.48.15/Nauka_2.0/index.m3u8
TV,iptv-org Russian,Nauka (Ukraine) (576p),OK,HLS playlist + segment reachable,0.17,http://stream.mcquack.net/403/index.m3u8
TV,iptv-org Russian,Naxcivan TV (720p),OK,HLS playlist + segment reachable,0.64,https://str2.yodacdn.net/ntv/video.m3u8
TV,iptv-org Russian,Nevskiy (1080p),OK,HLS playlist + segment reachable,0.99,https://cdn-dvr.ntv.ru/Nevskiy/index.m3u8
TV,iptv-org Russian,Next TV (1080p) [Not 24/7],FAIL,URLError: <urlopen error [Errno -2] Name or service not known>,0.0,http://gohoski.fvds.ru:3000/mediabay/601/playlist.m3u8
TV,iptv-org Russian,Nick Jr. (Russia) (576p),OK,HLS playlist + segment reachable,0.32,http://stream.mcquack.net/220/index.m3u8
TV,iptv-org Russian,Nickelodeon (Russia) (576p),OK,application/vnd.apple.mpegurl,0.16,http://stream.mcquack.net/443/index.m3u8
TV,iptv-org Russian,Nickelodeon CIS (1080p),OK,HLS playlist + segment reachable,0.62,https://stream8.cinerama.uz/1500/playlist.m3u8
TV,iptv-org Russian,Nicktoons CIS (1080p),OK,HLS playlist + segment reachable,0.63,https://stream8.cinerama.uz/1502/playlist.m3u8
TV,iptv-org Russian,Nika TV (576p) [Not 24/7],OK,HLS playlist + segment reachable,0.9,https://live-nikatv.cdnvideo.ru/nikatv/nikatv.sdp/playlist.m3u8
TV,iptv-org Russian,Nizhniy Novgorod 24 (1080p),UNVERIFIED,no route from test server (geo-lock/IPv6/timeout) - test on the TV box,0.18,https://vgtrkregion-reg.cdnvideo.ru/vgtrk/nigniynovgorod/nigniynovgorod24-hd/index.m3u8
TV,iptv-org Russian,Nostalgia (Russia) (576p),UNVERIFIED,no route from test server (geo-lock/IPv6/timeout) - test on the TV box,20.02,http://hls127.freeott.top:8080/Nostalgiya/video.m3u8
TV,iptv-org Russian,NovgorOblTV [Geo-blocked],OK,HLS playlist + segment reachable,1.54,https://rt-nw-novg-htlive.cdn.ngenix.net/hls/CH_R02_NOVGORODTV/variant.m3u8
TV,iptv-org Russian,Novorossiya TV (1080p) [Geo-blocked],UNVERIFIED,no route from test server (geo-lock/IPv6/timeout) - test on the TV box,10.01,http://31.131.139.253:9002/novoros/index.m3u8
TV,iptv-org Russian,Novyi Channel (1080p),OK,HLS playlist + segment reachable,0.16,http://stream.mcquack.net/157/index.m3u8
TV,iptv-org Russian,Novyi Russkii (720p),UNVERIFIED,no route from test server (geo-lock/IPv6/timeout) - test on the TV box,0.08,https://live.15plusmg.ru/memfs/f983b507-a170-41a9-85a9-d9afc6cba9c1.m3u8
TV,iptv-org Russian,NST (576p),UNVERIFIED,no route from test server (geo-lock/IPv6/timeout) - test on the TV box,20.02,http://hls127.freeott.top:8080/HCTV/video.m3u8
TV,iptv-org Russian,NTK 21 [Geo-blocked],OK,HLS playlist + segment reachable,1.29,https://s97982.cdn.ngenix.net/hls/CH_R79_OTT_DV_HVSK_NTK/variant.m3u8
TV,iptv-org Russian,NTK (576p),OK,HLS playlist + segment reachable,0.17,http://stream.mcquack.net/389/index.m3u8
TV,iptv-org Russian,NTM (720p) [Not 24/7],OK,HLS playlist + segment reachable,1.36,https://live-ntm13.cdnvideo.ru/ntm13/smil:ntm13.smil/playlist.m3u8
TV,iptv-org Russian,NTS (1080p) [Not 24/7],OK,HLS playlist + segment reachable,0.72,https://peqk71plnjy.a.trbcdn.net/livemaster/w4kz7pki62_nts_tv/playlist.m3u8
TV,iptv-org Russian,NTV (Russia) (576p),FAIL,HTTP 404,0.34,http://45.153.24.78/NTV/index.m3u8
TV,iptv-org Russian,NTV (Russia) +1 (576p),OK,HLS playlist + segment reachable,0.86,https://cdn.ntv.ru/ntv1/playlist.m3u8
TV,iptv-org Russian,NTV (Russia) +2 (576p),OK,HLS playlist + segment reachable,0.78,https://cdn.ntv.ru/ntv2/playlist.m3u8
TV,iptv-org Russian,NTV (Russia) +4 (576p),OK,application/vnd.apple.mpegurl,1.0,https://cdn.ntv.ru/ntv4/playlist.m3u8
TV,iptv-org Russian,NTV (Russia) +7 (576p),OK,HLS playlist + segment reachable,0.76,https://cdn.ntv.ru/ntv7/playlist.m3u8
TV,iptv-org Russian,NTV (Russia) HD (1080p),OK,HLS playlist + segment reachable,0.84,https://bl.rutube.ru/livestream/c37cd74192c6bc3d6cd6077c0c4fd686/index.m3u8?e=2077050299&s=HSWg81JrQ3OqmwuWkEIDAQ&scheme=https
TV,iptv-org Russian,NTV Law (576p),UNVERIFIED,no route from test server (geo-lock/IPv6/timeout) - test on the TV box,20.03,http://hls127.freeott.top:8080/NTV_PRAVO_TV/video.m3u8
TV,iptv-org Russian,NTV Mir (576p),UNVERIFIED,no route from test server (geo-lock/IPv6/timeout) - test on the TV box,10.01,http://5.188.159.128:8070/ntvmir_TV/index.m3u8
TV,iptv-org Russian,NTV Series (576p),OK,HLS playlist + segment reachable,0.31,http://stream.mcquack.net/301/index.m3u8
TV,iptv-org Russian,NTV Style (576p),UNVERIFIED,no route from test server (geo-lock/IPv6/timeout) - test on the TV box,20.02,http://hls127.freeott.top:8080/NTV_STIL_TV/video.m3u8
TV,iptv-org Russian,NTV Vitrina (720p),OK,HLS playlist + segment reachable,0.78,https://cdn.ntv.ru/vitrina/index.m3u8
TV,iptv-org Russian,NTV-Hit (576p),UNVERIFIED,no route from test server (geo-lock/IPv6/timeout) - test on the TV box,10.01,http://178.134.1.158:8081/ntvhit/index.m3u8
TV,iptv-org Russian,NVK Sakha (1080p) [Not 24/7],OK,HLS playlist + segment reachable,1.06,https://live-saha.cdnvideo.ru/saha/saha/playlist.m3u8
TV,iptv-org Russian,o2tv (720p),UNVERIFIED,no route from test server (geo-lock/IPv6/timeout) - test on the TV box,10.01,http://31.148.48.15/O2_HD/index.m3u8
TV,iptv-org Russian,O! (576p),OK,application/vnd.apple.mpegurl,0.16,http://stream.mcquack.net/60/index.m3u8
TV,iptv-org Russian,O! International (576p),OK,HLS playlist + segment reachable,0.62,https://fs.uplink.kz/o/mono.m3u8?token=onlinetv
TV,iptv-org Russian,O'zbekiston (576p),OK,HLS playlist + segment reachable,0.62,https://stream8.cinerama.uz/1001/tracks-v1a1/playlist.m3u8
TV,iptv-org Russian,Obshchestvennoe Nezavisimoe Televidenie (576p),UNVERIFIED,no route from test server (geo-lock/IPv6/timeout) - test on the TV box,10.01,http://85.238.112.40:8810/hls_sec/239.33.75.33-.m3u8
TV,iptv-org Russian,Ocean-TV (576p),UNVERIFIED,no route from test server (geo-lock/IPv6/timeout) - test on the TV box,20.02,http://hls127.freeott.top:8080/Ocean_TV/video.m3u8
TV,iptv-org Russian,Ohotnik i rybolov (576i),OK,HLS playlist + segment reachable,0.62,https://stream8.cinerama.uz/1413/tracks-v1a1/mono.m3u8
TV,iptv-org Russian,Ohotnik i rybolov HD (1080p),OK,HLS playlist + segment reachable,0.18,http://stream.mcquack.net/194/index.m3u8
TV,iptv-org Russian,Okhota i rybalka (576p),OK,HLS playlist + segment reachable,0.17,http://stream.mcquack.net/155/index.m3u8
TV,iptv-org Russian,Okko Futbol (1080p),OK,HLS playlist + segment reachable,0.16,http://stream.mcquack.net/491/index.m3u8
TV,iptv-org Russian,Okko Prajm Sport (1080p),OK,application/vnd.apple.mpegurl,0.31,http://stream.mcquack.net/493/index.m3u8
TV,iptv-org Russian,Okko Sport (1080p),OK,HLS playlist + segment reachable,0.32,http://stream.mcquack.net/492/index.m3u8
TV,iptv-org Russian,Oplot TV SD (1080p) [Geo-blocked],UNVERIFIED,no route from test server (geo-lock/IPv6/timeout) - test on the TV box,10.01,http://31.131.139.253:9002/oplot_hd/index.m3u8
TV,iptv-org Russian,Oruzhie (576p),PARTIAL,"playlist OK, segment failed: HTTP Error 404: Not Found",0.6,https://fs.uplink.kz/oruzhie/mono.m3u8?token=onlinetv
TV,iptv-org Russian,Osetiya-Iryston (1080p),OK,HLS playlist + segment reachable,1.15,https://osir.mediacdn.ru/cdn/osetia/playlist.m3u8
TV,iptv-org Russian,Osh Pirim (1080p) [Not 24/7],FAIL,URLError: <urlopen error [Errno -2] Name or service not known>,0.0,http://gohoski.fvds.ru:3000/mediabay/697/playlist.m3u8
TV,iptv-org Russian,OSN,OK,HLS playlist + segment reachable,1.07,http://osnmedia.servicecdn.ru/streams/17603_88089/playlist.m3u8
TV,iptv-org Russian,Ost West 24 (1080p),OK,HLS playlist + segment reachable,0.17,http://stream.mcquack.net/455/index.m3u8
TV,iptv-org Russian,Ost West (576p),UNVERIFIED,no route from test server (geo-lock/IPv6/timeout) - test on the TV box,20.02,http://hls127.freeott.top:8080/OstWest/video.m3u8
TV,iptv-org Russian,Ostrosyuzhetnoye HD (1080p),OK,HLS playlist + segment reachable,0.32,http://stream.mcquack.net/214/index.m3u8
TV,iptv-org Russian,Otkritiy mir. Zdorove (576p),OK,HLS playlist + segment reachable,1.22,https://v4.proofix.ru/0mir/index.m3u8
TV,iptv-org Russian,OTR (576p),OK,HLS playlist + segment reachable,0.31,http://flussonic.linkintel.ru/otr/index.m3u8
TV,iptv-org Russian,OTV (Estonia),UNVERIFIED,no route from test server (geo-lock/IPv6/timeout) - test on the TV box,10.01,http://88.212.15.19/live/otv/playlist.m3u8
TV,iptv-org Russian,OTV-Prim,OK,HLS playlist + segment reachable,0.74,https://jz2lo90hnpy.a.trbcdn.net/livemaster/yo8gr_live-5gorrrfpouq.smil/playlist.m3u8
TV,iptv-org Russian,Patriot (720p),OK,HLS playlist + segment reachable,0.41,https://stream.smotrim.ru/hls2/static/playlist_4.m3u8
TV,iptv-org Russian,Peretz International (576p),OK,HLS playlist + segment reachable,0.17,http://stream.mcquack.net/121/index.m3u8
TV,iptv-org Russian,Perviy Informationniy HD (1080p),OK,HLS playlist + segment reachable,0.73,https://ngtrk.dc.beltelecom.by/ngtrk/smil:informacionnyy.smil/playlist.m3u8
TV,iptv-org Russian,Perviy Krymskiy (720p),UNVERIFIED,no route from test server (geo-lock/IPv6/timeout) - test on the TV box,10.18,https://live1.1tvcrimea.ru/1tvcrimea.m3u8
TV,iptv-org Russian,Perviy otdel (1080p),OK,HLS playlist + segment reachable,0.77,https://cdn-dvr.ntv.ru/Perviy_otdel/index.m3u8
TV,iptv-org Russian,Pervyy gorodskoy. Odessa (576p),UNVERIFIED,no route from test server (geo-lock/IPv6/timeout) - test on the TV box,10.01,http://91.194.79.46:8081/stream2/channel2/playlist.m3u8
TV,iptv-org Russian,Pervyy Kosmicheskiy HD (1080p),UNVERIFIED,no route from test server (geo-lock/IPv6/timeout) - test on the TV box,10.01,http://str2.iptvhd.ru:8080/Eureka_HD/index.m3u8
TV,iptv-org Russian,Pervyy Respublikanskiy,OK,HLS playlist + segment reachable,1.41,https://streaming.televizor-24-tochka.ru/live/27.m3u8
TV,iptv-org Russian,Pes (1080p),OK,HLS playlist + segment reachable,0.8,https://cdn-dvr.ntv.ru/Pes/index.m3u8
TV,iptv-org Russian,Pobeda (1080p),FAIL,HTTP 403,1.4,http://94.155.93.182/POBEDA_HD/index.m3u8
TV,iptv-org Russian,Poehali! (1080p),UNVERIFIED,no route from test server (geo-lock/IPv6/timeout) - test on the TV box,10.01,http://31.148.48.15/Poehali/index.m3u8
TV,iptv-org Russian,Premialnoe HD (1080p),OK,HLS playlist + segment reachable,0.17,http://stream.mcquack.net/421/index.m3u8
TV,iptv-org Russian,Priklyucheniya (576p),OK,HLS playlist + segment reachable,0.88,https://stream8.cinerama.uz/1420/tracks-v1a1/mono.m3u8
TV,iptv-org Russian,Priklyucheniya HD (1080p),OK,HLS playlist + segment reachable,0.32,http://stream.mcquack.net/198/index.m3u8
TV,iptv-org Russian,Prima (Russia) (1080p),OK,HLS playlist + segment reachable,0.94,https://tele2dvrnat01-02.cdnvideo.ru/stream/NAT_Prima/hls/index.m3u8
TV,iptv-org Russian,Pro100TV (576p),UNVERIFIED,no route from test server (geo-lock/IPv6/timeout) - test on the TV box,3.06,https://sirius.greenhosting.ru/Pro100tvRu/video.m3u8
TV,iptv-org Russian,Pro Business (720p),UNVERIFIED,no route from test server (geo-lock/IPv6/timeout) - test on the TV box,6.05,https://tv-streaming.bsh.ru:21938/probusiness/probusiness.stream/playlist.m3u8
TV,iptv-org Russian,Pro Lyubov (1080p),UNVERIFIED,no route from test server (geo-lock/IPv6/timeout) - test on the TV box,20.02,http://hls127.freeott.top:8080/ProLubovHD/video.m3u8
TV,iptv-org Russian,Pro Lyubov HD (1080p),UNVERIFIED,no route from test server (geo-lock/IPv6/timeout) - test on the TV box,10.01,http://str2.iptvhd.ru:8080/pro_lyubov/index.m3u8
TV,iptv-org Russian,Prodvizhenie (1080p),OK,HLS playlist + segment reachable,0.66,https://streaming.astrakhan.ru/proastrakhanhd/index.m3u8
TV,iptv-org Russian,Prosveshchenie (576p),OK,HLS playlist + segment reachable,0.62,http://cdn-01.bonus-tv.ru/prosveschenie_edge/index.m3u8
TV,iptv-org Russian,Qazaqstan International,OK,HLS playlist + segment reachable,0.62,https://stream8.cinerama.uz/1431/tracks-v1a1/mono.m3u8
TV,iptv-org Russian,Qonaev Media,UNVERIFIED,no route from test server (geo-lock/IPv6/timeout) - test on the TV box,10.24,https://s.qonaevtv.kz/live/qonaev/playlist.m3u8
TV,iptv-org Russian,Quiz TV (1080p),OK,application/vnd.apple.mpegurl,0.18,http://stream.mcquack.net/397/index.m3u8
TV,iptv-org Russian,Rada TV (1080p),PARTIAL,"playlist OK, segment failed: HTTP Error 404: Not Found",0.36,https://lowa8026-cmyk.github.io/Ukraine/Edyni_Novyny/RADA.m3u8
TV,iptv-org Russian,Radio 1 (Russia) (720p) [Geo-blocked],OK,HLS playlist + segment reachable,0.57,https://stream.radio1.ru/memfs/49dee7fe-77ba-4e6b-8cdc-fa840535b242.m3u8
TV,iptv-org Russian,Radio Mir (720p),OK,HLS playlist + segment reachable,1.01,https://stream1.dc.beltelecom.by/radiomir/studio.stream/playlist.m3u8
TV,iptv-org Russian,Radio Rossii (720p),OK,HLS playlist + segment reachable,1.17,https://stream.smotrim.ru/hls2/radio_rus/playlist_4.m3u8
TV,iptv-org Russian,Radio Shanson (720p) [Not 24/7],UNVERIFIED,no route from test server (geo-lock/IPv6/timeout) - test on the TV box,90.38,http://chanson-video.hostingradio.ru:8080/hls/chansonabr/live.m3u8
TV,iptv-org Russian,Radost Moya (576p),UNVERIFIED,no route from test server (geo-lock/IPv6/timeout) - test on the TV box,10.01,http://31.148.48.15/Radost_moya/index.m3u8
TV,iptv-org Russian,RAZ 1 (1080p),OK,HLS playlist + segment reachable,0.17,http://stream.mcquack.net/463/index.m3u8
TV,iptv-org Russian,RAZ 2 (1080p),OK,HLS playlist + segment reachable,0.17,http://stream.mcquack.net/464/index.m3u8
TV,iptv-org Russian,RAZ 3 International,OK,HLS playlist + segment reachable,0.62,https://dash2.antik.sk/live/kvartal_tv/playlist.m3u8
TV,iptv-org Russian,RBK-TV (576p),UNVERIFIED,no route from test server (geo-lock/IPv6/timeout) - test on the TV box,20.04,http://hls127.freeott.top:8080/RBK/video.m3u8
TV,iptv-org Russian,Red Line (480p),OK,HLS playlist + segment reachable,0.76,http://s55766.cdn.ngenix.net/s55766-media-origin/rline_high/index.m3u8
TV,iptv-org Russian,REN TV (576p),UNVERIFIED,no route from test server (geo-lock/IPv6/timeout) - test on the TV box,10.01,http://31.148.48.15/REN-TV/index.m3u8
TV,iptv-org Russian,REN TV HD (1080p),UNVERIFIED,no route from test server (geo-lock/IPv6/timeout) - test on the TV box,10.01,http://str2.iptvhd.ru:8080/REN_TV/index.m3u8
TV,iptv-org Russian,REN TV International (576p),UNVERIFIED,no route from test server (geo-lock/IPv6/timeout) - test on the TV box,10.01,http://178.134.1.158:8081/RENTV/index.m3u8
TV,iptv-org Russian,Retro (576p),OK,application/vnd.apple.mpegurl,0.16,http://stream.mcquack.net/191/index.m3u8
TV,iptv-org Russian,Rika TV (480p),OK,HLS playlist + segment reachable,1.05,https://live-rikatv.cdnvideo.ru/rikatv/rikatv_tcode.sdp/playlist.m3u8
TV,iptv-org Russian,Rodnoe Kino (576p),OK,HLS playlist + segment reachable,0.17,http://stream.mcquack.net/242/index.m3u8
TV,iptv-org Russian,Romantichnoe HD (1080p),UNVERIFIED,no route from test server (geo-lock/IPv6/timeout) - test on the TV box,10.01,http://str2.iptvhd.ru:8080/Semeynoe_HD/index.m3u8
TV,iptv-org Russian,Rossiya 1 Vainah (576i),FAIL,HTTP 404,1.49,https://live.chechensoft.ru/vainahtv/ngrp:vaynahtv_all/playlist.m3u8
TV,iptv-org Russian,RT Balkan (1080p),OK,HLS playlist + segment reachable,2.51,https://rt-srb.rttv.com/dvr/rtbalkan/playlist.m3u8
TV,iptv-org Russian,RT Documentary Russian (1080p),OK,HLS playlist + segment reachable,2.46,https://rt-doc.rttv.com/dvr/rtdru/playlist.m3u8
TV,iptv-org Russian,RTG TV (720p),UNVERIFIED,no route from test server (geo-lock/IPv6/timeout) - test on the TV box,10.01,http://31.148.48.15/RTG_HD/index.m3u8
TV,iptv-org Russian,RTG TV HD (1080p),OK,HLS playlist + segment reachable,0.17,http://stream.mcquack.net/164/index.m3u8
TV,iptv-org Russian,RTN (United States),UNVERIFIED,no route from test server (geo-lock/IPv6/timeout) - test on the TV box,10.01,http://4.59.210.197:8815/udp/127.0.0.1:6002
TV,iptv-org Russian,RTR-Planeta (576p),OK,HLS playlist + segment reachable,0.6,https://fs.uplink.kz/rtr_planeta/mono.m3u8?token=onlinetv
TV,iptv-org Russian,RTR-Planeta Asia,OK,HLS playlist + segment reachable,1.59,https://streaming.televizor-24-tochka.ru/live/211.m3u8
TV,iptv-org Russian,RTR-Planeta Europe (720p) [Geo-blocked],OK,HLS playlist + segment reachable,0.94,https://stream.smotrim.ru/hls/planeta_rtr_euro/playlist.m3u8?entity=channel&id=510&sign=5c0ac65d75140fac2fd938d77c92138d
TV,iptv-org Russian,RTVi (576p),OK,HLS playlist + segment reachable,1.11,https://shift03.isp.bg/RTVi/index.m3u8
TV,iptv-org Russian,RTVi US (1080p),OK,HLS playlist + segment reachable,0.36,https://amg17233-amg17233c1-wisptv-us-6409.playouts.now.amagi.tv/playlist.m3u8
TV,iptv-org Russian,RU.TV (1080p),OK,HLS playlist + segment reachable,1.07,https://bl.rutube.ru/livestream/b1eb8e90d7e636677b3eb73b4fcbb717/index.m3u8?e=2069285076&s=d-E-bxKy2v3EEJ94RQX9CA&scheme=https
TV,iptv-org Russian,RU.TV Kids (720p),FAIL,HTTP 403,1.03,https://rutvkids.ru/live/efir/index.m3u8
TV,iptv-org Russian,Russia-1 (1080p),FAIL,URLError: <urlopen error [Errno -2] Name or service not known>,0.15,http://vgtrkregion-reg.cdnvideo.ru/vgtrk/maykop/russia1-hd/index.m3u8
TV,iptv-org Russian,Russia-1 +4 (1080p),UNVERIFIED,no route from test server (geo-lock/IPv6/timeout) - test on the TV box,0.19,https://vgtrkregion-reg.cdnvideo.ru/vgtrk/4/russia1-hd/index.m3u8
TV,iptv-org Russian,Russia-1 +5 (1080p),UNVERIFIED,no route from test server (geo-lock/IPv6/timeout) - test on the TV box,0.19,https://vgtrkregion-reg.cdnvideo.ru/vgtrk/5/russia1-hd/index.m3u8
TV,iptv-org Russian,Russia-1 +6 (1080p),UNVERIFIED,no route from test server (geo-lock/IPv6/timeout) - test on the TV box,0.18,https://vgtrkregion-reg.cdnvideo.ru/vgtrk/6/russia1-hd/index.m3u8
TV,iptv-org Russian,Russia-1 +7 (1080p),UNVERIFIED,no route from test server (geo-lock/IPv6/timeout) - test on the TV box,0.24,https://vgtrkregion-reg.cdnvideo.ru/vgtrk/7/russia1-hd/index.m3u8
TV,iptv-org Russian,Russia-1 +8 (1080p),UNVERIFIED,no route from test server (geo-lock/IPv6/timeout) - test on the TV box,0.31,https://vgtrkregion-reg.cdnvideo.ru/vgtrk/8/russia1-hd/index.m3u8
TV,iptv-org Russian,Russia-1 +9 (1080p),UNVERIFIED,no route from test server (geo-lock/IPv6/timeout) - test on the TV box,0.18,https://vgtrkregion-reg.cdnvideo.ru/vgtrk/9/russia1-hd/index.m3u8
TV,iptv-org Russian,Russia-1 HD (1080p),OK,HLS playlist + segment reachable,1.06,https://stream.smotrim.ru/hls2/russia_hd/playlist_6.m3u8
TV,iptv-org Russian,Russia-24 (1080p),UNVERIFIED,no route from test server (geo-lock/IPv6/timeout) - test on the TV box,0.18,https://vgtrkregion-reg.cdnvideo.ru/vgtrk/habarovsk/russia24-sd/index.m3u8
TV,iptv-org Russian,Russia-24 HD (1080p),OK,HLS playlist + segment reachable,0.3,http://77.232.131.211/Rossiya24/index.m3u8
TV,iptv-org Russian,Russia-K (576p),OK,HLS playlist + segment reachable,0.17,http://stream.mcquack.net/229/index.m3u8
TV,iptv-org Russian,Russia-K +2 (1080p),UNVERIFIED,no route from test server (geo-lock/IPv6/timeout) - test on the TV box,0.18,https://vgtrkregion-reg.cdnvideo.ru/vgtrk/2/kultura-hd/index.m3u8
TV,iptv-org Russian,Russia-K +4 (1080p),UNVERIFIED,no route from test server (geo-lock/IPv6/timeout) - test on the TV box,0.31,https://vgtrkregion-reg.cdnvideo.ru/vgtrk/4/kultura-hd/index.m3u8
TV,iptv-org Russian,Russia-K +7 (1080p),UNVERIFIED,no route from test server (geo-lock/IPv6/timeout) - test on the TV box,0.18,https://vgtrkregion-reg.cdnvideo.ru/vgtrk/7/kultura-hd/index.m3u8
TV,iptv-org Russian,Russia-K HD (1080p),OK,HLS playlist + segment reachable,0.27,https://stream.smotrim.ru/hls2/russia_k/playlist_5.m3u8
TV,iptv-org Russian,Russian Extreme (576p),UNVERIFIED,no route from test server (geo-lock/IPv6/timeout) - test on the TV box,10.01,http://str2.iptvhd.ru:8080/Russkiy_ekstrim/index.m3u8
TV,iptv-org Russian,Russian MusicBox (576p),OK,application/vnd.apple.mpegurl,0.17,http://stream.mcquack.net/319/index.m3u8
TV,iptv-org Russian,Russkiy Bestseller (576p),OK,application/vnd.apple.mpegurl,0.17,http://stream.mcquack.net/208/index.m3u8
TV,iptv-org Russian,Russkiy Detektiv (576p),OK,HLS playlist + segment reachable,0.17,http://stream.mcquack.net/204/index.m3u8
TV,iptv-org Russian,Russkiy Illusion (576p),OK,HLS playlist + segment reachable,0.61,https://fs.uplink.kz/russkiy_illusion/mono.m3u8?token=onlinetv
TV,iptv-org Russian,Russkiy roman (1080p),UNVERIFIED,no route from test server (geo-lock/IPv6/timeout) - test on the TV box,10.01,http://31.148.48.15/Russkiy_Roman_HD/index.m3u8
TV,iptv-org Russian,Rybalka i okhota (576p),OK,HLS playlist + segment reachable,0.61,https://fs.uplink.kz/ohota_i_ribalka/mono.m3u8?token=onlinetv
TV,iptv-org Russian,Rybolov (576p),OK,HLS playlist + segment reachable,0.18,http://stream.mcquack.net/264/index.m3u8
TV,iptv-org Russian,Ryzhiy (576i),OK,HLS playlist + segment reachable,0.98,https://stream8.cinerama.uz/1407/tracks-v1a1/mono.m3u8
TV,iptv-org Russian,RZD TV (1080p) [Geo-blocked],FAIL,HTTP 403,0.57,http://hls.tva.cdnvideo.ru/tva/tvahd.sdp/playlist.m3u8
TV,iptv-org Russian,S1 (1080p) [Not 24/7],OK,HLS playlist + segment reachable,0.92,https://sitv.ru/hls/stv.m3u8
TV,iptv-org Russian,Salyam (576p),OK,HLS playlist + segment reachable,0.98,https://bsttv.bonus-tv.ru/cdn/salyam/playlist.m3u8
TV,iptv-org Russian,Samara 24 (1080p),UNVERIFIED,no route from test server (geo-lock/IPv6/timeout) - test on the TV box,0.27,https://vgtrkregion-reg.cdnvideo.ru/vgtrk/samara/samara24-hd/index.m3u8
TV,iptv-org Russian,Samara-GIS (1080p) [Not 24/7],OK,HLS playlist + segment reachable,1.05,https://tv.samaragis.ru/new/new/tracks-v1a1/mono.m3u8
TV,iptv-org Russian,Sankt-Peterburg (576p),UNVERIFIED,no route from test server (geo-lock/IPv6/timeout) - test on the TV box,10.01,http://31.148.48.15/Sankt_Peterburg/index.m3u8
TV,iptv-org Russian,Sankt-Peterburg HD (720p),OK,HLS playlist + segment reachable,0.98,https://stream.smotrim.ru/hls2/ext_spbtv/playlist_5.m3u8
TV,iptv-org Russian,Saphire (1080p),OK,HLS playlist + segment reachable,0.35,http://77.232.131.211/Sapfir/manifest.m3u8
TV,iptv-org Russian,Sarafan (576p),OK,HLS playlist + segment reachable,0.17,http://stream.mcquack.net/81/index.m3u8
TV,iptv-org Russian,Setanta Sports 1,UNVERIFIED,no route from test server (geo-lock/IPv6/timeout) - test on the TV box,10.01,http://158.101.222.193:88/georgia_play.php?id=setanta_georgia
TV,iptv-org Russian,Setanta Sports 1 HD,OK,HLS playlist + segment reachable,0.61,https://fs.uplink.kz/setanta_sports_1_hd/mono.m3u8?token=onlinetv
TV,iptv-org Russian,Setanta Sports 1 Eurasia (1080p),OK,HLS playlist + segment reachable,0.17,http://stream.mcquack.net/234/index.m3u8
TV,iptv-org Russian,Setanta Sports 2,UNVERIFIED,no route from test server (geo-lock/IPv6/timeout) - test on the TV box,10.01,http://158.101.222.193:88/georgia_play.php?id=setanta_sports_plus_georgia
TV,iptv-org Russian,Setanta Sports 2 Eurasia (1080p),OK,HLS playlist + segment reachable,0.16,http://stream.mcquack.net/235/index.m3u8
TV,iptv-org Russian,Setanta Sports+ Ukraine (1080p),FAIL,HTTP 403,0.31,http://stream.mcquack.net/390/index.m3u8
TV,iptv-org Russian,Seven (576p),FAIL,HTTP 503,9.18,http://31.148.48.15/7TV/index.m3u8
TV,iptv-org Russian,Sever,OK,HLS playlist + segment reachable,0.7,https://2vko9pchwon.a.trbcdn.net/livemaster/8ilgc_cw63ucn03p.smil/playlist.m3u8
TV,iptv-org Russian,Sevimli TV (1080p),OK,HLS playlist + segment reachable,0.62,https://stream8.cinerama.uz/1017/tracks-v1a1/playlist.m3u8
TV,iptv-org Russian,Shanson TV (576p),OK,HLS playlist + segment reachable,0.84,http://catchup.videoline.ru/shanson/index.m3u8
TV,iptv-org Russian,Shayan TV (1080p),FAIL,HTTP 403,1.32,https://shayan.bonus-tv.ru/cdn/shayan/playlist.m3u8
TV,iptv-org Russian,Shchyolkovskoe TV (576p) [Not 24/7],OK,HLS playlist + segment reachable,2.09,http://stream0.tv41.ru/live.m3u8
TV,iptv-org Russian,Shef (1080p),OK,HLS playlist + segment reachable,0.77,https://cdn-dvr.ntv.ru/Shef/index.m3u8
TV,iptv-org Russian,Shokiruyushchee HD (1080p),OK,HLS playlist + segment reachable,0.17,http://stream.mcquack.net/75/index.m3u8
TV,iptv-org Russian,Shopping Live (720p),OK,HLS playlist + segment reachable,0.96,https://nonmirya7cc.a.trbcdn.net/livemaster/tzrz5_sazlypl5ot.smil/playlist.m3u8
TV,iptv-org Russian,Shot TV (576p),UNVERIFIED,no route from test server (geo-lock/IPv6/timeout) - test on the TV box,20.02,http://hls127.freeott.top:8080/SHOT_TV/video.m3u8
TV,iptv-org Russian,Sibir 24 (1080p),UNVERIFIED,no route from test server (geo-lock/IPv6/timeout) - test on the TV box,0.18,https://vgtrkregion-reg.cdnvideo.ru/vgtrk/novosibirsk/sibir24-hd/index.m3u8
TV,iptv-org Russian,Sibir 24 KYA (1080p),UNVERIFIED,no route from test server (geo-lock/IPv6/timeout) - test on the TV box,0.17,https://vgtrkregion-reg.cdnvideo.ru/vgtrk/krasnoyarsk/sibir24-hd/index.m3u8
TV,iptv-org Russian,Silk Way (1080p),OK,HLS playlist + segment reachable,0.53,https://hlspackager.akamaized.net/live/DB/SILKWAY/SILKWAY/SILKWAY.m3u8
TV,iptv-org Russian,Silk Way Cinema (1080p) [Geo-blocked],OK,HLS playlist + segment reachable,0.97,https://stream.qazcdn.net/ex6r514/silkwaycinema/index.m3u8
TV,iptv-org Russian,Simferopol 24,UNVERIFIED,no route from test server (geo-lock/IPv6/timeout) - test on the TV box,10.39,https://simf.1tvcrimea.ru/simferopol24.m3u8
TV,iptv-org Russian,Simon (720p) [Geo-blocked],PARTIAL,"playlist OK, segment failed: HTTP Error 403: Forbidden",1.5,https://hls.simon.ua/live-HD/live/playlist.m3u8
TV,iptv-org Russian,Skoraya pomoshch (1080p),OK,HLS playlist + segment reachable,0.51,https://cdn-dvr.ntv.ru/Skoraja_pomosh/index.m3u8
TV,iptv-org Russian,Smotrim 100% Detskoe (720p),PARTIAL,"playlist OK, segment failed: HTTP Error 404: Not Found",0.8,https://stream.smotrim.ru/hls/fasttv05/playlist_3.m3u8
TV,iptv-org Russian,Smotrim 100% Fakty (720p),PARTIAL,"playlist OK, segment failed: HTTP Error 404: Not Found",0.37,https://stream.smotrim.ru/hls/fasttv06/playlist_3.m3u8
TV,iptv-org Russian,Smotrim 100% Klassika (720p),PARTIAL,"playlist OK, segment failed: HTTP Error 404: Not Found",0.26,https://stream.smotrim.ru/hls/fasttv03/playlist_3.m3u8
TV,iptv-org Russian,Smotrim 100% Lyubov (720p),PARTIAL,"playlist OK, segment failed: HTTP Error 404: Not Found",0.79,https://stream.smotrim.ru/hls/fasttv01/playlist_2.m3u8
TV,iptv-org Russian,Smotrim 100% Muzhskoe (720p),PARTIAL,"playlist OK, segment failed: HTTP Error 404: Not Found",1.3,https://stream.smotrim.ru/hls/fasttv02/playlist_3.m3u8
TV,iptv-org Russian,Smotrim 100% Prazdnik (720p),PARTIAL,"playlist OK, segment failed: HTTP Error 404: Not Found",0.47,https://stream.smotrim.ru/hls/fasttv04/playlist_3.m3u8
TV,iptv-org Russian,Smotrim Chestnyy Detektiv (1080p),OK,HLS playlist + segment reachable,0.79,https://live-vgtrksmotrim.cdnvideo.ru/vgtrksmotrim/smotrim-live-01.smil/playlist.m3u8
TV,iptv-org Russian,Sochi24 (720p),UNVERIFIED,no route from test server (geo-lock/IPv6/timeout) - test on the TV box,10.19,http://serv30.vintera.tv:8081/sochi/sochi24_tv/playlist.m3u8
TV,iptv-org Russian,Sochi Live (720p) [Not 24/7],UNVERIFIED,no route from test server (geo-lock/IPv6/timeout) - test on the TV box,10.18,http://serv30.vintera.tv:8081/sochi/sochi_stream/playlist.m3u8
TV,iptv-org Russian,Solnce (576p),FAIL,HTTP 503,5.01,http://31.148.48.15/Solnce/index.m3u8
TV,iptv-org Russian,Solovyov Live (1080p),OK,HLS playlist + segment reachable,0.4,https://stream.smotrim.ru/hls2/solovievlive/playlist_6.m3u8
TV,iptv-org Russian,SONGTV Russia,OK,HLS playlist + segment reachable,1.29,https://songtv.hls.iptvdc.com/web-russia/playlist.m3u8
TV,iptv-org Russian,Soyuz (576p),OK,HLS playlist + segment reachable,1.02,https://hls-tvsoyuz.cdnvideo.ru/tvsoyuz/soyuz/playlist.m3u8
TV,iptv-org Russian,Soyuzny (576p),OK,HLS playlist + segment reachable,1.44,https://souzny.mediacdn.ru/cdn/souzny/playlist.m3u8
TV,iptv-org Russian,Spas (576p),UNVERIFIED,no route from test server (geo-lock/IPv6/timeout) - test on the TV box,20.02,http://hls127.freeott.top:8080/Spas/video.m3u8
TV,iptv-org Russian,Sport 1 Baltic (1080p),OK,HLS playlist + segment reachable,0.17,http://stream.mcquack.net/461/index.m3u8
TV,iptv-org Russian,Sport (Kyrgyzstan) (480p) [Not 24/7],FAIL,HTTP 403,1.64,https://st2.mediabay.tv/KG_KTRK-Sport/index.m3u8
TV,iptv-org Russian,Sportivnyy (1080p),OK,HLS playlist + segment reachable,1.11,https://live-3.otcnet.ru/sportivny/index.m3u8
TV,iptv-org Russian,SSSR TV (1080p),UNVERIFIED,no route from test server (geo-lock/IPv6/timeout) - test on the TV box,10.01,http://str2.iptvhd.ru:8080/sssr_kino/index.m3u8
TV,iptv-org Russian,Star Cinema,OK,HLS playlist + segment reachable,0.72,https://dash2.antik.sk/live/test_star_cinema_atktv/playlist.m3u8
TV,iptv-org Russian,Star Family (1080p),OK,HLS playlist + segment reachable,0.67,https://dash2.antik.sk/live/test_star_family_atktv/playlist.m3u8
TV,iptv-org Russian,Star TV (Moldova),OK,HLS playlist + segment reachable,1.13,http://forever.megogo.xyz/iptv/QGB4M3H62GC7E3/2465/index.m3u8
TV,iptv-org Russian,START Air (1080p),FAIL,HTTP 404,0.43,http://176.118.197.101/START_AIR/index.m3u8
TV,iptv-org Russian,START Air HD (1080p),UNVERIFIED,no route from test server (geo-lock/IPv6/timeout) - test on the TV box,10.01,http://str2.iptvhd.ru:8080/START_Air_HD/index.m3u8
TV,iptv-org Russian,Start Triumf,FAIL,HTTP 403,2.59,https://bl.webcaster.pro/media/playlist/free_fe8dc1b768a84b8b0333db826471f17e_hd/33_85479982/1080p/8666c3e935faf6ef47ffd601e8e48868/4821408969.m3u8
TV,iptv-org Russian,START World (576p),OK,HLS playlist + segment reachable,0.6,https://fs.uplink.kz/start_world/mono.m3u8?token=onlinetv
TV,iptv-org Russian,START World HD (1080p),UNVERIFIED,no route from test server (geo-lock/IPv6/timeout) - test on the TV box,10.02,http://str2.iptvhd.ru:8080/START_World_HD/index.m3u8
TV,iptv-org Russian,Strana FM,OK,HLS playlist + segment reachable,0.93,https://live-stranafm.cdnvideo.ru/stranafm/smil:stranafm.smil/playlist.m3u8
TV,iptv-org Russian,Strashnoe HD (1080p),UNVERIFIED,no route from test server (geo-lock/IPv6/timeout) - test on the TV box,10.01,http://str2.iptvhd.ru:8080/StrashnoeHD/index.m3u8
TV,iptv-org Russian,STS (576p),OK,HLS playlist + segment reachable,0.66,http://tshift-1.telecoma.tv/sts/index.m3u8
TV,iptv-org Russian,STS HD (1080p),OK,HLS playlist + segment reachable,0.17,http://stream.mcquack.net/138/index.m3u8
TV,iptv-org Russian,STS International (576p),UNVERIFIED,no route from test server (geo-lock/IPv6/timeout) - test on the TV box,10.01,http://178.134.1.158:8081/CTC/index.m3u8
TV,iptv-org Russian,STS kids (1080p),UNVERIFIED,no route from test server (geo-lock/IPv6/timeout) - test on the TV box,10.01,http://31.148.48.15/STS_Kids_HD/index.m3u8
TV,iptv-org Russian,STS kids HD (1080p),UNVERIFIED,no route from test server (geo-lock/IPv6/timeout) - test on the TV box,10.01,http://45.145.32.13:20440/ctc_kids_hd/index.m3u8?token=test
TV,iptv-org Russian,STS kids International (576p),OK,HLS playlist + segment reachable,0.73,https://fs.uplink.kz/sts_kids/mono.m3u8?token=onlinetv
TV,iptv-org Russian,STS Love (576i),FAIL,HTTP 403,0.84,https://cdn4.skygo.mn/live/disk1/Fashion_TV/HLSv3-FTA/Fashion_TV.m3u8
TV,iptv-org Russian,STV (Belarus) HD (720p),OK,HLS playlist + segment reachable,0.82,https://ctv.dc.beltelecom.by/ctv/ctv.stream/playlist.m3u8
TV,iptv-org Russian,Subbota! (1080p),OK,HLS playlist + segment reachable,0.98,https://bl.rutube.ru/livestream/310744c10a5809da38aa445c952976da/index.m3u8?e=2066519758&s=dmUf6BUQzDBTwtQOseAfog&scheme=https
TV,iptv-org Russian,Subbota! HD (1080p),OK,HLS playlist + segment reachable,0.16,http://stream.mcquack.net/269/index.m3u8
TV,iptv-org Russian,SuperGeroi (1080p),FAIL,HTTP 503,5.01,http://31.148.48.15/Malish_TV/index.m3u8
TV,iptv-org Russian,Surgut 24,OK,HLS playlist + segment reachable,0.95,https://sitv.ru/vgtrk/stv.m3u8
TV,iptv-org Russian,Svoboda,UNVERIFIED,no route from test server (geo-lock/IPv6/timeout) - test on the TV box,10.01,http://88.212.15.19/live/svoboda/index.m3u8
TV,iptv-org Russian,Svoyo TV (1080p),OK,HLS playlist + segment reachable,1.22,https://svoetv.mediacdn.ru/cdn/svoetv/playlist.m3u8
TV,iptv-org Russian,T24 (576p),UNVERIFIED,no route from test server (geo-lock/IPv6/timeout) - test on the TV box,10.01,http://178.134.1.158:8081/t24/index.m3u8
TV,iptv-org Russian,Taraqqiyot TV,OK,HLS playlist + segment reachable,0.63,https://stream8.cinerama.uz/1204/tracks-v1a1/mono.m3u8
TV,iptv-org Russian,Tavriya,OK,HLS playlist + segment reachable,1.4,https://streaming.televizor-24-tochka.ru/live/24.m3u8
TV,iptv-org Russian,TBN Baltia (1080p),UNVERIFIED,no route from test server (geo-lock/IPv6/timeout) - test on the TV box,10.27,http://dc.tbnbaltia.eu:8088/dvr/rewind-21600.m3u8
TV,iptv-org Russian,TDK 42,OK,HLS playlist + segment reachable,1.0,https://live-tdk42kz.cdnvideo.ru/tdk42kz/tdk42kz_720.smil/playlist.m3u8
TV,iptv-org Russian,Teatr (576p),UNVERIFIED,no route from test server (geo-lock/IPv6/timeout) - test on the TV box,20.02,http://hls127.freeott.top:8080/Teatr/video.m3u8
TV,iptv-org Russian,Telecafe (Russia) (720p),FAIL,HTTP 403,0.86,https://cdn4.skygo.mn/live/disk1/Telecafe/HLSv3-FTA/Telecafe.m3u8
TV,iptv-org Russian,TeleDom,OK,HLS playlist + segment reachable,1.19,https://iam-profi.ru/hls-live/livepkgr/_definst_/liveevent/td720.m3u8
TV,iptv-org Russian,Telekanal Krasnodar (1080p),OK,HLS playlist + segment reachable,1.02,https://live-tvkrasnodar.cdnvideo.ru/tvkrasnodar/tvkrasnodar.sdp/playlist.m3u8
TV,iptv-org Russian,Teleputeshestviya (576p),UNVERIFIED,no route from test server (geo-lock/IPv6/timeout) - test on the TV box,10.02,http://str2.iptvhd.ru:8080/Teleputeshestviya/index.m3u8
TV,iptv-org Russian,Telplus (360p) [Not 24/7],OK,HLS playlist + segment reachable,0.62,https://streaming.astrakhan.ru/telplushd/playlist.m3u8
TV,iptv-org Russian,TERRA (1080p),UNVERIFIED,no route from test server (geo-lock/IPv6/timeout) - test on the TV box,10.0,http://str2.iptvhd.ru:8080/TERRA_HD/index.m3u8
TV,iptv-org Russian,Terra (576p),OK,application/vnd.apple.mpegurl,0.17,http://stream.mcquack.net/402/index.m3u8
TV,iptv-org Russian,TiJi (576p),OK,HLS playlist + segment reachable,0.17,http://stream.mcquack.net/111/index.m3u8
TV,iptv-org Russian,TKR (1080p) [Not 24/7],OK,HLS playlist + segment reachable,0.95,http://live.tkr.cdnvideo.ru/tkr/tkr.sdp/playlist.m3u8
TV,iptv-org Russian,TNT4 (576p),OK,HLS playlist + segment reachable,0.31,http://flussonic.linkintel.ru/tnt4/index.m3u8
TV,iptv-org Russian,TNT4 HD (1080p),UNVERIFIED,no route from test server (geo-lock/IPv6/timeout) - test on the TV box,10.01,http://str2.iptvhd.ru:8080/TNT_4/index.m3u8
TV,iptv-org Russian,TNT4 International (576p),PARTIAL,"playlist OK, segment failed: HTTP Error 404: Not Found",0.6,https://fs.uplink.kz/tnt4/mono.m3u8?token=onlinetv
TV,iptv-org Russian,TNT (576p),OK,HLS playlist + segment reachable,0.17,http://stream.mcquack.net/135/index.m3u8
TV,iptv-org Russian,TNT HD (1080p),FAIL,HTTP 404,0.36,http://45.153.24.78/TNT/index.m3u8
TV,iptv-org Russian,TNT International Belarus (1080p),OK,HLS playlist + segment reachable,0.73,http://05cea6e8.ucomist.net/iptv/VK7YCHHWNDD8XC/15230/index.m3u8
TV,iptv-org Russian,TNT International SD (480p),FAIL,HTTP 403,0.84,https://cdn4.skygo.mn/live/disk1/THT/HLSv3-FTA/THT.m3u8
TV,iptv-org Russian,TNV-Planet (576p),OK,HLS playlist + segment reachable,0.6,https://fs.uplink.kz/tnv/mono.m3u8?token=onlinetv
TV,iptv-org Russian,TNV-Tatarstan (720p),PARTIAL,"playlist OK, segment failed: HTTP Error 404: Not Found",0.97,https://user91229.clients-cdnnow.ru/hls/user91229_1.m3u8
TV,iptv-org Russian,Tochka otryva (576p),OK,HLS playlist + segment reachable,0.64,https://stream8.cinerama.uz/1031/tracks-v1a1/mono.m3u8
TV,iptv-org Russian,Tochka TV (576p),FAIL,HTTP 503,5.63,http://31.148.48.15/Tochka_TV/index.m3u8
TV,iptv-org Russian,Tochka.rf (576p),UNVERIFIED,no route from test server (geo-lock/IPv6/timeout) - test on the TV box,10.01,http://str2.iptvhd.ru:8080/HD_Life/index.m3u8
TV,iptv-org Russian,Tolk (720p),OK,HLS playlist + segment reachable,0.95,http://live-tolknews.cdnvideo.ru/tolknews/stream/playlist.m3u8
TV,iptv-org Russian,Tonus (576p),UNVERIFIED,no route from test server (geo-lock/IPv6/timeout) - test on the TV box,10.02,http://194.143.148.28:8080/Mir24/index.m3u8
TV,iptv-org Russian,Tooku (1080p),OK,HLS playlist + segment reachable,1.07,http://live-saha.cdnvideo.ru/saha/tooky/playlist.m3u8
TV,iptv-org Russian,Top Secret (576p),UNVERIFIED,no route from test server (geo-lock/IPv6/timeout) - test on the TV box,20.02,http://hls127.freeott.top:8080/Sovershenno_Sekretno/video.m3u8
TV,iptv-org Russian,Trace Sport Stars Russia (720p),OK,HLS playlist + segment reachable,0.64,https://stream8.cinerama.uz/1274/tracks-v1a1/mono.m3u8
TV,iptv-org Russian,Travel+Adventure (1080p),UNVERIFIED,no route from test server (geo-lock/IPv6/timeout) - test on the TV box,10.01,http://31.148.48.15/Travel_Adventure_HD/index.m3u8
TV,iptv-org Russian,Travel+Adventure HD (1080p),OK,HLS playlist + segment reachable,0.17,http://stream.mcquack.net/206/index.m3u8
TV,iptv-org Russian,Travelxp Russia (1080p),OK,HLS playlist + segment reachable,0.17,http://stream.mcquack.net/451/index.m3u8
TV,iptv-org Russian,Trofei (1080p),OK,HLS playlist + segment reachable,0.16,http://stream.mcquack.net/357/index.m3u8
TV,iptv-org Russian,Tsargrad TV (1080p) [Geo-blocked],OK,HLS playlist + segment reachable,0.78,https://bl.rutube.ru/livestream/91815da4edb167b5bd617bae490e57da/index.m3u8?e=2070278263&s=is_mLq_kjPYLsOJ4qj85tw&scheme=https
TV,iptv-org Russian,TSV (1080p),OK,HLS playlist + segment reachable,1.28,https://tsv.md/stream/hls/tsv-online/index.m3u8
TV,iptv-org Russian,Turkmenistan (406p) [Not 24/7],OK,HLS playlist + segment reachable,1.39,https://alpha.tv.online.tm/hls/ch007.m3u8
TV,iptv-org Russian,TV1.KG (1080p),UNVERIFIED,no route from test server (geo-lock/IPv6/timeout) - test on the TV box,10.01,http://212.2.225.30:1935/live/site.stream/playlist.m3u8
TV,iptv-org Russian,TV8 (Moldova) [Not 24/7],OK,HLS playlist + segment reachable,1.15,http://315e5a5d.ottrast.com/iptv/8KSD5KFDXA6H88/2454/index.m3u8
TV,iptv-org Russian,TV15 (1080p) [Not 24/7],FAIL,URLError: <urlopen error [Errno -2] Name or service not known>,0.15,http://gohoski.fvds.ru:3000/mediabay/655/playlist.m3u8
TV,iptv-org Russian,TV 21 (576p),UNVERIFIED,no route from test server (geo-lock/IPv6/timeout) - test on the TV box,10.01,http://178.134.1.158:8081/TVXXI/index.m3u8
TV,iptv-org Russian,TV 21 International (576p),OK,HLS playlist + segment reachable,0.17,http://stream.mcquack.net/152/index.m3u8
TV,iptv-org Russian,TV1000 Russian Kino Global,UNVERIFIED,no route from test server (geo-lock/IPv6/timeout) - test on the TV box,10.01,http://213.91.179.28:8000/play/a0bx
TV,iptv-org Russian,TV BRICS Russian (1080p),UNVERIFIED,no route from test server (geo-lock/IPv6/timeout) - test on the TV box,10.01,http://185.23.80.23:8080/TVBRICS/index.m3u8
TV,iptv-org Russian,TV Centr (576p),UNVERIFIED,no route from test server (geo-lock/IPv6/timeout) - test on the TV box,20.02,http://hls127.freeott.top:8080/Tv_Center/video.m3u8
TV,iptv-org Russian,TV Centr International (576p),OK,HLS playlist + segment reachable,0.63,https://stream8.cinerama.uz/1281/tracks-v1a1/mono.m3u8
TV,iptv-org Russian,TV Mana Russkiy (1080p),OK,HLS playlist + segment reachable,0.91,https://w1.manasat.com/tvmana-leste/smil:tvmana-leste.smil/playlist.m3u8
TV,iptv-org Russian,TV PRO,OK,HLS playlist + segment reachable,0.65,http://rtmp.tvpro-online.ru/hls/ch1.m3u8
TV,iptv-org Russian,TV Rain (1080p) [Geo-blocked],OK,HLS playlist + segment reachable,0.35,https://wl.tvrain.tv/transcode/ngrp:ses_all/playlist.m3u8
TV,iptv-org Russian,TV-3 (576p),OK,HLS playlist + segment reachable,0.16,http://flussonic.linkintel.ru/tv-3/index.m3u8
TV,iptv-org Russian,TV-3 Belarus (576p),UNVERIFIED,no route from test server (geo-lock/IPv6/timeout) - test on the TV box,10.01,http://178.124.179.122:8080/TB-3/index.m3u8
TV,iptv-org Russian,TV-3 HD (1080p),OK,application/vnd.apple.mpegurl,0.17,http://stream.mcquack.net/136/index.m3u8
TV,iptv-org Russian,TVK (Russia) (576p),FAIL,URLError: <urlopen error [SSL: CERTIFICATE_VERIFY_FAILED] certificate ,0.73,https://air.tvk6.ru/tvk24/playlist.m3u8
TV,iptv-org Russian,Tvoe TV (1080p),UNVERIFIED,no route from test server (geo-lock/IPv6/timeout) - test on the TV box,10.04,http://tvoetv.space:8080/tvoetv/index.m3u8
TV,iptv-org Russian,Tvoye TV Yumor (1080p),UNVERIFIED,no route from test server (geo-lock/IPv6/timeout) - test on the TV box,10.04,http://tvoetv.space:8080/tvoetv_humor/index.m3u8
TV,iptv-org Russian,TVRUS,UNVERIFIED,no route from test server (geo-lock/IPv6/timeout) - test on the TV box,10.01,http://213.91.179.28:8000/play/a082
TV,iptv-org Russian,TVRUS+,UNVERIFIED,no route from test server (geo-lock/IPv6/timeout) - test on the TV box,10.01,http://83.228.75.166:8000/play/a0aq
TV,iptv-org Russian,U (720p),OK,HLS playlist + segment reachable,0.61,https://bl.rutube.ru/livestream/5c9327074e25ca86f3111d4085cbbb65/index.m3u8?e=2066519758&s=9cPc1rCGu6M932eqrifRhQ&scheme=https
TV,iptv-org Russian,UDAR (1080p),UNVERIFIED,no route from test server (geo-lock/IPv6/timeout) - test on the TV box,10.01,http://5.188.159.128:8070/udar/index.m3u8
TV,iptv-org Russian,Ugra-TV (1080p),OK,HLS playlist + segment reachable,0.97,https://live-ugratv.cdnvideo.ru/ugratv/ugratv/playlist.m3u8
TV,iptv-org Russian,Ulytau,OK,HLS playlist + segment reachable,1.2,https://ulytau.tv/hls/master.m3u8
TV,iptv-org Russian,Unikum (576p),UNVERIFIED,no route from test server (geo-lock/IPv6/timeout) - test on the TV box,10.01,http://31.148.48.15/Detskiy/index.m3u8
TV,iptv-org Russian,Univer TV (1080p),OK,HLS playlist + segment reachable,1.46,https://cdn.universmotri.ru/live/smil:univer.smil/playlist.m3u8
TV,iptv-org Russian,Unknown Russia (1080p),OK,HLS playlist + segment reachable,0.64,https://cdn.ntv.ru/unknown_russia/playlist.m3u8
TV,iptv-org Russian,Unknown Russia HD (1080p),UNVERIFIED,no route from test server (geo-lock/IPv6/timeout) - test on the TV box,10.01,http://185.23.80.23:8080/NeizvestnayaRossia/index.m3u8
TV,iptv-org Russian,Ural 24 (1080p),UNVERIFIED,no route from test server (geo-lock/IPv6/timeout) - test on the TV box,1.05,https://vgtrkregion-reg.cdnvideo.ru/vgtrk/chelyabinsk/ural24-hd/index.m3u8
TV,iptv-org Russian,Usadba (576p),OK,HLS playlist + segment reachable,0.17,http://stream.mcquack.net/211/index.m3u8
TV,iptv-org Russian,UzReport TV (1080p),OK,HLS playlist + segment reachable,0.68,https://stream8.cinerama.uz/1015/tracks-v1a1/playlist.m3u8
TV,iptv-org Russian,V gostyakh u skazki (1080p),OK,HLS playlist + segment reachable,0.82,https://stream8.cinerama.uz/1270/tracks-v1a1/mono.m3u8
TV,iptv-org Russian,V mire zhivotnykh (1080p),OK,HLS playlist + segment reachable,0.17,http://stream.mcquack.net/241/index.m3u8
TV,iptv-org Russian,V mire zhivotnykh HD (1080p),UNVERIFIED,no route from test server (geo-lock/IPv6/timeout) - test on the TV box,10.01,http://str2.iptvhd.ru:8080/Animal_Family_HD/index.m3u8
TV,iptv-org Russian,Velvet. European Movies (1080p),UNVERIFIED,no route from test server (geo-lock/IPv6/timeout) - test on the TV box,0.52,https://cdn.rostelekom-tv.xyz/live/LQ3j0n7j0Kq4OQm8.m3u8
TV,iptv-org Russian,Velvet. Golden Collection (1080p),UNVERIFIED,no route from test server (geo-lock/IPv6/timeout) - test on the TV box,0.43,https://cdn.rostelekom-tv.xyz/live/v804qFZr0QVQ1s9Z.m3u8
TV,iptv-org Russian,Velvet. Mentovskiye Serialy (1080p),UNVERIFIED,no route from test server (geo-lock/IPv6/timeout) - test on the TV box,0.54,https://cdn.rostelekom-tv.xyz/live/tWQ0ge9rspBQhRst.m3u8
TV,iptv-org Russian,Velvet. Scary (1080p),UNVERIFIED,no route from test server (geo-lock/IPv6/timeout) - test on the TV box,0.51,https://cdn.rostelekom-tv.xyz/live/NImhIFLevxCbtcP-.m3u8
TV,iptv-org Russian,Velvet. Series Hits (1080p),UNVERIFIED,no route from test server (geo-lock/IPv6/timeout) - test on the TV box,0.35,https://cdn.rostelekom-tv.xyz/live/DeWr3Sgw1Aj2lJd0.m3u8
TV,iptv-org Russian,Velvet. Sovetskoe Kino (1080p),UNVERIFIED,no route from test server (geo-lock/IPv6/timeout) - test on the TV box,0.55,https://cdn.rostelekom-tv.xyz/live/nF4sFCa49nFPHSF_.m3u8
TV,iptv-org Russian,Velvet. Svaty (1080p),UNVERIFIED,no route from test server (geo-lock/IPv6/timeout) - test on the TV box,0.61,https://cdn.rostelekom-tv.xyz/live/HSxyMqDlSVR54UTN.m3u8
TV,iptv-org Russian,Velvet. World Series (1080p),UNVERIFIED,no route from test server (geo-lock/IPv6/timeout) - test on the TV box,0.52,https://cdn.rostelekom-tv.xyz/live/2RR44py-yGlIWQIp.m3u8
TV,iptv-org Russian,Vera 24,FAIL,URLError: <urlopen error [SSL: CERTIFICATE_VERIFY_FAILED] certificate ,0.85,https://5f05e059699ae.streamlock.net/WEB_Vera24/ngrp:Vera24.stream-adaptive/playlist.m3u8
TV,iptv-org Russian,Vesti FM (720p),OK,HLS playlist + segment reachable,0.5,https://stream.smotrim.ru/hls2/vesti_fm/playlist_4.m3u8
TV,iptv-org Russian,Vetta 24 (576p) [Not 24/7],UNVERIFIED,no route from test server (geo-lock/IPv6/timeout) - test on the TV box,10.34,http://serv24.vintera.tv:8081/vetta/vetta_office/playlist.m3u8
TV,iptv-org Russian,Viasat Epic Drama Ukraine (576p),OK,HLS playlist + segment reachable,0.33,http://195.189.60.253/118/index.m3u8
TV,iptv-org Russian,Viasat Kino (576p),FAIL,HTTP 404,0.65,http://dtv.vol.net.ua/Viasat_Kino/index.m3u8
TV,iptv-org Russian,Viasat Kino Action (576p),FAIL,HTTP 404,0.52,http://dtv.vol.net.ua/Viasat_Kino_Action_HD/index.m3u8
TV,iptv-org Russian,Viasat Kino Comedy,OK,HLS playlist + segment reachable,0.64,http://777905.live.tvstitch.com/playlist.m3u8?source=aHR0cDovLzE3Ni4xMjIuMTAzLjI0MTo3MDAwL2NoNDQvdHJhY2tzLXYxYTEvbW9uby5tM3U4P2xpdmU9MSZpcD0xNzguMTM2LjQyLjIyMCZpZD05NDg4NjUmc2VjcmV0PW4xdTd1aTA2JnNzbD0xJjIxeW89MCZlPTE3OTA1OTk4Mzcmc3Q9UzRPS1VZemNocmREQWhnSTJkTDJ5QQ%3D%3D&master=249
TV,iptv-org Russian,Viasat Kino World,OK,HLS playlist + segment reachable,0.65,http://777905.live.tvstitch.com/playlist.m3u8?source=aHR0cDovLzE3Ni4xMjIuMTAzLjI0MTo3MDAwL2NoNDgvdHJhY2tzLXYxYTEvbW9uby5tM3U4P2xpdmU9MSZpcD0xNzguMTM2LjQyLjIyMCZpZD05NDg4NjUmc2VjcmV0PW4xdTd1aTA2JnNzbD0xJjIxeW89MCZlPTE3OTA1OTk5NDcmc3Q9N3ROblpCZy02WTBka1RuekRIZjU0QQ%3D%3D&master=102
TV,iptv-org Russian,Viasat Serial,OK,HLS playlist + segment reachable,0.58,http://777905.live.tvstitch.com/playlist.m3u8?source=aHR0cDovLzE3Ni4xMjIuMTAzLjI0MTo3MDAwL2NoNDUvdHJhY2tzLXYyYTEvbW9uby5tM3U4P2xpdmU9MSZpcD0xNzguMTM2LjQyLjIyMCZpZD05NDg4NjUmc2VjcmV0PW4xdTd1aTA2JnNzbD0xJjIxeW89MCZlPTE3OTA2MDExNzAmc3Q9VS12czVHQmhOdF9WQXJ4bHVYVzR2dw%3D%3D&master=599
TV,iptv-org Russian,viju Explore (576p),OK,HLS playlist + segment reachable,0.17,http://stream.mcquack.net/239/index.m3u8
TV,iptv-org Russian,viju History (576p),UNVERIFIED,no route from test server (geo-lock/IPv6/timeout) - test on the TV box,10.01,http://178.124.179.122:8080/HistoryHD/index.m3u8
TV,iptv-org Russian,viju Nature (576p),OK,HLS playlist + segment reachable,0.86,https://fs.uplink.kz/viju_nature/mono.m3u8?token=onlinetv
TV,iptv-org Russian,viju Nature HD (1080p),UNVERIFIED,no route from test server (geo-lock/IPv6/timeout) - test on the TV box,10.01,http://str2.iptvhd.ru:8080/Viasat_Nature_HD/index.m3u8
TV,iptv-org Russian,viju TV1000 (576p),OK,HLS playlist + segment reachable,0.17,http://stream.mcquack.net/110/index.m3u8
TV,iptv-org Russian,viju TV1000 action (576p),OK,application/vnd.apple.mpegurl,0.16,http://stream.mcquack.net/100/index.m3u8
TV,iptv-org Russian,viju TV1000 russkoe (576p),OK,HLS playlist + segment reachable,0.6,https://fs.uplink.kz/viju_tv1000_russkoe/mono.m3u8?token=onlinetv
TV,iptv-org Russian,viju+ Comedy HD (1080p),OK,HLS playlist + segment reachable,0.17,http://stream.mcquack.net/201/index.m3u8
TV,iptv-org Russian,viju+ Megahit HD (1080p),OK,HLS playlist + segment reachable,0.17,http://stream.mcquack.net/200/index.m3u8
TV,iptv-org Russian,viju+ Planet HD (1080p),OK,HLS playlist + segment reachable,0.17,http://stream.mcquack.net/240/index.m3u8
TV,iptv-org Russian,viju+ Premiere HD (1080p),OK,HLS playlist + segment reachable,0.17,http://stream.mcquack.net/202/index.m3u8
TV,iptv-org Russian,viju+ Serial HD (1080p),OK,HLS playlist + segment reachable,0.16,http://stream.mcquack.net/311/index.m3u8
TV,iptv-org Russian,viju+ Sport (576p),OK,HLS playlist + segment reachable,0.17,http://stream.mcquack.net/333/index.m3u8
TV,iptv-org Russian,viju+ Sport HD (1080p),UNVERIFIED,no route from test server (geo-lock/IPv6/timeout) - test on the TV box,10.04,http://str2.iptvhd.ru:8080/Viasat_Sport/index.m3u8
TV,iptv-org Russian,Vital Drive,FAIL,URLError: <urlopen error [SSL: CERTIFICATE_VERIFY_FAILED] certificate ,1.89,https://autopilot.catcast.tv/content/37909/index.m3u8
TV,iptv-org Russian,Vitebsk,OK,HLS playlist + segment reachable,0.71,https://live.dc.beltelecom.by/vtv/vitebsk.stream/playlist.m3u8
TV,iptv-org Russian,Vitrina TV (720p),OK,HLS playlist + segment reachable,1.07,https://live-11cinema.cdnvideo.ru/11cinema/11cinema/playlist.m3u8
TV,iptv-org Russian,Vkus (576p),UNVERIFIED,no route from test server (geo-lock/IPv6/timeout) - test on the TV box,10.01,http://178.134.1.158:8081/vkus/index.m3u8
TV,iptv-org Russian,Vmeste-RF,OK,HLS playlist + segment reachable,0.8,https://qcpdqumitwf.a.trbcdn.net/livemastersrt/pr4mw_lvie-vmesterf-srt.smil/playlist.m3u8
TV,iptv-org Russian,Volga,OK,HLS playlist + segment reachable,0.92,http://tele2dvrnat01-02.cdnvideo.ru/stream/NAT_Volga/hls/1920x1080@4504/playlist.m3u8
TV,iptv-org Russian,Volgograd 24 (1080p),UNVERIFIED,no route from test server (geo-lock/IPv6/timeout) - test on the TV box,0.35,https://vgtrkregion-reg.cdnvideo.ru/vgtrk/volgograd/russia1-hd/index.m3u8
TV,iptv-org Russian,Voprosy i Otvety (576p),OK,HLS playlist + segment reachable,0.32,http://stream.mcquack.net/76/index.m3u8
TV,iptv-org Russian,Vostok 24 (1080p),UNVERIFIED,no route from test server (geo-lock/IPv6/timeout) - test on the TV box,0.36,https://vgtrkregion-reg.cdnvideo.ru/vgtrk/vladivostok/vostok24-hd/index.m3u8
TV,iptv-org Russian,Vremya (720p),FAIL,HTTP 403,1.01,https://cdn4.skygo.mn/live/disk1/Vremya/HLSv3-FTA/Vremya.m3u8
TV,iptv-org Russian,We Sport TV,OK,HLS playlist + segment reachable,0.33,http://forever.megogo.xyz/iptv/QGB4M3H62GC7E3/2471/index.m3u8
TV,iptv-org Russian,Yalta TV (480p) [Geo-blocked],UNVERIFIED,no route from test server (geo-lock/IPv6/timeout) - test on the TV box,10.01,http://195.26.83.96:7029/play/a006
TV,iptv-org Russian,YaPervyy (1080p),OK,HLS playlist + segment reachable,0.99,https://yaroslavl.mediacdn.ru/cdn/pervyaroslavsk/playlist.m3u8
TV,iptv-org Russian,Yuvelirochka (576p),OK,HLS playlist + segment reachable,0.95,https://live-uvelirochka.cdnvideo.ru/uvelirochka/uvelirochka_720p3/playlist.m3u8
TV,iptv-org Russian,Za! TV,OK,HLS playlist + segment reachable,1.76,https://streaming.televizor-24-tochka.ru/live/25.m3u8
TV,iptv-org Russian,Zagorodnaya Zhizn (576p),OK,HLS playlist + segment reachable,0.34,http://185.57.68.33/40/index.m3u8
TV,iptv-org Russian,Zapad 24 (1080p),UNVERIFIED,no route from test server (geo-lock/IPv6/timeout) - test on the TV box,0.43,https://vgtrkregion-reg.cdnvideo.ru/vgtrk/kaliningrad/zapad24-hd/index.m3u8
TV,iptv-org Russian,Zdorovoe TV (576p),OK,HLS playlist + segment reachable,1.73,https://stream8.cinerama.uz/1428/tracks-v1a1/mono.m3u8
TV,iptv-org Russian,Zhivaya Planeta (576p),OK,HLS playlist + segment reachable,0.71,https://stream8.cinerama.uz/1250/tracks-v1a1/mono.m3u8
TV,iptv-org Russian,Zhivaya priroda (1080p),OK,HLS playlist + segment reachable,0.16,http://stream.mcquack.net/83/index.m3u8
TV,iptv-org Russian,Zhivaya priroda HD (1080p),OK,HLS playlist + segment reachable,0.16,http://stream.mcquack.net/225/index.m3u8
TV,iptv-org Russian,Zhivi! (1080p),UNVERIFIED,no route from test server (geo-lock/IPv6/timeout) - test on the TV box,10.01,http://31.148.48.15/Zhivi/index.m3u8
TV,iptv-org Russian,Zo'r TV (576p),OK,HLS playlist + segment reachable,2.18,https://stream8.cinerama.uz/1016/tracks-v1a1/mono.m3u8
TV,iptv-org Russian,Zoo TV (576p),UNVERIFIED,no route from test server (geo-lock/IPv6/timeout) - test on the TV box,10.01,http://31.148.48.15/Zoo_TV/index.m3u8
TV,iptv-org Russian,Zoopark (576i),OK,HLS playlist + segment reachable,2.22,https://stream8.cinerama.uz/1417/tracks-v1a1/mono.m3u8
TV,iptv-org Russian,Zvezda (1080p),UNVERIFIED,no route from test server (geo-lock/IPv6/timeout) - test on the TV box,10.01,http://51.158.144.33:2021/zvezda/index.m3u8
TV,iptv-org Russian,Zvezda HD (1080p),UNVERIFIED,no route from test server (geo-lock/IPv6/timeout) - test on the TV box,10.01,http://str2.iptvhd.ru:8080/Zvezda/index.m3u8
TV,iptv-org Russian,Zvezda Plus (576p),UNVERIFIED,no route from test server (geo-lock/IPv6/timeout) - test on the TV box,10.01,http://45.145.32.13:20440/zvezdaplus/index.m3u8?token=test
TV,iptv-org Russian,Zvezda Plus HD (1080p),OK,HLS playlist + segment reachable,0.76,http://tvzvezda.bonus-tv.ru/cdn/zvezdaplus/playlist.m3u8
TV,iptv-org Movies,00s Replay,FAIL,HTTP 403,0.48,https://jmp2.uk/plu-62ba60f059624e000781c436.m3u8
TV,iptv-org Movies,4ever Cinema (1080p),OK,HLS playlist + segment reachable,0.16,http://stream.mcquack.net/258/index.m3u8
TV,iptv-org Movies,24 Hour Free Movies (720p),OK,HLS playlist + segment reachable,0.25,https://d1j2u714xk898n.cloudfront.net/scheduler/scheduleMaster/145.m3u8
TV,iptv-org Movies,30A TV Classic Movies (720p),OK,HLS playlist + segment reachable,0.63,https://30a-tv.com/feeds/pzaz/30atvmovies.m3u8
TV,iptv-org Movies,50 Cent Action (720p),FAIL,HTTP 403,0.39,https://jmp2.uk/plu-68487fb3f212bedacf5a53e3.m3u8
TV,iptv-org Movies,70s Cinema,FAIL,HTTP 403,1.08,https://jmp2.uk/plu-5f4d878d3d19b30007d2e782.m3u8
TV,iptv-org Movies,80s Rewind,FAIL,HTTP 403,0.66,https://jmp2.uk/plu-5ca525b650be2571e3943c63.m3u8
TV,iptv-org Movies,90s Throwback,FAIL,HTTP 403,0.35,https://jmp2.uk/plu-5f4d86f519358a00072b978e.m3u8
TV,iptv-org Movies,&TV HD (1080p),UNVERIFIED,no route from test server (geo-lock/IPv6/timeout) - test on the TV box,10.0,http://202.70.146.135:8000/play/a06c/index.m3u8
TV,iptv-org Movies,&TV International (1080p),OK,application/vnd.apple.mpegurl,0.45,https://amg01117-amg01117c1-amgplt0029.playout.now3.amagi.tv/playlist/amg01117-amg01117c1-amgplt0029/playlist.m3u8
TV,iptv-org Movies,&xplor HD (1080p) [Geo-blocked],FAIL,HTTP 458,0.63,http://dksmedia.tv/play/live.php?mac=00:1A:79:B6:60:3D&stream=209743&extension=ts&play_token=mR7FwO88sY
TV,iptv-org Movies,ABN Bible Movies Channel (720p),OK,HLS playlist + segment reachable,0.2,https://mediaserver.abnvideos.com/streams/abnbiblemovies.m3u8
TV,iptv-org Movies,Action 24 (1080p) [Not 24/7],OK,HLS playlist + segment reachable,0.58,http://actionlive.siliconweb.com/actionabr/actiontv/playlist.m3u8
TV,iptv-org Movies,Adrenalina Pura TV (720p),FAIL,HTTP 403,1.03,https://jmp2.uk/plu-61b793ccf571b80007b7a610.m3u8
TV,iptv-org Movies,Adrenalina Pura TV Brazil,FAIL,HTTP 403,0.38,https://jmp2.uk/plu-61b790b985706b00072cb797.m3u8
TV,iptv-org Movies,Afghan Nobel Movies (720p),UNVERIFIED,no route from test server (geo-lock/IPv6/timeout) - test on the TV box,6.05,https://live.relentlessinnovations.net:1936/afghannobel/afghannobel/playlist.m3u8
TV,iptv-org Movies,Aflam (1080p),OK,HLS playlist + segment reachable,0.52,https://shd-amg-fast.edgenextcdn.net/tx001/playlist.m3u8
TV,iptv-org Movies,Afra Film,OK,HLS playlist + segment reachable,0.58,https://afrafhls.wns.live/hls/stream.m3u8
TV,iptv-org Movies,Alankar TV (720p),OK,HLS playlist + segment reachable,0.63,https://livetv.tarangplus.in/alankar-origin/live/playlist.m3u8
TV,iptv-org Movies,All Time Movies (576p),OK,HLS playlist + segment reachable,0.96,https://tvsen6.aynaott.com/a2cKGQtB/index.m3u8
TV,iptv-org Movies,Allo Cine (1080p),OK,HLS playlist + segment reachable,0.53,https://d1yl6bf4hrzbr0.cloudfront.net/v1/master/3722c60a815c199d9c0ef36c5b73da68a62b09d1/cc-5km3zs4zs9sp0/allo.m3u8
TV,iptv-org Movies,AlternaTV (720p) [Not 24/7],UNVERIFIED,no route from test server (geo-lock/IPv6/timeout) - test on the TV box,10.17,https://tv.alterna.ar/stream/hls/live.m3u8
TV,iptv-org Movies,AMC (United States) (720p),UNVERIFIED,no route from test server (geo-lock/IPv6/timeout) - test on the TV box,10.01,http://23.239.31.26:8989/amc/index.m3u8
TV,iptv-org Movies,AMC (United States) East (720p),UNVERIFIED,no route from test server (geo-lock/IPv6/timeout) - test on the TV box,10.01,http://190.11.225.124:5000/live/amc_hd/playlist.m3u8
TV,iptv-org Movies,AMC Europe Bulgary (576p),UNVERIFIED,no route from test server (geo-lock/IPv6/timeout) - test on the TV box,20.02,http://hls127.freeott.top:8080/BG_AMC/video.m3u8
TV,iptv-org Movies,AMC Europe Czech Republic,UNVERIFIED,no route from test server (geo-lock/IPv6/timeout) - test on the TV box,10.01,http://88.212.15.19/live/test_amc_25p/playlist.m3u8
TV,iptv-org Movies,AMC Europe Hungary,UNVERIFIED,no route from test server (geo-lock/IPv6/timeout) - test on the TV box,10.01,http://88.212.15.19/live/amc_hun/index.m3u8
TV,iptv-org Movies,AMC Europe Romania,FAIL,HTTP 403,0.25,https://iron1.jarvisx1.cfd/amece/usergenrx3oq1kr.m3u8
TV,iptv-org Movies,AMC Latin America (1080p),UNVERIFIED,no route from test server (geo-lock/IPv6/timeout) - test on the TV box,10.01,http://15.204.246.24:8080/AMCHD/index.m3u8
TV,iptv-org Movies,AMC Latin America Brazil (720p),UNVERIFIED,no route from test server (geo-lock/IPv6/timeout) - test on the TV box,10.01,http://170.83.49.66:8083/AMCHD/index.m3u8
TV,iptv-org Movies,American Horrors (480p),UNVERIFIED,no route from test server (geo-lock/IPv6/timeout) - test on the TV box,10.01,http://107.167.7.162:8081/playlist/amhor/playlist.m3u8
TV,iptv-org Movies,Armenia Premium (720p),OK,HLS playlist + segment reachable,0.17,http://stream.mcquack.net/123/index.m3u8
TV,iptv-org Movies,ARTFLIX Movie Classics (720p),OK,HLS playlist + segment reachable,0.3,https://amogonetworx-artflix-1-nl.samsung.wurl.tv/playlist.m3u8
TV,iptv-org Movies,Asianet Movies HD (720p),OK,HLS playlist + segment reachable,0.29,https://da86m1sqpm3o0.cloudfront.net/28072023/smil:asianetmovies1.smil/playlist.m3u8
TV,iptv-org Movies,Aurora Media Films (720p),UNVERIFIED,no route from test server (geo-lock/IPv6/timeout) - test on the TV box,6.07,https://cdn.streamhispanatv.net:3417/live/auroramflive.m3u8
TV,iptv-org Movies,AVI Rewind (1080p),UNVERIFIED,no route from test server (geo-lock/IPv6/timeout) - test on the TV box,10.01,http://45.70.201.81:8000/play/a010/index.m3u8
TV,iptv-org Movies,AXN (Brazil) (720p),OK,HLS playlist + segment reachable,0.31,http://170.83.16.50/AXN/index.m3u8
TV,iptv-org Movies,AXN (Portugal),UNVERIFIED,no route from test server (geo-lock/IPv6/timeout) - test on the TV box,10.05,http://znty.dyndns.org:5010/hls/axn.m3u8
TV,iptv-org Movies,AXN Adria,UNVERIFIED,no route from test server (geo-lock/IPv6/timeout) - test on the TV box,10.01,http://5.57.74.130:8000/play/a0at/index.m3u8
TV,iptv-org Movies,AXN Asia Taiwan (1080p),UNVERIFIED,no route from test server (geo-lock/IPv6/timeout) - test on the TV box,10.01,http://125.227.210.55:4050/VideoInput/play.ts
TV,iptv-org Movies,AXN Asia Thailand (720p),UNVERIFIED,no route from test server (geo-lock/IPv6/timeout) - test on the TV box,10.01,http://58.8.186.128:10007/bysid/2814
TV,iptv-org Movies,AXN Black (576p),UNVERIFIED,no route from test server (geo-lock/IPv6/timeout) - test on the TV box,20.02,http://hls127.freeott.top:8080/BG_AXN_Black/video.m3u8
TV,iptv-org Movies,AXN Black Czech Republic,UNVERIFIED,no route from test server (geo-lock/IPv6/timeout) - test on the TV box,10.01,http://88.212.15.19/live/test_black/playlist.m3u8
TV,iptv-org Movies,AXN Black Poland (576p),UNVERIFIED,no route from test server (geo-lock/IPv6/timeout) - test on the TV box,10.01,http://185.227.34.179:8080/axn-black/index.m3u8
TV,iptv-org Movies,AXN Black Romania,FAIL,HTTP 403,0.22,https://saruman1.tharen1.cfd/axyblack/usergenrxi6s93hs2.m3u8
TV,iptv-org Movies,AXN CEE,UNVERIFIED,no route from test server (geo-lock/IPv6/timeout) - test on the TV box,10.01,http://88.212.15.19/live/axn_hun/index.m3u8
TV,iptv-org Movies,AXN CEE Bulgary,UNVERIFIED,no route from test server (geo-lock/IPv6/timeout) - test on the TV box,10.01,http://85.11.144.9:4222/AXN
TV,iptv-org Movies,AXN CEE Czech Republic,UNVERIFIED,no route from test server (geo-lock/IPv6/timeout) - test on the TV box,10.01,http://88.212.15.19/live/test_axn/playlist.m3u8
TV,iptv-org Movies,AXN CEE Romania,FAIL,returned HTML page (geo-block / dead),0.4,https://cronos.mangora1.cfd/axy/usergend3h5jkc9rnd.m3u8
TV,iptv-org Movies,AXN Crime,UNVERIFIED,no route from test server (geo-lock/IPv6/timeout) - test on the TV box,10.01,http://88.212.15.19/live/viasat_film/index.m3u8
TV,iptv-org Movies,AXN Latin America (1080p),UNVERIFIED,no route from test server (geo-lock/IPv6/timeout) - test on the TV box,10.01,http://138.121.15.230:9002/AXN/index.m3u8
TV,iptv-org Movies,AXN Latin America Chile (1080p),UNVERIFIED,no route from test server (geo-lock/IPv6/timeout) - test on the TV box,10.07,https://cdn1tlinkgo.tlink.cl/axnhd/index.m3u8
TV,iptv-org Movies,AXN Latin America Mexico,UNVERIFIED,no route from test server (geo-lock/IPv6/timeout) - test on the TV box,10.01,http://190.11.225.124:5000/live/axn_hd/playlist.m3u8
TV,iptv-org Movies,AXN Latin America South,UNVERIFIED,no route from test server (geo-lock/IPv6/timeout) - test on the TV box,10.01,http://45.228.235.116:8000/play/a0iy/index.m3u8
TV,iptv-org Movies,AXN Movies (720p),UNVERIFIED,no route from test server (geo-lock/IPv6/timeout) - test on the TV box,10.01,http://50.7.120.34:8080/AXN_BLACK/index.m3u8
TV,iptv-org Movies,Az Cinema (1080p),UNVERIFIED,no route from test server (geo-lock/IPv6/timeout) - test on the TV box,10.16,https://cdn1tlinkgo.tlink.cl/azcinema/index.m3u8
TV,iptv-org Movies,B4U Bhojpuri (1080p),OK,HLS playlist + segment reachable,0.31,https://cdnb4u.wiseplayout.com/B4U_Bhojpuri/master.m3u8
TV,iptv-org Movies,B4U Kadak (576p),OK,HLS playlist + segment reachable,1.15,https://streams.tangotv.in/B4UKADAK/ORIGIN/index.m3u8
TV,iptv-org Movies,B4U Movies (576p),FAIL,HTTP 404,1.31,https://streams.tangotv.in/B4UMOVIES/ORIGIN/index.m3u8
TV,iptv-org Movies,Battlestar Galactica,FAIL,HTTP 403,0.36,https://jmp2.uk/plu-69d7ebff029c431826bd328e.m3u8
TV,iptv-org Movies,beIN Box Office 1,FAIL,returned HTML page (geo-block / dead),1.0,https://nord.ayakkabiparti.lol/box1/index.m3u8
TV,iptv-org Movies,beIN Box Office 2,FAIL,returned HTML page (geo-block / dead),1.33,https://nord.ayakkabiparti.lol/box2/index.m3u8
TV,iptv-org Movies,beIN Box Office 3,FAIL,returned HTML page (geo-block / dead),1.27,https://nord.ayakkabiparti.lol/box3/index.m3u8
TV,iptv-org Movies,beIN Movies Stars,FAIL,returned HTML page (geo-block / dead),1.13,https://nord.ayakkabiparti.lol/bsaction1/index.m3u8
TV,iptv-org Movies,beIN Movies Turk,FAIL,returned HTML page (geo-block / dead),1.07,https://nord.ayakkabiparti.lol/bsturk/index.m3u8
TV,iptv-org Movies,BET Cinema,FAIL,HTTP 403,0.35,https://jmp2.uk/plu-58af4c093a41ca9d4ecabe96.m3u8
TV,iptv-org Movies,BET Comedy Movies,FAIL,HTTP 403,0.6,https://jmp2.uk/plu-68c32d88f56983aba40052bd.m3u8
TV,iptv-org Movies,BET Visionaries,FAIL,HTTP 403,0.3,https://jmp2.uk/plu-663946c1b18d700008d9c168.m3u8
TV,iptv-org Movies,Bhojpuri Cinema (720p),OK,HLS playlist + segment reachable,0.87,https://live-bhojpuri.akamaized.net/liveabr/playlist.m3u8
TV,iptv-org Movies,BIZ Cinema (1080p),OK,HLS playlist + segment reachable,1.58,https://fl.biztv.media/cinema_720_EMfSyXgoRdiIHgldXTZICucKTIeCKO/index.m3u8
TV,iptv-org Movies,Bollygold (1080p),OK,HLS playlist + segment reachable,1.75,https://jmp2.uk/stvp-IN4000600Q
TV,iptv-org Movies,Bollywood Classic Romania,FAIL,returned HTML page (geo-block / dead),0.42,https://flash1.bogulus1.cfd/boly/usergenr9j8s2t.m3u8
TV,iptv-org Movies,Bollywood Film,PARTIAL,"playlist OK, segment failed: <urlopen error _ssl.c:999: The handshake operation timed out",0.77,https://tvextra-hls.b-cdn.net/bollywoodfilm/bollywoodfilm.m3u8
TV,iptv-org Movies,Bolt (Ukraine) (1080p),OK,HLS playlist + segment reachable,0.17,http://stream.mcquack.net/73/index.m3u8
TV,iptv-org Movies,Bonanza,FAIL,HTTP 403,0.31,https://jmp2.uk/plu-68e9913c4a666b9054849832.m3u8
TV,iptv-org Movies,Bonanza CA,FAIL,HTTP 403,1.07,https://jmp2.uk/plu-696e647b07ea70192d49f6a5.m3u8
TV,iptv-org Movies,Boreal (720p) [Not 24/7],OK,HLS playlist + segment reachable,0.51,https://edge.essastream.com/borealtelevision/tracks-v1a1/mono.m3u8
TV,iptv-org Movies,Bravo Farsi TV (360p),FAIL,URLError: <urlopen error [SSL: CERTIFICATE_VERIFY_FAILED] certificate ,0.65,https://bravoohls.wns.live/hls/stream.m3u8
TV,iptv-org Movies,bTV Action,UNVERIFIED,no route from test server (geo-lock/IPv6/timeout) - test on the TV box,10.01,http://213.91.179.28:8000/play/a04n
TV,iptv-org Movies,bTV Cinema,UNVERIFIED,no route from test server (geo-lock/IPv6/timeout) - test on the TV box,10.01,http://213.91.179.28:8000/play/a04i
TV,iptv-org Movies,bTV Lady,UNVERIFIED,no route from test server (geo-lock/IPv6/timeout) - test on the TV box,10.01,http://213.91.179.28:8000/play/a05i
TV,iptv-org Movies,Cafe Film,OK,HLS playlist + segment reachable,0.47,https://cafefhls.wns.live/hls/stream.m3u8
TV,iptv-org Movies,Canal Cine Dios,OK,HLS playlist + segment reachable,0.56,https://canal.mediaserver.com.co/live/cinedios.m3u8
TV,iptv-org Movies,Canal+ Action Europe Czechia,UNVERIFIED,no route from test server (geo-lock/IPv6/timeout) - test on the TV box,10.01,http://46.149.191.219:9106/play/a01g
TV,iptv-org Movies,Canal+ Action Europe Slovakia (720p),UNVERIFIED,no route from test server (geo-lock/IPv6/timeout) - test on the TV box,10.01,http://151.80.18.177:86/Canal+_Family_HD/index.m3u8
TV,iptv-org Movies,Canal+ Cinemas (720p),UNVERIFIED,no route from test server (geo-lock/IPv6/timeout) - test on the TV box,10.01,http://151.80.18.177:86/Canal+_cinema_HD/index.m3u8
TV,iptv-org Movies,CCTV-6 [Geo-blocked],FAIL,HTTP 500,0.76,https://live.eac-news.com/CCTV/streams/cctv6.m3u8
TV,iptv-org Movies,CCTV-6 HD (1080p),UNVERIFIED,no route from test server (geo-lock/IPv6/timeout) - test on the TV box,10.07,http://69.30.245.50/live/cctv6.m3u8
TV,iptv-org Movies,CCTV-Storm Theater (1080p),UNVERIFIED,no route from test server (geo-lock/IPv6/timeout) - test on the TV box,10.01,http://38.75.136.137:98/gslb/dsdqpub/fyjc.m3u8?auth=testpub
TV,iptv-org Movies,CCTV-The First Theater (1080p),UNVERIFIED,no route from test server (geo-lock/IPv6/timeout) - test on the TV box,10.01,http://38.75.136.137:98/gslb/dsdqpub/dyjc.m3u8?auth=testpub
TV,iptv-org Movies,Celestial Movies (576i),UNVERIFIED,no route from test server (geo-lock/IPv6/timeout) - test on the TV box,10.01,http://103.58.160.157:8278/720-CELESTIALMOVIES/playlist.m3u8
TV,iptv-org Movies,Charge! (1080p),OK,HLS playlist + segment reachable,0.24,https://fast-channels.sinclairstoryline.com/CHARGE/index.m3u8
TV,iptv-org Movies,CHC Action (1080p),UNVERIFIED,no route from test server (geo-lock/IPv6/timeout) - test on the TV box,10.01,http://39.134.19.68/dbiptv.sn.chinamobile.com/PLTV/88888888/224/3221226465/index.m3u8
TV,iptv-org Movies,CINDIE TV (1080p),OK,HLS playlist + segment reachable,0.76,https://cc-hqw8u5r1nshjc.akamaized.net/scheduler/scheduleMaster/352.m3u8
TV,iptv-org Movies,Cine34 [Geo-blocked],UNVERIFIED,no route from test server (geo-lock/IPv6/timeout) - test on the TV box,0.06,https://live3-mediaset-it.akamaized.net/Content/hls_h0_clr_vos/live/channel(b6)/index.m3u8
TV,iptv-org Movies,Cine34 HD (1080p),FAIL,HTTP 403,0.45,https://live02-seg.msf.cdn.mediaset.net/live/ch-b6/b6-clr.isml/index.m3u8
TV,iptv-org Movies,Cine 666 by Pluto TV,FAIL,HTTP 403,1.17,https://jmp2.uk/plu-6823648580b2665220d9e69a.m3u8
TV,iptv-org Movies,Cine Action by Pluto TV,FAIL,HTTP 403,1.24,https://jmp2.uk/plu-5f8ed1ff5c39700007e2204a.m3u8
TV,iptv-org Movies,Cine Adrenalina,FAIL,HTTP 403,0.41,https://jmp2.uk/plu-5d8d164d92e97a5e107638d2.m3u8
TV,iptv-org Movies,Cine Amor,FAIL,HTTP 403,0.98,https://jmp2.uk/plu-5f5136317aedfb0007016f93.m3u8
TV,iptv-org Movies,Cine by Pluto TV,FAIL,HTTP 403,1.01,https://jmp2.uk/plu-5f8ed0f17564a300082b676a.m3u8
TV,iptv-org Movies,Cine Catastrophe by Pluto TV,FAIL,HTTP 403,1.11,https://jmp2.uk/plu-65a69ef53af63d000825e0ee.m3u8
TV,iptv-org Movies,Cine d'Asie by Pluto TV,FAIL,HTTP 403,1.04,https://jmp2.uk/plu-62f3e2d000418d00070f7dbc.m3u8
TV,iptv-org Movies,Cine Familiar (1080p),UNVERIFIED,no route from test server (geo-lock/IPv6/timeout) - test on the TV box,10.15,http://bantel-cdn1.iptvperu.tv:1935/btnscrtn/cinefamiliar.stream/playlist.m3u8
TV,iptv-org Movies,Cine Friki (1080p),OK,HLS playlist + segment reachable,0.46,https://d2mr4fu91mjx9m.cloudfront.net/v1/master/3722c60a815c199d9c0ef36c5b73da68a62b09d1/cc-rb0tx75ojbc5u/CineFriki_ES.m3u8
TV,iptv-org Movies,Cine Hispano (1080p),UNVERIFIED,no route from test server (geo-lock/IPv6/timeout) - test on the TV box,10.3,http://bantel-cdn1.iptvperu.tv:1935/btnscrtn/cinehispano.stream/playlist.m3u8
TV,iptv-org Movies,Cine Horreur by Pluto TV,FAIL,HTTP 403,1.08,https://jmp2.uk/plu-66e1978babec540008ce41ac.m3u8
TV,iptv-org Movies,Cine Nanar (1080p),OK,HLS playlist + segment reachable,0.34,https://zylo-cinenanar-rakuten.amagi.tv/playlist.m3u8
TV,iptv-org Movies,Cine Premiere,FAIL,HTTP 403,0.3,https://jmp2.uk/plu-5cf968040ab7d8f181e6a68b.m3u8
TV,iptv-org Movies,Cine Premium (1080p),UNVERIFIED,no route from test server (geo-lock/IPv6/timeout) - test on the TV box,10.16,http://bantel-cdn1.iptvperu.tv:1935/btnscrtn/cinepremium.stream/playlist.m3u8
TV,iptv-org Movies,Cine Retro by Pluto TV,FAIL,HTTP 403,0.95,https://jmp2.uk/plu-5f8ed168f72fcd0007e56269.m3u8
TV,iptv-org Movies,Cine Romance by Pluto TV,FAIL,HTTP 403,1.17,https://jmp2.uk/plu-60812fc8539963000707d1e1.m3u8
TV,iptv-org Movies,Cine Romantico (720p),OK,HLS playlist + segment reachable,0.49,https://d1si3n1st4nkgb.cloudfront.net/10502/88886011/hls/master.m3u8?ads.xumo_channelId=88886011
TV,iptv-org Movies,Cine Sci-Fi by Pluto TV,FAIL,HTTP 403,0.55,https://jmp2.uk/plu-60c34592c911890007f29a73.m3u8
TV,iptv-org Movies,Cine Sony (720p),OK,HLS playlist + segment reachable,0.8,https://a-cdn.klowdtv.com/live1/cine_720p/playlist.m3u8
TV,iptv-org Movies,Cine Terror,FAIL,HTTP 403,0.42,https://jmp2.uk/plu-5d8d180092e97a5e107638d3.m3u8
TV,iptv-org Movies,Cine Terror BR,FAIL,HTTP 403,1.17,https://jmp2.uk/plu-5f12111c9e6c2c00078ef3bb.m3u8
TV,iptv-org Movies,Cine Terror LatAm,FAIL,HTTP 403,0.58,https://jmp2.uk/plu-5dcddf1ed95e740009fef7ab.m3u8
TV,iptv-org Movies,Cine Thrillers by Pluto TV,FAIL,HTTP 403,1.02,https://jmp2.uk/plu-60c3472a51a2050008dad272.m3u8
TV,iptv-org Movies,Cine Western (France) (1080p),OK,HLS playlist + segment reachable,0.49,https://amg00711-zylo-amg00711c8-rakuten-uk-2686.playouts.now.amagi.tv/playlist/amg00711-zylofast-cinewestern-rakutenuk/playlist.m3u8
TV,iptv-org Movies,Cine Western (Spain) (1080p),OK,HLS playlist + segment reachable,0.56,https://d2nq34q0i1r3la.cloudfront.net/v1/master/3722c60a815c199d9c0ef36c5b73da68a62b09d1/cc-awohw8g217ho8/CineWestern_ES.m3u8
TV,iptv-org Movies,Cine Western by Pluto TV,FAIL,HTTP 403,1.11,https://jmp2.uk/plu-65cca3e2ec452d0008af3a65.m3u8
TV,iptv-org Movies,Cine+,OK,HLS playlist + segment reachable,0.6,http://777905.live.tvstitch.com/playlist.m3u8?source=aHR0cDovLzE3Ni4xMjIuMTAzLjUxOjcwMDAvY2gzMy90cmFja3MtdjJhMS9tb25vLm0zdTg%2FbGl2ZT0xJmlwPTE3OC4xMzYuNDIuMjIwJmlkPTk0ODg2NSZzZWNyZXQ9bjF1N3VpMDYmc3NsPTEmMjF5bz0wJmU9MTc5MDc1MjM2MiZzdD12bmp2elZKY2JtUndKMkFzY1l0UWpR&master=567
TV,iptv-org Movies,Cine+ Classic,UNVERIFIED,no route from test server (geo-lock/IPv6/timeout) - test on the TV box,10.01,http://99.27.51.147/CineClassic/index.m3u8
TV,iptv-org Movies,Cine+ Emotion (720p),FAIL,HTTP 403,0.26,http://145.239.5.177/337/index.m3u8
TV,iptv-org Movies,Cine+ Frisson (1080p),UNVERIFIED,no route from test server (geo-lock/IPv6/timeout) - test on the TV box,10.01,http://99.27.51.147:8080/CineFrisson/index.m3u8
TV,iptv-org Movies,Cine+ Hit,OK,HLS playlist + segment reachable,0.59,http://777905.live.tvstitch.com/playlist.m3u8?source=aHR0cDovLzE3Ni4xMjIuMTAzLjI0MTo3MDAwL2NoNDAvdHJhY2tzLXYyYTEvbW9uby5tM3U4P2xpdmU9MSZpcD0xNzguMTM2LjQyLjIyMCZpZD05NDg4NjUmc2VjcmV0PW4xdTd1aTA2JnNzbD0xJjIxeW89MCZlPTE3OTA3NTI3NDUmc3Q9cVZaQ3Vpd2l3UzEwLW1tMzEwMktDZw%3D%3D&master=539
TV,iptv-org Movies,Cine+ Legend,OK,HLS playlist + segment reachable,0.55,http://777905.live.tvstitch.com/playlist.m3u8?source=aHR0cDovLzE3Ni4xMjIuMTAzLjI0MTo3MDAwL2NoMzQvdHJhY2tzLXYxYTEvbW9uby5tM3U4P2xpdmU9MSZpcD0xNzguMTM2LjQyLjIyMCZpZD05NDg4NjUmc2VjcmV0PW4xdTd1aTA2JnNzbD0xJjIxeW89MCZlPTE3OTA3NTI2Mzgmc3Q9RHdRc3AyN2l6V3J1dllqUEZ5aS1yUQ%3D%3D&master=568
TV,iptv-org Movies,cine.box,UNVERIFIED,no route from test server (geo-lock/IPv6/timeout) - test on the TV box,10.01,http://212.70.131.37:8000/play/a08b
TV,iptv-org Movies,Cinecanal (1080p),UNVERIFIED,no route from test server (geo-lock/IPv6/timeout) - test on the TV box,10.01,http://15.204.246.24:8080/CinecanalHD/index.m3u8
TV,iptv-org Movies,Cinecanal Pacific (1080p),UNVERIFIED,no route from test server (geo-lock/IPv6/timeout) - test on the TV box,10.01,http://138.121.15.230:9002/CINECANAL/index.m3u8
TV,iptv-org Movies,CineLatino (720p),FAIL,HTTP 400,0.32,http://45.162.193.35/CINELATINO_HD/index.m3u8
TV,iptv-org Movies,Cinema (Mongolia) (1080p),FAIL,HTTP 403,0.97,https://cdn4.skygo.mn/live/disk1/CinemaTV/DASH-FTA/CinemaTV.mpd
TV,iptv-org Movies,CinemaWorld (720p),UNVERIFIED,no route from test server (geo-lock/IPv6/timeout) - test on the TV box,10.06,http://nmk.ioapk.com:5050/4gtv-live069/index.m3u8
TV,iptv-org Movies,Cinemax Classics (1080p),UNVERIFIED,no route from test server (geo-lock/IPv6/timeout) - test on the TV box,10.01,http://23.237.104.106:8080/USA_5STARMAX/index.m3u8
TV,iptv-org Movies,Cinemax Hits (1080p),UNVERIFIED,no route from test server (geo-lock/IPv6/timeout) - test on the TV box,10.01,http://23.237.104.106:8080/USA_MOREMAX/index.m3u8
TV,iptv-org Movies,CineStar 1 Bulgaria,UNVERIFIED,no route from test server (geo-lock/IPv6/timeout) - test on the TV box,10.01,http://213.91.179.28:8000/play/a05h
TV,iptv-org Movies,Cinevault 80s (720p),FAIL,HTTP 404,0.39,https://aegis-cloudfront-1.tubi.video/ea1ab5d1-f554-4f6b-b03f-2611fcd94257/playlist.m3u8
TV,iptv-org Movies,Classic Cinema (240p) [Not 24/7],OK,HLS playlist + segment reachable,0.28,https://rpn.bozztv.com/gusa/gusa-classiccinema/index.m3u8
TV,iptv-org Movies,Classic Movie Westerns,FAIL,HTTP 403,1.07,https://jmp2.uk/plu-61f33318210549000806a530.m3u8
TV,iptv-org Movies,Classic Movies Channel,FAIL,HTTP 403,0.43,https://jmp2.uk/plu-561c5b0dada51f8004c4d855.m3u8
TV,iptv-org Movies,Classique TV (360p),OK,HLS playlist + segment reachable,0.22,https://stmv1.srvif.com/classique/classique/playlist.m3u8
TV,iptv-org Movies,CND Film Middle School Channel,FAIL,HTTP 503,2.47,http://live2.rxip.sc96655.com/live/zxs_4000.m3u8?A=&E=&K=&P=&S=&U=
TV,iptv-org Movies,Colors Cineplex Bollywood (576p),UNVERIFIED,no route from test server (geo-lock/IPv6/timeout) - test on the TV box,10.01,http://202.70.146.135:8000/play/a058/index.m3u8
TV,iptv-org Movies,Cosmos Tv,UNVERIFIED,no route from test server (geo-lock/IPv6/timeout) - test on the TV box,6.05,https://tv.mediacp.eu:19360/cosmos/cosmos.m3u8
TV,iptv-org Movies,Cosmos Tv SD,UNVERIFIED,no route from test server (geo-lock/IPv6/timeout) - test on the TV box,6.05,https://canaletaplus.com:3922/live/cosmoslive.m3u8
TV,iptv-org Movies,CTB Perth Movies Channel (720p),UNVERIFIED,no route from test server (geo-lock/IPv6/timeout) - test on the TV box,10.4,https://movies.ctbperth.net.au/hls/stream.m3u8
TV,iptv-org Movies,De Pelicula Latin America (1080p),UNVERIFIED,no route from test server (geo-lock/IPv6/timeout) - test on the TV box,10.01,http://38.19.41.46:8081/DEPELICULA/index.m3u8
TV,iptv-org Movies,De Pelicula US (720p),UNVERIFIED,no route from test server (geo-lock/IPv6/timeout) - test on the TV box,10.01,http://138.121.15.230:9002/DEPELICULA/index.m3u8
TV,iptv-org Movies,DHE (1080p),UNVERIFIED,no route from test server (geo-lock/IPv6/timeout) - test on the TV box,10.01,http://15.204.246.24:8080/DHEHD/index.m3u8
TV,iptv-org Movies,Diema,UNVERIFIED,no route from test server (geo-lock/IPv6/timeout) - test on the TV box,10.01,http://213.91.179.28:8000/play/a045
TV,iptv-org Movies,DUST (1080p),OK,HLS playlist + segment reachable,0.34,https://dqi7ayt2o24fn.cloudfront.net/playlist.m3u8
TV,iptv-org Movies,Ebony TV by Lionsgate (1080p),OK,HLS playlist + segment reachable,0.42,https://aegis-cloudfront-1.tubi.video/a0ad4b53-ab3a-48dd-be12-bc7f533c372c/playlist.m3u8
TV,iptv-org Movies,EBS Cinema (720p),PARTIAL,"playlist OK, segment failed: HTTP Error 403: Forbidden",0.26,https://rpn.bozztv.com/ebstv/ebscinema/index.m3u8
TV,iptv-org Movies,Ekran Movies,FAIL,HTTP 403,0.21,https://ca-rt.onetv.app/EkranMovies/index-0.m3u8?token=onetv202
TV,iptv-org Movies,Emotion L (1080p),OK,HLS playlist + segment reachable,0.35,https://rakutenaa-zylo-emotional-rakuten-r1zkm.amagi.tv/playlist/rakutenAA-zylo-emotional-rakuten/playlist.m3u8
TV,iptv-org Movies,Enter-Film (1080p),OK,HLS playlist + segment reachable,0.18,http://stream.mcquack.net/322/index.m3u8
TV,iptv-org Movies,Epic Bhojpuri (576p),OK,HLS playlist + segment reachable,1.05,https://mumt01.tangotv.in/O5aw8Zn3EPICBHOJPURI/index.m3u8
TV,iptv-org Movies,Epic Bhojpuri Digital (1080p),OK,HLS playlist + segment reachable,1.02,https://cc-8hy4a26pz2uos.akamaized.net/v1/master/3722c60a815c199d9c0ef36c5b73da68a62b09d1/cc-8hy4a26pz2uos/playlist.m3u8
TV,iptv-org Movies,ETV Cinema (396p),OK,HLS playlist + segment reachable,0.19,https://yupplivegcpusa.yuppcdn.net/100823/smil:etvcinema.smil/playlist.m3u8?hdnts=st=1735898689~exp=1835898688~acl=*~hmac=f5fe24724fe05481e3841f9eb5ab8efdee0a3dd83645ae9dcf45703f525bab7b
TV,iptv-org Movies,ETV Cinema HD (1080p),UNVERIFIED,no route from test server (geo-lock/IPv6/timeout) - test on the TV box,0.08,https://d27zlkxhgwrfgo.cloudfront.net/v1/master/9d43eacaed199f8d5883927e7aef514a8a08e108/ETV_CINEMA_H264_cloud_in/index.m3u8
TV,iptv-org Movies,Film1 Action,UNVERIFIED,no route from test server (geo-lock/IPv6/timeout) - test on the TV box,10.01,http://86.87.15.10:8008/play/a01l/index.m3u8
TV,iptv-org Movies,Film1 Drama,UNVERIFIED,no route from test server (geo-lock/IPv6/timeout) - test on the TV box,10.01,http://86.87.15.10:8008/play/a01k/index.m3u8
TV,iptv-org Movies,Film1 Family,UNVERIFIED,no route from test server (geo-lock/IPv6/timeout) - test on the TV box,10.01,http://86.87.15.10:8008/play/a01m/index.m3u8
TV,iptv-org Movies,Film1 Premiere,UNVERIFIED,no route from test server (geo-lock/IPv6/timeout) - test on the TV box,10.01,http://86.87.15.10:8008/play/a01n/index.m3u8
TV,iptv-org Movies,Film4,UNVERIFIED,no route from test server (geo-lock/IPv6/timeout) - test on the TV box,10.01,http://88.212.15.19/live/film4_hun/index.m3u8
TV,iptv-org Movies,Film & Arts (1080p),UNVERIFIED,no route from test server (geo-lock/IPv6/timeout) - test on the TV box,10.01,http://15.204.246.24:8080/FilmArtsHD/index.m3u8
TV,iptv-org Movies,Film Cafe,UNVERIFIED,no route from test server (geo-lock/IPv6/timeout) - test on the TV box,10.01,http://88.212.15.19/live/film_cafe/index.m3u8
TV,iptv-org Movies,Film Cafe Romania,FAIL,returned HTML page (geo-block / dead),0.39,https://atlantida1.aquax1.cfd/cofyfilm/usergendxn8lzrnd.m3u8
TV,iptv-org Movies,Film Now,FAIL,returned HTML page (geo-block / dead),0.39,https://thor1.syndula1.cfd/df/usergendlg1ks0t2n.m3u8
TV,iptv-org Movies,Film+ (Czech Republic),UNVERIFIED,no route from test server (geo-lock/IPv6/timeout) - test on the TV box,10.01,http://88.212.15.19/live/test_film_plus_25p/playlist.m3u8
TV,iptv-org Movies,Film+ (Hungary),UNVERIFIED,no route from test server (geo-lock/IPv6/timeout) - test on the TV box,10.01,http://88.212.15.19/live/film_plus_hun_atk/index.m3u8
TV,iptv-org Movies,Filmax (576p),OK,HLS playlist + segment reachable,0.9,https://s3.ideationtec.live/Filmax/Filmax.m3u8
TV,iptv-org Movies,Filmazia (576p),UNVERIFIED,no route from test server (geo-lock/IPv6/timeout) - test on the TV box,10.01,http://103.250.28.74:8000/play/a02k/index.m3u8
TV,iptv-org Movies,FILMBOX+ Comedy Czechia,UNVERIFIED,no route from test server (geo-lock/IPv6/timeout) - test on the TV box,10.01,http://88.212.15.19/live/test_filmbox_family_atk_1200/playlist.m3u8
TV,iptv-org Movies,FILMBOX+ Comedy Magyar (576p),UNVERIFIED,no route from test server (geo-lock/IPv6/timeout) - test on the TV box,10.01,http://88.212.15.19/live/test_filmbox_family_hun_atk_1200/playlist.m3u8
TV,iptv-org Movies,FILMBOX+ Comedy Romania,OK,HLS playlist + segment reachable,0.81,https://nosignal1.antenaplay.ro/hls/fb-comedy-hd/index.m3u8
TV,iptv-org Movies,FILMBOX+ Emotion Adria,FAIL,HTTP 403,0.85,https://webtvstream.bhtelecom.ba/filmbox_extra.m3u8
TV,iptv-org Movies,FILMBOX+ Emotion Bulgaria,UNVERIFIED,no route from test server (geo-lock/IPv6/timeout) - test on the TV box,10.01,http://213.91.179.28:8000/play/a04r
TV,iptv-org Movies,FILMBOX+ Emotion Czechia,UNVERIFIED,no route from test server (geo-lock/IPv6/timeout) - test on the TV box,10.01,http://88.212.15.19/live/test_film_boxextra_hd_hevc/playlist.m3u8
TV,iptv-org Movies,FILMBOX+ Emotion Hungary (1080p),UNVERIFIED,no route from test server (geo-lock/IPv6/timeout) - test on the TV box,10.01,http://88.212.15.19/live/test_filmbox_extra_hd_hun_atk_1200/playlist.m3u8
TV,iptv-org Movies,FILMBOX+ Emotion Romania,FAIL,returned HTML page (geo-block / dead),0.33,https://onyx1.mofta1.cfd/fboye/usergendlg8sl1ks0tv7sr8n.m3u8
TV,iptv-org Movies,FILMBOX+ Festival,OK,HLS playlist + segment reachable,0.83,https://dash3.antik.sk/live/test_filmbox_arthouse_atk_1200/playlist.m3u8
TV,iptv-org Movies,FILMBOX+ Festival HD (1080p),OK,HLS playlist + segment reachable,0.64,https://nosignal1.antenaplay.ro/hls/fb-festival-hd/index.m3u8
TV,iptv-org Movies,FILMBOX+ Hits Adria,FAIL,HTTP 403,1.15,https://webtvstream.bhtelecom.ba/filmbox_premium.m3u8
TV,iptv-org Movies,FILMBOX+ Hits Czechia,UNVERIFIED,no route from test server (geo-lock/IPv6/timeout) - test on the TV box,10.01,http://88.212.15.19/live/test_film_boxpremium_hd_hevc/playlist.m3u8
TV,iptv-org Movies,FILMBOX+ Hits Hungary,UNVERIFIED,no route from test server (geo-lock/IPv6/timeout) - test on the TV box,10.01,http://88.212.15.19/live/fb_premium_hungary/index.m3u8
TV,iptv-org Movies,FILMBOX+ Hits Romania (576p),OK,HLS playlist + segment reachable,0.6,https://nosignal1.antenaplay.ro/hls/fb-hits-sd/index.m3u8
TV,iptv-org Movies,FILMBOX+ Love & Crime,UNVERIFIED,no route from test server (geo-lock/IPv6/timeout) - test on the TV box,10.01,http://88.212.15.19/live/test_filmbox_plus_atk_1200/playlist.m3u8
TV,iptv-org Movies,FILMBOX+ Love & Crime Adria,FAIL,HTTP 403,0.85,https://webtvstream.bhtelecom.ba/filmbox_stars.m3u8
TV,iptv-org Movies,FILMBOX+ Love & Crime Bulgaria (720p),UNVERIFIED,no route from test server (geo-lock/IPv6/timeout) - test on the TV box,20.02,http://hls127.freeott.top:8080/BG_FilmBox_Stars_HD/video.m3u8
TV,iptv-org Movies,FILMBOX+ Love & Crime Romania,OK,HLS playlist + segment reachable,0.6,https://nosignal1.antenaplay.ro/hls/fb-love-and-crime-sd/index.m3u8
TV,iptv-org Movies,FILMBOX+ One Bulgaria (576p),UNVERIFIED,no route from test server (geo-lock/IPv6/timeout) - test on the TV box,20.02,http://hls127.freeott.top:8080/BG_Filmbox/video.m3u8
TV,iptv-org Movies,FILMBOX+ One Czechia,UNVERIFIED,no route from test server (geo-lock/IPv6/timeout) - test on the TV box,10.01,http://88.212.15.19/live/test_filmbox/playlist.m3u8
TV,iptv-org Movies,FILMBOX+ One Magyar,UNVERIFIED,no route from test server (geo-lock/IPv6/timeout) - test on the TV box,10.01,http://88.212.15.19/live/test_filmbox_plus_hun_atk_1200/playlist.m3u8
TV,iptv-org Movies,FILMBOX+ One Nederland,UNVERIFIED,no route from test server (geo-lock/IPv6/timeout) - test on the TV box,10.01,http://46.149.191.219:9100/play/a015
TV,iptv-org Movies,FILMBOX+ One Romania (576p),OK,HLS playlist + segment reachable,0.76,https://nosignal1.antenaplay.ro/hls/fb-one-sd/index.m3u8
TV,iptv-org Movies,Filmes Suspense,FAIL,HTTP 403,0.94,https://jmp2.uk/plu-5f171d3442a0500007362f22.m3u8
TV,iptv-org Movies,Filmex (1080p) [Geo-blocked],OK,HLS playlist + segment reachable,0.3,https://filmex-filmex-xumo.amagi.tv/playlist.m3u8
TV,iptv-org Movies,Filmex Clasico (1080p) [Geo-blocked],OK,HLS playlist + segment reachable,0.29,https://filmex-filmexclasico-xumo.amagi.tv/playlist.m3u8
TV,iptv-org Movies,FilmRise Forensic Files (720p) [Geo-blocked],OK,HLS playlist + segment reachable,0.42,https://pb-x9qsxrudiq9d2.akamaized.net/webvtt/v1/18584c3f3a2a4df8/88886014/master.m3u8
TV,iptv-org Movies,FilmUA Live,OK,HLS playlist + segment reachable,0.42,https://dash2.antik.sk/live/test_film_life_atktv/playlist.m3u8
TV,iptv-org Movies,Flicks of Fury,FAIL,HTTP 403,0.28,https://jmp2.uk/plu-58e55b14ad8e9c364d55f717.m3u8
TV,iptv-org Movies,FMH Movies (1080p),UNVERIFIED,no route from test server (geo-lock/IPv6/timeout) - test on the TV box,10.06,https://cdn1tlinkgo.tlink.cl/fmhmovies/index.m3u8
TV,iptv-org Movies,FrightFlix (720p),OK,HLS playlist + segment reachable,0.57,https://stream-us-east-1.getpublica.com/playlist.m3u8?network_id=2229
TV,iptv-org Movies,GEM Bollywood,FAIL,HTTP 403,0.23,https://ca-rt.onetv.app/gembollywood/index-0.m3u8?token=onetv202
TV,iptv-org Movies,GEM Drama,FAIL,HTTP 403,0.25,https://ca-rt.onetv.app/gemdrama/index-0.m3u8?token=onetv202
TV,iptv-org Movies,GEM Drama +,FAIL,HTTP 403,0.23,https://ca-rt.onetv.app/gemdramaplus/index-0.m3u8?token=onetv202
TV,iptv-org Movies,GEM Film,FAIL,HTTP 403,0.33,https://ca-rt.onetv.app/gemfilm/index-0.m3u8?token=onetv202
TV,iptv-org Movies,GEM Onyx,FAIL,HTTP 403,0.31,https://ca-rt.onetv.app/gemonyx/index-0.m3u8?token=onetv202
TV,iptv-org Movies,GEM Pixel,OK,HLS playlist + segment reachable,0.75,https://glserver1.tamashaland.com/live/aBCH96886YznRbGOiqTnnQ__/stream_0.m3u8
TV,iptv-org Movies,GEM Rubix,FAIL,HTTP 403,0.4,https://ca-rt.onetv.app/gemrubix/index-0.m3u8?token=onetv202
TV,iptv-org Movies,GEM Rubix +,FAIL,HTTP 403,0.22,https://ca-rt.onetv.app/gemrubixplus/index-0.m3u8?token=onetv202
TV,iptv-org Movies,GEM TV,FAIL,HTTP 403,0.23,https://ca-rt.onetv.app/gem/index-0.m3u8?token=onetv202
TV,iptv-org Movies,GEM TV +,FAIL,HTTP 403,0.22,https://ca-rt.onetv.app/gemtvplus/index-0.m3u8?token=onetv202
TV,iptv-org Movies,Ghost TV (712p) [Not 24/7],FAIL,URLError: <urlopen error [SSL: CERTIFICATE_VERIFY_FAILED] certificate ,0.55,https://stmv.video.expressolider.com.br/ghostv/ghostv/playlist.m3u8
TV,iptv-org Movies,Girlfriends Films,FAIL,HTTP 403,0.29,https://jmp2.uk/plu-66ba1e4446762a000855cd87.m3u8
TV,iptv-org Movies,Gold Star,OK,HLS playlist + segment reachable,0.44,https://moviethls.wns.live/hls/stream.m3u8
TV,iptv-org Movies,Golden Premier,UNVERIFIED,no route from test server (geo-lock/IPv6/timeout) - test on the TV box,10.31,https://xyktmobile00.s.gy/PPV902_GOLDENP1_HD
TV,iptv-org Movies,Goldmines 2 (576p),OK,HLS playlist + segment reachable,1.11,https://mumt03.tangotv.in/Dsly5z3HGOLDMINES2/index.m3u8
TV,iptv-org Movies,Goldmines (576p),OK,HLS playlist + segment reachable,1.16,https://streams.tangotv.in/GOLDMINES/ORIGIN/index.m3u8
TV,iptv-org Movies,Goldmines Action (576p),OK,HLS playlist + segment reachable,1.11,https://mumt03.tangotv.in/Dsly5z3HGOLDMINESACTION/index.m3u8
TV,iptv-org Movies,Goldmines Bollywood (576p),OK,HLS playlist + segment reachable,1.12,https://mumt03.tangotv.in/Dsly5z3HGOLDMINESBOLLYWOOD/index.m3u8
TV,iptv-org Movies,Goldmines Movies (576p),UNVERIFIED,no route from test server (geo-lock/IPv6/timeout) - test on the TV box,10.01,http://103.175.73.12:8080/live/51/51_0.m3u8
TV,iptv-org Movies,Grand Cinema,OK,HLS playlist + segment reachable,0.67,https://gcinemahls.wns.live/hls/stream.m3u8
TV,iptv-org Movies,Gravitas Movies (1080p),OK,HLS playlist + segment reachable,0.2,https://d6dg3ebeih71x.cloudfront.net/Gravitas_Movies.m3u8
TV,iptv-org Movies,GREAT! movies (1080p),OK,HLS playlist + segment reachable,0.31,https://amg01753-narrativeuk-amg01753c3-lg-gb-1833.playouts.now.amagi.tv/playlist/amg01753-narrativeuk-greatmovies-lggb/playlist.m3u8
TV,iptv-org Movies,GREAT! romance (1080p),OK,HLS playlist + segment reachable,0.42,https://amg01753-narrativeuk-amg01753c2-lg-gb-1832.playouts.now.amagi.tv/playlist/amg01753-narrativeuk-greatchristmas-lggb/playlist.m3u8
TV,iptv-org Movies,Grjngo Western Movies (720p),OK,HLS playlist + segment reachable,0.29,https://amogonetworx-grjngo-3-dk.samsung.wurl.tv/playlist.m3u8
TV,iptv-org Movies,Groovy TV (360p),UNVERIFIED,no route from test server (geo-lock/IPv6/timeout) - test on the TV box,10.15,http://web.onair-radio.eu:1935/groovytv/groovytv/playlist.m3u8
TV,iptv-org Movies,Hallmark Movies & More (1080p),OK,HLS playlist + segment reachable,0.42,https://dbrb49pjoymg4.cloudfront.net/v1/master/3fec3e5cac39a52b2132f9c66c83dae043dc17d4/prod_default_xumo-ams-aws/master.m3u8?ads.xumo_channelId=99991709
TV,iptv-org Movies,Harbin Movie Channel,OK,HLS playlist + segment reachable,2.24,https://stream.hrbtv.net/yspd/playlist.m3u8
TV,iptv-org Movies,HBO Hits (720p),UNVERIFIED,no route from test server (geo-lock/IPv6/timeout) - test on the TV box,10.08,http://tvsen7.aynascope.net/hbo2/index.m3u8
TV,iptv-org Movies,HBO Hits East HD (720p),UNVERIFIED,no route from test server (geo-lock/IPv6/timeout) - test on the TV box,10.01,http://4.30.180.36:8420/hbo2/index.m3u8?token=test
TV,iptv-org Movies,HBO Movies (720p),UNVERIFIED,no route from test server (geo-lock/IPv6/timeout) - test on the TV box,10.01,http://23.237.104.106:8080/USA_HBO_ZONE/index.m3u8
TV,iptv-org Movies,Hero (720p) [Not 24/7],FAIL,HTTP 404,1.29,https://live-fi.tvkaista.net/hero/live.m3u8?hd=true
TV,iptv-org Movies,Hollywood Ukraine (576p),FAIL,HTTP 404,0.48,http://dtv.vol.net.ua/Hollywood-HD/index.m3u8
TV,iptv-org Movies,HomePlus,OK,HLS playlist + segment reachable,0.55,https://homeplushls.wns.live/hls/stream.m3u8
TV,iptv-org Movies,Horror Channel (1080p),UNVERIFIED,no route from test server (geo-lock/IPv6/timeout) - test on the TV box,10.01,http://str2.iptvhd.ru:8080/Horror/index.m3u8
TV,iptv-org Movies,ICC plus (1080p),OK,HLS playlist + segment reachable,0.57,https://icchls.wns.live/hls/stream.m3u8
TV,iptv-org Movies,IFC (1080p),UNVERIFIED,no route from test server (geo-lock/IPv6/timeout) - test on the TV box,10.01,http://23.237.104.106:8080/USA_IFC/index.m3u8
TV,iptv-org Movies,iFilm 2,FAIL,URLError: <urlopen error [SSL: CERTIFICATE_VERIFY_FAILED] certificate ,2.45,https://live.presstv.ir/hls/ifilm2.m3u8
TV,iptv-org Movies,iFilm Arabic,FAIL,URLError: <urlopen error [SSL: CERTIFICATE_VERIFY_FAILED] certificate ,1.92,https://live.presstv.ir/hls/ifilmar.m3u8
TV,iptv-org Movies,iFilm English,FAIL,URLError: <urlopen error [SSL: CERTIFICATE_VERIFY_FAILED] certificate ,2.62,https://live.presstv.ir/hls/ifilmen.m3u8
TV,iptv-org Movies,iFilm Persian,FAIL,URLError: <urlopen error [SSL: CERTIFICATE_VERIFY_FAILED] certificate ,3.7,https://live.presstv.ir/hls/ifilmfa.m3u8
TV,iptv-org Movies,Indywood TV (720p),OK,HLS playlist + segment reachable,0.24,https://43wrzjnpqoxe-hls-live.wmncdn.net/indywood/indywoodtv/index.m3u8
TV,iptv-org Movies,Itage TV (480p),PARTIAL,"playlist OK, segment failed: HTTP Error 403: Forbidden",0.53,https://viewmedia7219.bozztv.com/wmedia/viewmedia100/web_011/Stream/playlist.m3u8
TV,iptv-org Movies,Jiangsu Movie Channel (576p),UNVERIFIED,no route from test server (geo-lock/IPv6/timeout) - test on the TV box,10.01,http://223.110.243.134/PLTV/4/224/3221225937/index.m3u8
TV,iptv-org Movies,Jiangxi Movie Channel,FAIL,HTTP 403,2.67,https://play-live-hls.jxtvcn.com.cn/live-city/tv_jxtv4.m3u8
TV,iptv-org Movies,Jilin Movie Channel,FAIL,HTTP 567,1.6,https://lsfb.avap.jilintv.cn/zqvk7vpj/channel/906341e6f19b4c4bacdc89941eb85d12/index.m3u8
TV,iptv-org Movies,Kairali We (576p),OK,HLS playlist + segment reachable,1.18,https://streams.tangotv.in/WETV/ORIGIN/index.m3u8
TV,iptv-org Movies,Kantipur Max [Geo-blocked],UNVERIFIED,no route from test server (geo-lock/IPv6/timeout) - test on the TV box,6.15,https://ktvhdsg.ekantipur.com:8443/ktvmax2025/match2/playlist.m3u8
TV,iptv-org Movies,KCM India (1080p) [Geo-blocked],OK,HLS playlist + segment reachable,0.38,https://amg02159-amg02159c7-samsung-in-4001.playouts.now.amagi.tv/playlist/amg02159-kcglobal-kcm-samsungin/playlist.m3u8
TV,iptv-org Movies,Kids Movie Club,FAIL,HTTP 403,0.47,https://jmp2.uk/plu-5db0ad56edc89300090d2ebb.m3u8
TV,iptv-org Movies,KidsFlix (1080p) [Not 24/7],OK,HLS playlist + segment reachable,0.26,https://stream-us-east-1.getpublica.com/playlist.m3u8?network_id=50
TV,iptv-org Movies,Kino Barrandov,UNVERIFIED,no route from test server (geo-lock/IPv6/timeout) - test on the TV box,10.01,http://88.212.15.19/live/test_kino_barrandov_sd_hevc50/playlist.m3u8
TV,iptv-org Movies,Kino Nova,UNVERIFIED,no route from test server (geo-lock/IPv6/timeout) - test on the TV box,10.01,http://213.91.179.28:8000/play/a041
TV,iptv-org Movies,Kinoliving (1080p),OK,application/vnd.apple.mpegurl,0.31,http://stream.mcquack.net/445/index.m3u8
TV,iptv-org Movies,Kinoteatr (1080p),OK,HLS playlist + segment reachable,0.8,https://stream8.cinerama.uz/1009/tracks-v1a1/playlist.m3u8
TV,iptv-org Movies,Kinowood (1080p),OK,application/vnd.apple.mpegurl,0.17,http://stream.mcquack.net/446/index.m3u8
TV,iptv-org Movies,Klasik (576p) [Not 24/7],UNVERIFIED,no route from test server (geo-lock/IPv6/timeout) - test on the TV box,6.05,https://178.253.194.105/klasiktv/playlist.m3u8
TV,iptv-org Movies,Komsan TV [Not 24/7],UNVERIFIED,no route from test server (geo-lock/IPv6/timeout) - test on the TV box,10.32,http://tv.cootel.com.kh:8077/streams/d/Komsan/playlist.m3u8
TV,iptv-org Movies,Kuriakos Cine (1080p),OK,HLS playlist + segment reachable,0.8,https://w2.manasat.com/kcine/smil:kcine.smil/playlist.m3u8
TV,iptv-org Movies,Lifetime Movies (1080p),UNVERIFIED,no route from test server (geo-lock/IPv6/timeout) - test on the TV box,10.01,http://23.237.104.106:8080/USA_LMN/index.m3u8
TV,iptv-org Movies,Lollywood HD TV,OK,HLS playlist + segment reachable,0.47,https://stream.berosat.live/hls/lollywood-hd/lollywood-hd.m3u8
TV,iptv-org Movies,Maah TV (720p),OK,HLS playlist + segment reachable,0.5,https://hls.maahtv.live/hls/stream.m3u8
TV,iptv-org Movies,Made In Hollywood,OK,HLS playlist + segment reachable,0.35,https://connection3-ent-nz.samsung.wurl.tv/playlist.m3u8
TV,iptv-org Movies,Magnificent Movies Network,FAIL,HTTP 404,0.16,https://mmn1-301f.kxcdn.com/hls/MMN-HLS.m3u8
TV,iptv-org Movies,Magyar Mozi TV,UNVERIFIED,no route from test server (geo-lock/IPv6/timeout) - test on the TV box,10.01,http://88.212.15.19/live/mozi/index.m3u8
TV,iptv-org Movies,Maha Movie (576p),OK,HLS playlist + segment reachable,0.85,https://cdn.pishow.tv/ott/live/10007/master.m3u8
TV,iptv-org Movies,Manoranjan Grand (720p),OK,HLS playlist + segment reachable,0.88,https://cdn.pishow.tv/ott/live/1011/master.m3u8
TV,iptv-org Movies,Manoranjan Movies (576p),OK,HLS playlist + segment reachable,1.09,https://mumt04.tangotv.in/m18aqlK4MANORANJANMOVIES/index.m3u8
TV,iptv-org Movies,Maverick Black Cinema (1080p),OK,HLS playlist + segment reachable,0.4,https://maverick-maverick-black-cinema-3-us.roku.wurl.tv/playlist.m3u8
TV,iptv-org Movies,Max (576p),FAIL,HTTP 404,0.24,http://5.254.89.106:80/8882/index.m3u8
TV,iptv-org Movies,MBC Bollywood (1080p) [Geo-blocked],OK,HLS playlist + segment reachable,0.35,https://shd-gcp-live.edgenextcdn.net/live/bitmovin-mbc-bollywood/546eb40d7dcf9a209255dd2496903764/index.m3u8
TV,iptv-org Movies,MBC+ Drama (1080p),OK,HLS playlist + segment reachable,0.46,https://shd-gcp-live.edgenextcdn.net/live/bitmovin-mbc-plus-drama/e37251ec2aac8f6c98f75cd0fa37cd28/index.m3u8
TV,iptv-org Movies,MCI Television (1080p),OK,HLS playlist + segment reachable,0.25,https://video.ejeserver.com/live/mcitelevision.m3u8
TV,iptv-org Movies,Medium (Germany),FAIL,HTTP 403,1.09,https://jmp2.uk/plu-6578808014fbe400086e21bc.m3u8
TV,iptv-org Movies,Mega Cine TV (1080p),OK,HLS playlist + segment reachable,0.28,https://cnn.hostlagarto.com/megacinetv/playlist.m3u8
TV,iptv-org Movies,Mei Ah Movie Channel (1080p),UNVERIFIED,no route from test server (geo-lock/IPv6/timeout) - test on the TV box,10.01,http://103.172.187.30:12000/stream/mytv/null-9/master.m3u8
TV,iptv-org Movies,Merry Christmas from Viafree,FAIL,HTTP 403,1.04,https://jmp2.uk/plu-6304854ac6073d0007259fe1.m3u8
TV,iptv-org Movies,Merry Christmas from Viafree DK,FAIL,HTTP 403,0.94,https://jmp2.uk/plu-63048147b09fd60007847a08.m3u8
TV,iptv-org Movies,Merry Christmas from Viafree NO,FAIL,HTTP 403,0.94,https://jmp2.uk/plu-63047bd6b0726b000795341d.m3u8
TV,iptv-org Movies,Meta Film TV,OK,HLS playlist + segment reachable,0.42,https://metafilmhls.wns.live/hls/stream.m3u8
TV,iptv-org Movies,MH One Movies (576p),OK,HLS playlist + segment reachable,1.09,https://mumt03.tangotv.in/Dsly5z3HMHONEMOVIE/index.m3u8
TV,iptv-org Movies,Mix Hollywood (1080p),OK,HLS playlist + segment reachable,3.11,https://ml-pull-hwc.myco.io/MixTV/hls/index.m3u8
TV,iptv-org Movies,MN+,FAIL,HTTP 403,1.05,https://cdn4.skygo.mn/live/disk1/MNplus91/HLSv3-FTA/MNplus91.m3u8
TV,iptv-org Movies,MNX (576p),UNVERIFIED,no route from test server (geo-lock/IPv6/timeout) - test on the TV box,10.01,http://59.103.38.46:8000/play/a052/index.m3u8
TV,iptv-org Movies,More TV Sci-fi,FAIL,HTTP 403,0.95,https://jmp2.uk/plu-645e00d5d3fdde000829463a.m3u8
TV,iptv-org Movies,Movie Bangla,OK,HLS playlist + segment reachable,0.75,http://alvetv.com/moviebanglatv/8080/index.m3u8
TV,iptv-org Movies,Movie Star (720p),OK,HLS playlist + segment reachable,0.91,https://shift03.isp.bg/MovieStar/index.m3u8
TV,iptv-org Movies,MovieBox (1080p),FAIL,HTTP 403,0.82,https://cdn4.skygo.mn/live/disk1/Moviebox/DASH-FTA/Moviebox.mpd
TV,iptv-org Movies,Moviedome (720p),FAIL,HTTP 403,0.52,https://jmp2.uk/plu-615c1e5ce3039400070a0547.m3u8
TV,iptv-org Movies,Movies Action (1080p),OK,HLS playlist + segment reachable,0.2,https://shd-amg-fast.edgenextcdn.net/tx011/playlist.m3u8
TV,iptv-org Movies,Movies Thriller (1080p),OK,HLS playlist + segment reachable,0.49,https://shd-amg-fast.edgenextcdn.net/tx012/playlist.m3u8
TV,iptv-org Movies,Movies! (480p),FAIL,HTTP 403,0.45,https://bozztv.com/dvrfl03/hdirect/hdirect-ovair1-movies!/index.m3u8
TV,iptv-org Movies,Movies! KPVM-LD,OK,HLS playlist + segment reachable,0.4,https://2-fss-2.streamhoster.com/pl_120/206858-4412962-1/playlist.m3u8
TV,iptv-org Movies,MovieSmart Turk (576p),UNVERIFIED,no route from test server (geo-lock/IPv6/timeout) - test on the TV box,10.06,http://playhdnewjj.xyz:8080/recc121412/KVqfhtdJ2nQ7/174
TV,iptv-org Movies,MovieSphere (1080p),OK,HLS playlist + segment reachable,0.2,https://amg00353-lionsgatestudio-moviesphere-xumo-zh5u0.amagi.tv/playlist.m3u8
TV,iptv-org Movies,MovieSphere AU (1080p),OK,HLS playlist + segment reachable,0.34,https://amg00353-lionsgatefilmsi-moviesphereaus-samsungau-7qzhf.amagi.tv/playlist/amg00353-lionsgatefilmsi-moviesphereaus-samsungau/playlist.m3u8
TV,iptv-org Movies,MovieSphere CA,FAIL,HTTP 403,0.27,https://jmp2.uk/plu-64a3d96f060e830008af6745.m3u8
TV,iptv-org Movies,MovieSphere UK (1080p),OK,HLS playlist + segment reachable,0.25,https://moviesphereuk-samsunguk.amagi.tv/playlist.m3u8
TV,iptv-org Movies,MovieSphere Gold WFXT (1080p),OK,HLS playlist + segment reachable,0.72,https://cdn-uw2-prod.tsv2.amagi.tv/linear/amg01438-ewscrippscompan-ionmystery-tablo/playlist.m3u8
TV,iptv-org Movies,Mozi+,UNVERIFIED,no route from test server (geo-lock/IPv6/timeout) - test on the TV box,10.01,http://88.212.15.19/live/mozi_plusz/index.m3u8
TV,iptv-org Movies,Moziverzum,UNVERIFIED,no route from test server (geo-lock/IPv6/timeout) - test on the TV box,10.01,http://88.212.15.19/live/moziverzum/index.m3u8
TV,iptv-org Movies,MWD Movies [Not 24/7],OK,HLS playlist + segment reachable,0.49,http://203.81.84.130/hls/mwd_movie/index.m3u8
TV,iptv-org Movies,My Cinema [Geo-blocked],UNVERIFIED,no route from test server (geo-lock/IPv6/timeout) - test on the TV box,0.29,https://op-group1-swiftservehd-1.dens.tv/h/h192/index.m3u8
TV,iptv-org Movies,My Cinema Europe,FAIL,HTTP 403,2.42,https://op-group1-densxvisionhd-1.dens.tv/h/h18/index.m3u8
TV,iptv-org Movies,MyTime Movie Network (Brazil) (720p),OK,HLS playlist + segment reachable,0.26,https://appletree-mytime-samsungbrazil.amagi.tv/playlist.m3u8
TV,iptv-org Movies,MyTime Movie Network (Mexico) (720p),OK,HLS playlist + segment reachable,0.32,https://appletree-mytime-samsungmexico.amagi.tv/playlist.m3u8
TV,iptv-org Movies,MyTime Movie Network (Spain) (1080p),OK,HLS playlist + segment reachable,0.3,https://appletree-mytimespain-rakuten.amagi.tv/playlist.m3u8
TV,iptv-org Movies,MyTime Movie Network (United Kingdom) (1080p),OK,HLS playlist + segment reachable,0.28,https://appletree-mytimeuk-rakuten.amagi.tv/playlist.m3u8
TV,iptv-org Movies,MyTime Movie Network East (1080p),OK,HLS playlist + segment reachable,0.31,https://appletree-mytimeau-samsung.amagi.tv/playlist.m3u8
TV,iptv-org Movies,NEW K.MOVIES (1080p),PARTIAL,"playlist OK, segment failed: HTTP Error 400: Bad Request",2.65,https://ads.its-newid.net/api/manifest.m3u8?ads.service_id=GB1700007PK&channel_id=newid_343&tp=samsung_tvplus
TV,iptv-org Movies,NewFlix,FAIL,URLError: <urlopen error [SSL: CERTIFICATE_VERIFY_FAILED] certificate ,0.29,https://newfhls.wns.live/hls/stream.m3u8
TV,iptv-org Movies,Next HD (480p),UNVERIFIED,no route from test server (geo-lock/IPv6/timeout) - test on the TV box,6.05,https://live.enhdtv.com:19360/nexthd/nexthd.m3u8
TV,iptv-org Movies,NH BollyFlix (1080p),OK,HLS playlist + segment reachable,1.99,https://jmp2.uk/stvp-IN46000140Q
TV,iptv-org Movies,NH BollyGold (1080p),OK,HLS playlist + segment reachable,1.04,https://0dc330e6408b4c3b9ac31fd37b121368.mediatailor.ap-south-1.amazonaws.com/v1/master/d367f9b863a7a04827f71ecab4cbeeb11f78a827/nh-bollygold-airtel/playlist.m3u8
TV,iptv-org Movies,NH Tamil Gold (1080p),OK,HLS playlist + segment reachable,0.87,https://d3arbp6l7f096k.cloudfront.net/v1/master/3722c60a815c199d9c0ef36c5b73da68a62b09d1/pb-gv6wgpbb4mgwk/playlist.m3u8?ads.ads_cdn=cf&ads.app_domain=APP_DOMAIN&ads.cdn=cf
TV,iptv-org Movies,Nolly Africa (1080p),OK,HLS playlist + segment reachable,0.39,https://amg02784-amg02784c2-amgplt0002.playout.now3.amagi.tv/ts-eu-w1-n2/playlist/amg02784-amg02784c2-amgplt0002/playlist.m3u8
TV,iptv-org Movies,Nollywood TV (720p),FAIL,HTTP 403,0.25,http://145.239.5.177/148/index.m3u8
TV,iptv-org Movies,NonStop Kung Fu,FAIL,HTTP 403,1.0,https://jmp2.uk/plu-6728d33f030a2c0008edf4be.m3u8
TV,iptv-org Movies,NonStop Kung Fu DK,FAIL,HTTP 403,0.91,https://jmp2.uk/plu-6728d2be529ac9000830dc15.m3u8
TV,iptv-org Movies,NonStop Kung Fu NO,FAIL,HTTP 403,0.97,https://jmp2.uk/plu-6728d30cdaad7f000881d979.m3u8
TV,iptv-org Movies,NOST (720p),OK,HLS playlist + segment reachable,0.6,https://a-cdn.klowdtv.com/live2/nost_720p/playlist.m3u8
TV,iptv-org Movies,ON Movies (720p),OK,HLS playlist + segment reachable,5.78,https://freem3u.xyz/api/live/play.m3u8?vid=181
TV,iptv-org Movies,Orbita Chile TV (1080p),FAIL,HTTP 530,0.25,https://orbitachiletv.org/hls/0/stream.m3u8
TV,iptv-org Movies,Oscar Movies Bhojpuri (720p),OK,HLS playlist + segment reachable,0.88,https://cdn.pishow.tv/ott/live/233/master.m3u8
TV,iptv-org Movies,OSN Movies Action (1080p),UNVERIFIED,no route from test server (geo-lock/IPv6/timeout) - test on the TV box,10.01,http://116.90.120.151:8000/play/a0ax/index.m3u8
TV,iptv-org Movies,OuterSphere (1080p),OK,HLS playlist + segment reachable,0.21,https://d3o593mz1glx8d.cloudfront.net/OuterSphere_US.m3u8
TV,iptv-org Movies,Pantalla Clasica EC (512p) [Not 24/7],FAIL,URLError: <urlopen error [SSL: CERTIFICATE_VERIFY_FAILED] certificate ,0.18,https://live21.bozztv.com/akamaissh101/ssh101/pantallaclasics/playlist.m3u8
TV,iptv-org Movies,Paramount Movie Channel,FAIL,HTTP 403,0.31,https://jmp2.uk/plu-5cb0cae7a461406ffe3f5213.m3u8
TV,iptv-org Movies,Paramount Network (720p),UNVERIFIED,no route from test server (geo-lock/IPv6/timeout) - test on the TV box,10.01,http://4.30.180.36:8420/paramount/index.m3u8?token=test
TV,iptv-org Movies,Paramount+ Picks,FAIL,HTTP 403,0.35,https://jmp2.uk/plu-5ff8c708653d080007361b14.m3u8
TV,iptv-org Movies,Persiana Cinema,OK,HLS playlist + segment reachable,0.42,https://cinehls.persiana.live/hls/stream.m3u8
TV,iptv-org Movies,Persiana Family,OK,HLS playlist + segment reachable,0.42,https://familyhls.persiana.live/hls/stream.m3u8
TV,iptv-org Movies,Persiana Iranian,OK,HLS playlist + segment reachable,0.45,https://irhls.persiana.live/hls/stream.m3u8
TV,iptv-org Movies,Persiana Korea,OK,HLS playlist + segment reachable,0.42,https://korhls.persiana.live/hls/stream.m3u8
TV,iptv-org Movies,Persiana Latino,FAIL,URLError: <urlopen error [SSL: CERTIFICATE_VERIFY_FAILED] certificate ,0.3,https://latinohls.persiana.live/hls/stream.m3u8
TV,iptv-org Movies,Persiana Plus,OK,HLS playlist + segment reachable,0.43,https://euhls.persiana.live/hls/stream.m3u8
TV,iptv-org Movies,Pitaara (720p),OK,HLS playlist + segment reachable,0.68,https://vg-pitaaratvlive.akamaized.net/v1/master/611d79b11b77e2f571934fd80ca1413453772ac7/vglive-sk-583798/playlist.m3u8
TV,iptv-org Movies,Pluto Classic Movie Westerns,FAIL,HTTP 403,1.13,https://jmp2.uk/plu-66dad50215d2c60008d7afbd.m3u8
TV,iptv-org Movies,Pluto TV 90's Classics,FAIL,HTTP 403,0.91,https://jmp2.uk/plu-66b4990746762a00084c2f78.m3u8
TV,iptv-org Movies,Pluto TV A La Mexicana,FAIL,HTTP 403,0.3,https://jmp2.uk/plu-5dfcde52d28b09000a42d7a2.m3u8
TV,iptv-org Movies,Pluto TV Action (Sweden),FAIL,HTTP 403,0.71,https://jmp2.uk/plu-61c0b0688a80a4000703fbcb.m3u8
TV,iptv-org Movies,Pluto TV Action (Sweden) DK,FAIL,HTTP 403,1.08,https://jmp2.uk/plu-61c095861782bd000780e0ba.m3u8
TV,iptv-org Movies,Pluto TV Action (Sweden) NO,FAIL,HTTP 403,0.91,https://jmp2.uk/plu-61c1e270489a9c000874d209.m3u8
TV,iptv-org Movies,Pluto TV Action (United States),FAIL,HTTP 403,0.42,https://jmp2.uk/plu-561d7d484dc7c8770484914a.m3u8
TV,iptv-org Movies,Pluto TV Action Movies,FAIL,HTTP 403,0.9,https://jmp2.uk/plu-62ea3c2e4823db00072788ed.m3u8
TV,iptv-org Movies,Pluto TV Alberto Sordi,FAIL,HTTP 403,0.91,https://jmp2.uk/plu-661f8f01801af800083d9d81.m3u8
TV,iptv-org Movies,Pluto TV Bang Bang,FAIL,HTTP 403,0.92,https://jmp2.uk/plu-663b9dc7cb3ea10008f1a0ce.m3u8
TV,iptv-org Movies,Pluto TV Bud & Terence (Germany),FAIL,HTTP 403,0.94,https://jmp2.uk/plu-64be7398e4391c0008cdedfe.m3u8
TV,iptv-org Movies,Pluto TV Bud & Terence (Sweden),FAIL,HTTP 403,0.92,https://jmp2.uk/plu-65b917720d9ab4000833f323.m3u8
TV,iptv-org Movies,Pluto TV Bud & Terence (Sweden) DK,FAIL,HTTP 403,0.99,https://jmp2.uk/plu-65b915b1dc10a40008d53797.m3u8
TV,iptv-org Movies,Pluto TV Bud & Terence (Sweden) NO,FAIL,HTTP 403,0.92,https://jmp2.uk/plu-65b916ec3af63d00084c5841.m3u8
TV,iptv-org Movies,Pluto TV Catastrofes,FAIL,HTTP 403,0.95,https://jmp2.uk/plu-645a309c5a0cd5000873f609.m3u8
TV,iptv-org Movies,Pluto TV Christmas tutto l'anno,FAIL,HTTP 403,0.94,https://jmp2.uk/plu-612e05b885183d0007958101.m3u8
TV,iptv-org Movies,Pluto TV Cine Accion,FAIL,HTTP 403,0.34,https://jmp2.uk/plu-5dcb62e63d4d8f0009f36881.m3u8
TV,iptv-org Movies,Pluto TV Cine Clasico,FAIL,HTTP 403,0.3,https://jmp2.uk/plu-609059dc63be6e0007b4eca6.m3u8
TV,iptv-org Movies,Pluto TV Cine Classicos,FAIL,HTTP 403,0.91,https://jmp2.uk/plu-5fa1612a669ba0000702017b.m3u8
TV,iptv-org Movies,Pluto TV Cine Comedia (Germany),FAIL,HTTP 403,0.48,https://jmp2.uk/plu-5f1ac8099c49f600076579b2.m3u8
TV,iptv-org Movies,Pluto TV Cine Comedia (United States),FAIL,HTTP 403,0.46,https://jmp2.uk/plu-5f513564e4622a0007c578c0.m3u8
TV,iptv-org Movies,Pluto TV Cine Comedia (United States) BR,FAIL,HTTP 403,0.94,https://jmp2.uk/plu-5f12101f0b12f00007844c7c.m3u8
TV,iptv-org Movies,Pluto TV Cine Comedia (United States) LatAm,FAIL,HTTP 403,0.29,https://jmp2.uk/plu-5dcdde78f080d900098550e4.m3u8
TV,iptv-org Movies,Pluto TV Cine Comedia Romantica,FAIL,HTTP 403,1.09,https://jmp2.uk/plu-62545ed3dab4380007582f7c.m3u8
TV,iptv-org Movies,Pluto TV Cine Crime,FAIL,HTTP 403,1.03,https://jmp2.uk/plu-6479ff764f5ba5000878dfe2.m3u8
TV,iptv-org Movies,Pluto TV Cine Crimen,FAIL,HTTP 403,0.29,https://jmp2.uk/plu-624af40c004f8000079b784d.m3u8
TV,iptv-org Movies,Pluto TV Cine de autor,FAIL,HTTP 403,0.26,https://jmp2.uk/plu-60cc807324d60a0007708dc8.m3u8
TV,iptv-org Movies,Pluto TV Cine Drama,FAIL,HTTP 403,0.91,https://jmp2.uk/plu-5f1210d14ae1f80007bafb1d.m3u8
TV,iptv-org Movies,Pluto TV Cine Drama LatAm,FAIL,HTTP 403,0.34,https://jmp2.uk/plu-5dcddfcb229eff00091b6bdf.m3u8
TV,iptv-org Movies,Pluto TV Cine Estelar,FAIL,HTTP 403,0.61,https://jmp2.uk/plu-5dcde437229eff00091b6c30.m3u8
TV,iptv-org Movies,Pluto TV Cine Familia,FAIL,HTTP 403,1.12,https://jmp2.uk/plu-5f171f032cd22e0007f17f3d.m3u8
TV,iptv-org Movies,Pluto TV Cine Familia LatAm,FAIL,HTTP 403,0.25,https://jmp2.uk/plu-5dd6ddb30a1d8a000908ed4c.m3u8
TV,iptv-org Movies,Pluto TV Cine Inspiracao,FAIL,HTTP 403,0.46,https://jmp2.uk/plu-5fa991b1f09e020007e78626.m3u8
TV,iptv-org Movies,Pluto TV Cine Inspirador,FAIL,HTTP 403,0.25,https://jmp2.uk/plu-6806d519fea7414f33f57016.m3u8
TV,iptv-org Movies,Pluto TV Cine Romance,FAIL,HTTP 403,0.92,https://jmp2.uk/plu-5f171f988ab9780007fa95ea.m3u8
TV,iptv-org Movies,Pluto TV Cine Romance LatAm,FAIL,HTTP 403,0.34,https://jmp2.uk/plu-5dd7ea2aeab5230009986735.m3u8
TV,iptv-org Movies,Pluto TV Cine Romantico,FAIL,HTTP 403,0.3,https://jmp2.uk/plu-5f1ac9a2d3611d0007a844bb.m3u8
TV,iptv-org Movies,Pluto TV Cine Sucessos,FAIL,HTTP 403,0.91,https://jmp2.uk/plu-5f120e94a5714d00074576a1.m3u8
TV,iptv-org Movies,Pluto TV Cine Suspenso,FAIL,HTTP 403,0.31,https://jmp2.uk/plu-5ddc4e8bcbb9010009b4e84f.m3u8
TV,iptv-org Movies,Pluto TV Cinema Italiano,FAIL,HTTP 403,0.92,https://jmp2.uk/plu-608aa7d8359b270007861489.m3u8
TV,iptv-org Movies,Pluto TV Cinema Orientale,FAIL,HTTP 403,0.91,https://jmp2.uk/plu-6786235bd648bf0008c2780a.m3u8
TV,iptv-org Movies,Pluto TV Comedias Romanticas,FAIL,HTTP 403,0.55,https://jmp2.uk/plu-655b5d865812e80008843bd1.m3u8
TV,iptv-org Movies,Pluto TV Comedies Cultes,FAIL,HTTP 403,1.15,https://jmp2.uk/plu-67b4b2d976a934282e92d71c.m3u8
TV,iptv-org Movies,Pluto TV Comedy Movies,FAIL,HTTP 403,0.95,https://jmp2.uk/plu-62ea3d24b8e02600071fa296.m3u8
TV,iptv-org Movies,Pluto TV Crime Drama,FAIL,HTTP 403,0.26,https://jmp2.uk/plu-5f31fd1b4c510e00071c3103.m3u8
TV,iptv-org Movies,Pluto TV Crime Drama CA,FAIL,HTTP 403,0.9,https://jmp2.uk/plu-62e92708a7ce600007b2676a.m3u8
TV,iptv-org Movies,Pluto TV Crime Movies,FAIL,HTTP 403,0.3,https://jmp2.uk/plu-5f4d8594eb979c0007706de7.m3u8
TV,iptv-org Movies,Pluto TV Cult Films (Germany),FAIL,HTTP 403,1.4,https://jmp2.uk/plu-5c5c31f2f21b553c1f673fb0.m3u8
TV,iptv-org Movies,Pluto TV Cult Films (United States),FAIL,HTTP 403,0.31,https://jmp2.uk/plu-5c665db3e6c01b72c4977bc2.m3u8
TV,iptv-org Movies,Pluto TV Danske klassikere,FAIL,HTTP 403,0.94,https://jmp2.uk/plu-67d2b814fe36d6e7b1d2318a.m3u8
TV,iptv-org Movies,Pluto TV Drama,FAIL,HTTP 403,0.33,https://jmp2.uk/plu-5b4e92e4694c027be6ecece1.m3u8
TV,iptv-org Movies,Pluto TV Drama Movies,FAIL,HTTP 403,1.09,https://jmp2.uk/plu-62bdb0bcd707b9000739d2e5.m3u8
TV,iptv-org Movies,Pluto TV Estrellas de Accion,FAIL,HTTP 403,0.94,https://jmp2.uk/plu-5e972a21ad709d00074195ba.m3u8
TV,iptv-org Movies,Pluto TV Family Movie Club,FAIL,HTTP 403,1.16,https://jmp2.uk/plu-5dc3fc6b9133f500099c7d98.m3u8
TV,iptv-org Movies,Pluto TV Fantasy & Horror,FAIL,HTTP 403,1.24,https://jmp2.uk/plu-685041d936c9361b1921c26c.m3u8
TV,iptv-org Movies,Pluto TV Ferne Galaxien,FAIL,HTTP 404,0.79,https://jmp2.uk/plu-68ada46d5190a45dc9c45af1.m3u8
TV,iptv-org Movies,Pluto TV Ficcao Cientifica,FAIL,HTTP 403,0.89,https://jmp2.uk/plu-5fa15ad6367e170007cdd098.m3u8
TV,iptv-org Movies,Pluto TV Film (Germany),FAIL,HTTP 403,0.95,https://jmp2.uk/plu-608aa17fb9f4490007e6419a.m3u8
TV,iptv-org Movies,Pluto TV Film (Sweden),FAIL,HTTP 403,0.94,https://jmp2.uk/plu-61c0afa0a09bbe00078f8378.m3u8
TV,iptv-org Movies,Pluto TV Film (Sweden) DK,FAIL,HTTP 403,1.01,https://jmp2.uk/plu-61c09515fbb4b50007d221f5.m3u8
TV,iptv-org Movies,Pluto TV Film (Sweden) NO,FAIL,HTTP 403,0.9,https://jmp2.uk/plu-61c1e1e55deef000075aed0c.m3u8
TV,iptv-org Movies,Pluto TV Film Ancora Piu Romantici,FAIL,HTTP 403,0.93,https://jmp2.uk/plu-699d87093d5dba980705cca8.m3u8
TV,iptv-org Movies,Pluto TV Film Azione,FAIL,HTTP 403,0.92,https://jmp2.uk/plu-608aa20a2e7f270007c4878d.m3u8
TV,iptv-org Movies,Pluto TV Film Commedia,FAIL,HTTP 403,0.92,https://jmp2.uk/plu-608aa512d67fd900072323db.m3u8
TV,iptv-org Movies,Pluto TV Film Romantici,FAIL,HTTP 403,0.93,https://jmp2.uk/plu-608aa4a4cc92820007b663af.m3u8
TV,iptv-org Movies,Pluto TV Film Storici,FAIL,HTTP 403,1.05,https://jmp2.uk/plu-68750875759366af05a151ce.m3u8
TV,iptv-org Movies,Pluto TV Film Thriller,FAIL,HTTP 403,0.9,https://jmp2.uk/plu-608aa5e995132a00075f7005.m3u8
TV,iptv-org Movies,Pluto TV Filmes Acao,FAIL,HTTP 403,0.99,https://jmp2.uk/plu-5f120f41b7d403000783a6d6.m3u8
TV,iptv-org Movies,Pluto TV Filmes Aventura,FAIL,HTTP 403,0.93,https://jmp2.uk/plu-66c79a4262e5510008ff68a5.m3u8
TV,iptv-org Movies,Pluto TV Filmes de Luta,FAIL,HTTP 403,0.98,https://jmp2.uk/plu-6806d62369aec5b19cd628c0.m3u8
TV,iptv-org Movies,Pluto TV Filmes Nacionais,FAIL,HTTP 403,0.94,https://jmp2.uk/plu-5f5a545d0dbf7f0007c09408.m3u8
TV,iptv-org Movies,Pluto TV Franchise Favorites,FAIL,HTTP 403,0.89,https://jmp2.uk/plu-68fbf8101d26140175db8b58.m3u8
TV,iptv-org Movies,Pluto TV Haialarm,FAIL,HTTP 403,0.92,https://jmp2.uk/plu-69b015c5d29cc97de7da4af8.m3u8
TV,iptv-org Movies,Pluto TV Harlequin,FAIL,HTTP 403,0.93,https://jmp2.uk/plu-68c01bed508ba507f0d0dd60.m3u8
TV,iptv-org Movies,Pluto TV Harlequin DK,FAIL,HTTP 403,1.07,https://jmp2.uk/plu-68c01afa3efb41cd9759dafb.m3u8
TV,iptv-org Movies,Pluto TV Harlequin NO,FAIL,HTTP 403,1.0,https://jmp2.uk/plu-68c01b9a6bdcf3b9a64febcc.m3u8
TV,iptv-org Movies,Pluto TV Horror (Sweden),FAIL,HTTP 403,1.1,https://jmp2.uk/plu-63a19e1b9ab2df0007bef7a7.m3u8
TV,iptv-org Movies,Pluto TV Horror (Sweden) DK,FAIL,HTTP 403,0.91,https://jmp2.uk/plu-63a1c9790cc44a0007dc8857.m3u8
TV,iptv-org Movies,Pluto TV Horror (Sweden) NO,FAIL,HTTP 403,0.9,https://jmp2.uk/plu-63a19cb7847a090007f230d7.m3u8
TV,iptv-org Movies,Pluto TV Horror (United States),FAIL,HTTP 403,0.45,https://jmp2.uk/plu-569546031a619b8f07ce6e25.m3u8
TV,iptv-org Movies,Pluto TV Horror (United States) CA,FAIL,HTTP 403,0.3,https://jmp2.uk/plu-62ea3f8a38acc80007072d26.m3u8
TV,iptv-org Movies,Pluto TV Humor (Sweden),FAIL,HTTP 403,0.92,https://jmp2.uk/plu-61c0974945b45d0007aaa5ac.m3u8
TV,iptv-org Movies,Pluto TV Icons,FAIL,HTTP 403,0.26,https://jmp2.uk/plu-64b585f84ea480000838e446.m3u8
TV,iptv-org Movies,Pluto TV Invasion Alien,FAIL,HTTP 403,1.14,https://jmp2.uk/plu-654a35ce346f420008d5c36e.m3u8
TV,iptv-org Movies,Pluto TV John Wayne,FAIL,HTTP 403,1.15,https://jmp2.uk/plu-655caaaac0fc8800086f5d99.m3u8
TV,iptv-org Movies,Pluto TV John Wayne DK,FAIL,HTTP 403,1.09,https://jmp2.uk/plu-655ca7aa635c3c000855d655.m3u8
TV,iptv-org Movies,Pluto TV John Wayne NO,FAIL,HTTP 403,0.88,https://jmp2.uk/plu-655ca99dfbc15b00081f209c.m3u8
TV,iptv-org Movies,Pluto TV Komedi,FAIL,HTTP 403,0.99,https://jmp2.uk/plu-61c0b36d18447e000717d686.m3u8
TV,iptv-org Movies,Pluto TV Komedie,FAIL,HTTP 403,1.13,https://jmp2.uk/plu-61c1e3a679a4390007c78136.m3u8
TV,iptv-org Movies,Pluto TV Kult Comedies,FAIL,HTTP 403,0.9,https://jmp2.uk/plu-66337de656fc840008ff7a65.m3u8
TV,iptv-org Movies,Pluto TV Kultfilm,FAIL,HTTP 403,0.96,https://jmp2.uk/plu-63dbe7ed51f5d000083e9499.m3u8
TV,iptv-org Movies,Pluto TV Kultfilme,FAIL,HTTP 403,0.95,https://jmp2.uk/plu-5dde47b63585b500099f74ec.m3u8
TV,iptv-org Movies,Pluto TV Kultfilmer,FAIL,HTTP 403,0.89,https://jmp2.uk/plu-63dbe8c8a9957100087798a3.m3u8
TV,iptv-org Movies,Pluto TV Kultfilmer NO,FAIL,HTTP 403,0.9,https://jmp2.uk/plu-63dbe80f60bc8f0008aa7c78.m3u8
TV,iptv-org Movies,Pluto TV Legami Letali,FAIL,HTTP 403,0.94,https://jmp2.uk/plu-64808a8c536e0c0008a276d1.m3u8
TV,iptv-org Movies,Pluto TV Movies,FAIL,HTTP 403,0.93,https://jmp2.uk/plu-5c5c3b948002db3c3e0b262e.m3u8
TV,iptv-org Movies,Pluto TV Movies GB,FAIL,HTTP 403,0.94,https://jmp2.uk/plu-5ad8d3a31b95267e225e4e09.m3u8
TV,iptv-org Movies,Pluto TV Netmovies,FAIL,HTTP 403,0.91,https://jmp2.uk/plu-663b9de4f999220008230fa8.m3u8
TV,iptv-org Movies,Pluto TV Notti di Passione,FAIL,HTTP 403,0.95,https://jmp2.uk/plu-6911c9704316999535eb21cf.m3u8
TV,iptv-org Movies,Pluto TV Notti di Sangue,FAIL,HTTP 403,0.91,https://jmp2.uk/plu-6911c92b4316999535eb1e08.m3u8
TV,iptv-org Movies,Pluto TV Notti di Terrore,FAIL,HTTP 403,0.96,https://jmp2.uk/plu-6911c8dd8caba6f046c5c5d5.m3u8
TV,iptv-org Movies,Pluto TV Nuestro Cine,FAIL,HTTP 403,0.47,https://jmp2.uk/plu-5defde6d6c07b50009cf0757.m3u8
TV,iptv-org Movies,Pluto TV Paranormal (Germany),FAIL,HTTP 403,0.98,https://jmp2.uk/plu-5f98487036af340008da1e37.m3u8
TV,iptv-org Movies,Pluto TV Paranormal (Germany) ES,FAIL,HTTP 403,0.96,https://jmp2.uk/plu-612ce5214bb5790007ad3016.m3u8
TV,iptv-org Movies,Pluto TV Paranormal (Germany) FR,FAIL,HTTP 403,0.95,https://jmp2.uk/plu-5f8ed9461b35690007a0bc3a.m3u8
TV,iptv-org Movies,Pluto TV Paranormal (Germany) GB,FAIL,HTTP 403,0.93,https://jmp2.uk/plu-5d4af2ffa9506ab29cf38c38.m3u8
TV,iptv-org Movies,Pluto TV Paranormal (Germany) IT,FAIL,HTTP 403,1.04,https://jmp2.uk/plu-66c70033b1a34600087bb09a.m3u8
TV,iptv-org Movies,Pluto TV Paranormal (Sweden),FAIL,HTTP 403,0.92,https://jmp2.uk/plu-62b1e4189f5db20007ff03be.m3u8
TV,iptv-org Movies,Pluto TV Paranormal (Sweden) DK,FAIL,HTTP 403,0.98,https://jmp2.uk/plu-62b30beb81f89900071fc7b9.m3u8
TV,iptv-org Movies,Pluto TV Psycho,FAIL,HTTP 403,0.92,https://jmp2.uk/plu-65ce480a78df2200131c597b.m3u8
TV,iptv-org Movies,Pluto TV Reaction,FAIL,HTTP 403,0.34,https://jmp2.uk/plu-617b37b361e0fd0008cfd8c5.m3u8
TV,iptv-org Movies,Pluto TV Retro Action Movies,FAIL,HTTP 403,0.96,https://jmp2.uk/plu-69a9ae4d3bd16a4ed04240d7.m3u8
TV,iptv-org Movies,Pluto TV Romance (Germany) DACH,FAIL,HTTP 403,0.93,https://jmp2.uk/plu-5dc287ce3086a20009f5024c.m3u8
TV,iptv-org Movies,Pluto TV Romance (United States),FAIL,HTTP 403,0.32,https://jmp2.uk/plu-5a66795ef91fef2c7031c599.m3u8
TV,iptv-org Movies,Pluto TV Romantik,FAIL,HTTP 403,0.96,https://jmp2.uk/plu-63a19da6847a090007f230da.m3u8
TV,iptv-org Movies,Pluto TV Romantik DK,FAIL,HTTP 403,0.95,https://jmp2.uk/plu-63a1c954d3897300079fcb12.m3u8
TV,iptv-org Movies,Pluto TV Romantikk,FAIL,HTTP 403,0.54,https://jmp2.uk/plu-63a19bb5e6914b000721b5c0.m3u8
TV,iptv-org Movies,Pluto TV Sci-Fi (Germany),FAIL,HTTP 403,0.93,https://jmp2.uk/plu-60ed498c4248a400077c0b9d.m3u8
TV,iptv-org Movies,Pluto TV Sci-Fi (Germany) ES,FAIL,HTTP 403,0.76,https://jmp2.uk/plu-5f6a38eaa5b68b0007a00e7a.m3u8
TV,iptv-org Movies,Pluto TV Sci-Fi (Germany) GB,FAIL,HTTP 403,1.24,https://jmp2.uk/plu-5dc02a44a9518600094273ac.m3u8
TV,iptv-org Movies,Pluto TV Sci-Fi (Germany) IT,FAIL,HTTP 403,1.21,https://jmp2.uk/plu-61728bb9ee3773000840c1fa.m3u8
TV,iptv-org Movies,Pluto TV Sci-Fi (Sweden),FAIL,HTTP 403,0.94,https://jmp2.uk/plu-61f9597e78607000074f6c2a.m3u8
TV,iptv-org Movies,Pluto TV Sci-Fi (Sweden) DK,FAIL,HTTP 403,0.89,https://jmp2.uk/plu-61f9598588f86000078ee7d6.m3u8
TV,iptv-org Movies,Pluto TV Sci-Fi (Sweden) NO,FAIL,HTTP 403,0.93,https://jmp2.uk/plu-61f957e051cca800076f2358.m3u8
TV,iptv-org Movies,Pluto TV Sci-Fi (United States),FAIL,HTTP 403,0.91,https://jmp2.uk/plu-5b4fc274694c027be6ed3eea.m3u8
TV,iptv-org Movies,Pluto TV Sci-Fi (United States) CA,FAIL,HTTP 403,0.96,https://jmp2.uk/plu-66166cb1307fa30008f275e7.m3u8
TV,iptv-org Movies,Pluto TV Sci-Fi (United States) LatAm,FAIL,HTTP 403,0.89,https://jmp2.uk/plu-5f2817d3d7573a00080f9175.m3u8
TV,iptv-org Movies,Pluto TV Serie Sci-Fi,FAIL,HTTP 403,0.97,https://jmp2.uk/plu-67ed14aaf7c5d70b9089c3bf.m3u8
TV,iptv-org Movies,Pluto TV Spotlight,FAIL,HTTP 403,0.28,https://jmp2.uk/plu-5ba3fb9c4b078e0f37ad34e8.m3u8
TV,iptv-org Movies,Pluto TV Staff Picks,FAIL,HTTP 403,0.29,https://jmp2.uk/plu-5f4d863b98b41000076cd061.m3u8
TV,iptv-org Movies,Pluto TV Star Trek (Germany),FAIL,HTTP 403,1.02,https://jmp2.uk/plu-6152ee71bf99590007893a11.m3u8
TV,iptv-org Movies,Pluto TV Star Trek (Sweden),FAIL,HTTP 403,0.93,https://jmp2.uk/plu-61c1979dfa307000070bbe4d.m3u8
TV,iptv-org Movies,Pluto TV Terror,FAIL,HTTP 403,0.26,https://jmp2.uk/plu-5c6dc88fcd232425a6e0f06e.m3u8
TV,iptv-org Movies,Pluto TV Terror Trash,FAIL,HTTP 403,0.92,https://jmp2.uk/plu-66aa67493a4ad2000806d91b.m3u8
TV,iptv-org Movies,Pluto TV Thrillers (Germany),FAIL,HTTP 403,0.89,https://jmp2.uk/plu-5f1ac8a87cd38d000745d7cf.m3u8
TV,iptv-org Movies,Pluto TV Thrillers (Germany) GB,FAIL,HTTP 403,0.91,https://jmp2.uk/plu-5dbfedccc563080009b60f4a.m3u8
TV,iptv-org Movies,Pluto TV Thrillers (United States),FAIL,HTTP 403,0.28,https://jmp2.uk/plu-5b4e69e08291147bd04a9fd7.m3u8
TV,iptv-org Movies,Pluto TV Toto,FAIL,HTTP 403,0.94,https://jmp2.uk/plu-65253f9881f942000833ccd5.m3u8
TV,iptv-org Movies,Pluto TV Trending Now,FAIL,HTTP 403,0.94,https://jmp2.uk/plu-673247127d5da5000817b4d6.m3u8
TV,iptv-org Movies,Pluto TV Weihnachten im Sommer,FAIL,HTTP 403,0.95,https://jmp2.uk/plu-642ad072283aa4000806148c.m3u8
TV,iptv-org Movies,Pluto TV Western,FAIL,HTTP 403,0.97,https://jmp2.uk/plu-630dd3b2605f140007e002f5.m3u8
TV,iptv-org Movies,Pluto TV Western ES,FAIL,HTTP 403,0.95,https://jmp2.uk/plu-6385e82900ab2e000768a058.m3u8
TV,iptv-org Movies,Pluto TV Western IT,FAIL,HTTP 403,0.94,https://jmp2.uk/plu-62e7fb67478a5b0007e6c50c.m3u8
TV,iptv-org Movies,Pluto TV Westerns (Germany),FAIL,HTTP 403,0.91,https://jmp2.uk/plu-5d4bdb635ce813b38639e6a3.m3u8
TV,iptv-org Movies,Pluto TV Westerns (United States),FAIL,HTTP 403,0.3,https://jmp2.uk/plu-5b4e94282d4ec87bdcbb87cd.m3u8
TV,iptv-org Movies,Pluto TV Westerns (United States) CA,FAIL,HTTP 403,0.94,https://jmp2.uk/plu-62bdacc96a3751000811842d.m3u8
TV,iptv-org Movies,Pluto TV Wild West,FAIL,HTTP 403,0.91,https://jmp2.uk/plu-68c017bf337652ee75db201f.m3u8
TV,iptv-org Movies,Pluto TV Wild West DK,FAIL,HTTP 403,0.96,https://jmp2.uk/plu-68c01732b3900870ec74766f.m3u8
TV,iptv-org Movies,Pluto TV Wild West NO,FAIL,HTTP 403,1.11,https://jmp2.uk/plu-68c01785b3900870ec7480e4.m3u8
TV,iptv-org Movies,Pluto TV Zombies,FAIL,HTTP 403,1.04,https://jmp2.uk/plu-65786888b228b7000843ad9a.m3u8
TV,iptv-org Movies,Pocket Films,OK,HLS playlist + segment reachable,1.14,https://vglivessai.akamaized.net/sg/v1/manifest/611d79b11b77e2f571934fd80ca1413453772ac7/b8ada260-bb81-472b-b7c1-3a79213a84b8/e02a0ce5-6c42-4cca-bb53-e5cfecff74a9/0.m3u8
TV,iptv-org Movies,Popcorn Central (1080p),OK,HLS playlist + segment reachable,0.42,https://oly-ftvpc.otteravision.com/oly/ftvpc/ftvpc.m3u8
TV,iptv-org Movies,Pro Cinema,PARTIAL,empty HLS playlist,1.44,http://eb4b8dcf.kablakaka.ru/iptv/AE8BY6FHF5ZGAG/6951/index.m3u8
TV,iptv-org Movies,Prokino (360p),FAIL,HTTP 404,0.33,http://dtv.vol.net.ua/ProKino/index.m3u8
TV,iptv-org Movies,Public Movies (576p),OK,HLS playlist + segment reachable,1.05,https://mumt04.tangotv.in/m18aqlK4PUBLICMOVIES/index.m3u8
TV,iptv-org Movies,Punjabi Shorts (1080p),OK,HLS playlist + segment reachable,0.89,https://vglivessai.akamaized.net/ptnr-yupptv/title-Punjabi_Shorts/in/v1/master/611d79b11b77e2f571934fd80ca1413453772ac7/27c3fd7a-b01f-4b00-ac03-557ac77acd47/index.m3u8
TV,iptv-org Movies,QTV-3,OK,HLS playlist + segment reachable,3.5,http://video10.qtv.com.cn/drm/qtv3at/manifest.m3u8
TV,iptv-org Movies,Raj Digital Plus (1080p),OK,HLS playlist + segment reachable,1.76,https://livestream.rajtv.tv/hlslive/Admin/px08241087/live/RajTV_Digital_plus/master_1.m3u8
TV,iptv-org Movies,Rakuten TV Action Movies (1080p),OK,HLS playlist + segment reachable,0.54,https://a9c57ec7ec5e4b7daeacc6316a0bb404.mediatailor.eu-west-1.amazonaws.com/v1/master/0547f18649bd788bec7b67b746e47670f558b6b2/production-LiveChannel-6069/master.m3u8
TV,iptv-org Movies,Rakuten TV Action Movies Austria (720p),FAIL,HTTP 504,0.17,https://0f846627524f4dd2995e93581379db82.mediatailor.us-east-1.amazonaws.com/v1/master/44f73ba4d03e9607dcd9bebdcb8494d86964f1d8/Samsung-at_RakutenActionMovies-1/playlist.m3u8
TV,iptv-org Movies,Rakuten TV Action Movies Finland (1080p),OK,HLS playlist + segment reachable,0.49,https://bca5a421a70c46ad911efd0a4767c4bf.mediatailor.eu-west-1.amazonaws.com/v1/master/0547f18649bd788bec7b67b746e47670f558b6b2/production-LiveChannel-6075/master.m3u8
TV,iptv-org Movies,Rakuten TV Action Movies Germany (1080p),OK,HLS playlist + segment reachable,0.5,https://284824cf70404fdfb6ddf9349009c710.mediatailor.eu-west-1.amazonaws.com/v1/master/0547f18649bd788bec7b67b746e47670f558b6b2/production-LiveChannel-6066/master.m3u8
TV,iptv-org Movies,Rakuten TV Action Movies Italy (1080p),OK,HLS playlist + segment reachable,0.5,https://87f2e2e5e7624e3bad85da1ca2ed31a7.mediatailor.eu-west-1.amazonaws.com/v1/master/0547f18649bd788bec7b67b746e47670f558b6b2/production-LiveChannel-6067/master.m3u8
TV,iptv-org Movies,Rakuten TV Action Movies UK (1080p),OK,HLS playlist + segment reachable,0.51,https://54045f0c40fd442c8b06df076aaf1e85.mediatailor.eu-west-1.amazonaws.com/v1/master/0547f18649bd788bec7b67b746e47670f558b6b2/production-LiveChannel-6065/master.m3u8
TV,iptv-org Movies,Rakuten TV Comedy Movies (1080p),OK,HLS playlist + segment reachable,0.51,https://71db867f03ce4d71a29e92155f07ab87.mediatailor.eu-west-1.amazonaws.com/v1/master/0547f18649bd788bec7b67b746e47670f558b6b2/production-LiveChannel-6180/master.m3u8
TV,iptv-org Movies,Rakuten TV Comedy Movies Austria (720p),FAIL,HTTP 504,0.24,https://7ed752b220a441b7b22bdf697c6c4df8.mediatailor.us-east-1.amazonaws.com/v1/master/44f73ba4d03e9607dcd9bebdcb8494d86964f1d8/Samsung-at_RakutenComedyMovies-1/playlist.m3u8
TV,iptv-org Movies,Rakuten TV Comedy Movies Finland (1080p),OK,HLS playlist + segment reachable,0.49,https://a300af98e00746e2acf2346f43e47bd1.mediatailor.eu-west-1.amazonaws.com/v1/master/0547f18649bd788bec7b67b746e47670f558b6b2/production-LiveChannel-6191/master.m3u8
TV,iptv-org Movies,Rakuten TV Comedy Movies Germany (1080p),OK,HLS playlist + segment reachable,0.5,https://ecac08c9e2214375b907d6825aaf9a01.mediatailor.eu-west-1.amazonaws.com/v1/master/0547f18649bd788bec7b67b746e47670f558b6b2/production-LiveChannel-6182/master.m3u8
TV,iptv-org Movies,Rakuten TV Comedy Movies Italy (1080p),OK,HLS playlist + segment reachable,0.51,https://b8bc6c4b9be64bd6aeb3b92aa8521ed4.mediatailor.eu-west-1.amazonaws.com/v1/master/0547f18649bd788bec7b67b746e47670f558b6b2/production-LiveChannel-6184/master.m3u8
TV,iptv-org Movies,Rakuten TV Comedy Movies UK (1080p),OK,HLS playlist + segment reachable,0.55,https://9be783d652cd4b099cf63e1dc134c4a3.mediatailor.eu-west-1.amazonaws.com/v1/master/0547f18649bd788bec7b67b746e47670f558b6b2/production-LiveChannel-6181/master.m3u8
TV,iptv-org Movies,Rakuten TV Drama Movies (1080p),OK,HLS playlist + segment reachable,0.53,https://a7089c89d85f453d850c4a1518b43076.mediatailor.eu-west-1.amazonaws.com/v1/master/0547f18649bd788bec7b67b746e47670f558b6b2/production-LiveChannel-6092/master.m3u8
TV,iptv-org Movies,Rakuten TV Drama Movies Austria (720p),FAIL,HTTP 504,0.16,https://df1aa472ff5b4780a8d91fe319778b4d.mediatailor.us-east-1.amazonaws.com/v1/master/44f73ba4d03e9607dcd9bebdcb8494d86964f1d8/Samsung-at_RakutenTVShows-1/playlist.m3u8
TV,iptv-org Movies,Rakuten TV Drama Movies Finland (1080p),OK,HLS playlist + segment reachable,0.52,https://d7e8ee3c924d4305a0c1840fe94c5d36.mediatailor.eu-west-1.amazonaws.com/v1/master/0547f18649bd788bec7b67b746e47670f558b6b2/production-LiveChannel-6102/master.m3u8
TV,iptv-org Movies,Rakuten TV Drama Movies Germany (1080p),OK,HLS playlist + segment reachable,0.48,https://968754c2483045c1a9a7f677caec35b6.mediatailor.eu-west-1.amazonaws.com/v1/master/0547f18649bd788bec7b67b746e47670f558b6b2/production-LiveChannel-6096/master.m3u8
TV,iptv-org Movies,Rakuten TV Drama Movies Italy (1080p),OK,HLS playlist + segment reachable,0.6,https://f84e0b1628464fab846160df957f269e.mediatailor.eu-west-1.amazonaws.com/v1/master/0547f18649bd788bec7b67b746e47670f558b6b2/production-LiveChannel-6094/master.m3u8
TV,iptv-org Movies,Rakuten TV Drama Movies UK (1080p),OK,HLS playlist + segment reachable,0.57,https://fee09fd665814f51b939b6d106cf5f66.mediatailor.eu-west-1.amazonaws.com/v1/master/0547f18649bd788bec7b67b746e47670f558b6b2/production-LiveChannel-6093/master.m3u8
TV,iptv-org Movies,Rakuten TV Family Movies (1080p),OK,HLS playlist + segment reachable,0.48,https://b0d59c8c98974e708e5ccb9a27cdfdfc.mediatailor.eu-west-1.amazonaws.com/v1/master/0547f18649bd788bec7b67b746e47670f558b6b2/production-LiveChannel-6205/master.m3u8
TV,iptv-org Movies,Rakuten TV Family Movies Austria (720p),FAIL,HTTP 504,0.17,https://9fa8baba055e4a52b0a8d1ae7d78bed8.mediatailor.us-east-1.amazonaws.com/v1/master/44f73ba4d03e9607dcd9bebdcb8494d86964f1d8/Samsung-at_RakutenFamily-1/playlist.m3u8
TV,iptv-org Movies,Rakuten TV Family Movies Finland (1080p),OK,HLS playlist + segment reachable,0.63,https://758ee983d61e400381dea6fa8154f4e0.mediatailor.eu-west-1.amazonaws.com/v1/master/0547f18649bd788bec7b67b746e47670f558b6b2/production-LiveChannel-6227/master.m3u8
TV,iptv-org Movies,Rakuten TV Family Movies Germany (1080p),OK,HLS playlist + segment reachable,0.51,https://af230031eeac45f3b78d4f8a13265105.mediatailor.eu-west-1.amazonaws.com/v1/master/0547f18649bd788bec7b67b746e47670f558b6b2/production-LiveChannel-6209/master.m3u8
TV,iptv-org Movies,Rakuten TV Family Movies Italy (1080p),OK,HLS playlist + segment reachable,0.49,https://3315fc3e7276420f895e19cf807dbee1.mediatailor.eu-west-1.amazonaws.com/v1/master/0547f18649bd788bec7b67b746e47670f558b6b2/production-LiveChannel-6215/master.m3u8
TV,iptv-org Movies,Rakuten TV Family Movies Switzerland (720p),FAIL,HTTP 504,0.34,https://a24daf1125344b9cab66eed2fcff8821.mediatailor.us-east-1.amazonaws.com/v1/master/44f73ba4d03e9607dcd9bebdcb8494d86964f1d8/Samsung-ch_RakutenFamily-1/playlist.m3u8
TV,iptv-org Movies,Rakuten TV Family Movies UK (1080p),OK,HLS playlist + segment reachable,0.59,https://e3207568b726401995c25670faaf32e4.mediatailor.eu-west-1.amazonaws.com/v1/master/0547f18649bd788bec7b67b746e47670f558b6b2/production-LiveChannel-6203/master.m3u8
TV,iptv-org Movies,Rakuten TV Nordic Films (1080p),OK,HLS playlist + segment reachable,0.54,https://4aa9ef08b70d4b0c8f3519c5950b1930.mediatailor.eu-west-1.amazonaws.com/v1/master/0547f18649bd788bec7b67b746e47670f558b6b2/production-LiveChannel-6303/master.m3u8
TV,iptv-org Movies,Rakuten TV Top Movies (1080p),OK,HLS playlist + segment reachable,0.6,https://ff335120300e4742a2b135ee9a9e7df8.mediatailor.eu-west-1.amazonaws.com/v1/master/0547f18649bd788bec7b67b746e47670f558b6b2/production-LiveChannel-5983/master.m3u8
TV,iptv-org Movies,Rakuten TV Top Movies Finland (1080p),OK,HLS playlist + segment reachable,0.52,https://1d1b0d4cb6ae4c31985d13221795695b.mediatailor.eu-west-1.amazonaws.com/v1/master/0547f18649bd788bec7b67b746e47670f558b6b2/production-LiveChannel-6057/master.m3u8
TV,iptv-org Movies,Rakuten TV Top Movies Germany (1080p),OK,HLS playlist + segment reachable,0.52,https://cbb622b29f5d43b598991f3fa19de291.mediatailor.eu-west-1.amazonaws.com/v1/master/0547f18649bd788bec7b67b746e47670f558b6b2/production-LiveChannel-5985/master.m3u8
TV,iptv-org Movies,Rakuten TV Top Movies Italy (1080p),OK,HLS playlist + segment reachable,0.5,https://d4a4999341764c67a67e9ec9eb3790ab.mediatailor.eu-west-1.amazonaws.com/v1/master/0547f18649bd788bec7b67b746e47670f558b6b2/production-LiveChannel-5984/master.m3u8
TV,iptv-org Movies,Rakuten TV Top Movies UK (1080p),OK,HLS playlist + segment reachable,0.44,https://0145451975a64b35866170fd2e8fa486.mediatailor.eu-west-1.amazonaws.com/v1/master/0547f18649bd788bec7b67b746e47670f558b6b2/production-LiveChannel-5987/master.m3u8
TV,iptv-org Movies,Rawhide (United States),FAIL,HTTP 403,0.9,https://jmp2.uk/plu-634f307c7a068e00072c9982.m3u8
TV,iptv-org Movies,Rawhide (United States) CA,FAIL,HTTP 403,0.91,https://jmp2.uk/plu-65660223635c3c00086c2578.m3u8
TV,iptv-org Movies,Rotana Cinema Egypt (1080p) [Geo-blocked],OK,HLS playlist + segment reachable,0.57,https://rotana.hibridcdn.net/rotananet/cinemamasr_net-7Y83PP5adWixDF93/playlist.m3u8
TV,iptv-org Movies,Rotana Cinema KSA (1080p) [Geo-blocked],OK,HLS playlist + segment reachable,0.58,https://rotana.hibridcdn.net/rotananet/cinema_net-7Y83PP5adWixDF93/playlist.m3u8
TV,iptv-org Movies,RTSH Shqip (1080p),UNVERIFIED,no route from test server (geo-lock/IPv6/timeout) - test on the TV box,10.01,http://178.33.11.6:8696/live/rtshshqip/playlist.m3u8
TV,iptv-org Movies,Runtime (720p),FAIL,HTTP 403,0.92,https://jmp2.uk/plu-6086d3f420fc8500075f8dbf.m3u8
TV,iptv-org Movies,Runtime Espanol (720p),OK,HLS playlist + segment reachable,0.21,https://run-rt-uh-roku.otteravision.com/run/rt_uh/rt_uh.m3u8
TV,iptv-org Movies,ScreamIN (1080p),OK,HLS playlist + segment reachable,0.31,https://rakutenaa-zylo-screamin-rakuten-p11ej.amagi.tv/playlist/rakutenAA-zylo-screamin-rakuten/playlist.m3u8
TV,iptv-org Movies,SensaCine TV x Pluto,FAIL,HTTP 403,0.95,https://jmp2.uk/plu-676e7b4a4bd636000819c6a7.m3u8
TV,iptv-org Movies,ServusTV (1080p) [Geo-blocked],FAIL,HTTP 403,0.63,https://stv-live.akamaized.net/hls/live/2031011/lingeoSTVATwebPri/master.m3u8
TV,iptv-org Movies,Shemaroo Filmi Gaane (1080p),FAIL,HTTP 403,0.19,https://prod-runn.cdn.runn.tv/shemaroo/stream/smrfgn/playlist.m3u8
TV,iptv-org Movies,Shemaroo Josh (576p),OK,HLS playlist + segment reachable,1.06,https://mumt04.tangotv.in/m18aqlK4SHEMAROOJOSH/index.m3u8
TV,iptv-org Movies,Shubh Cinema TV (720p),OK,HLS playlist + segment reachable,0.77,https://d393sxaxig6bax.cloudfront.net/out/v1/589cf2cf44bf42bb941e817a2240d62e/index.m3u8
TV,iptv-org Movies,SL 1,OK,HLS playlist + segment reachable,0.43,https://slonehls.wns.live/hls/stream.m3u8
TV,iptv-org Movies,SL 2,OK,HLS playlist + segment reachable,0.43,https://sltwohls.wns.live/hls/stream.m3u8
TV,iptv-org Movies,Sony Canal Novelas,FAIL,HTTP 504,0.34,https://a89829b8dca2471ab52ea9a57bc28a35.mediatailor.us-east-1.amazonaws.com/v1/master/0fb304b2320b25f067414d481a779b77db81760d/CanelaTV_SonyCanalNovelas/playlist.m3u8
TV,iptv-org Movies,Sony Max 2 (1080p),PARTIAL,"playlist OK, segment failed: HTTP Error 403: Forbidden",0.23,https://cloudplay-sonyliv.pages.dev/max2.m3u8
TV,iptv-org Movies,Sony Max (1080p),PARTIAL,"playlist OK, segment failed: HTTP Error 403: Forbidden",0.24,https://cloudplay-sonyliv.pages.dev/max.m3u8
TV,iptv-org Movies,Sony Max HD (1080p),PARTIAL,"playlist OK, segment failed: HTTP Error 403: Forbidden",0.24,https://cloudplay-sonyliv.pages.dev/maxhd.m3u8
TV,iptv-org Movies,Sony Movies (720p),OK,HLS playlist + segment reachable,0.31,http://45.162.64.114/SONY_MOVIES/index.m3u8
TV,iptv-org Movies,Sony Movies Latin America (720p),UNVERIFIED,no route from test server (geo-lock/IPv6/timeout) - test on the TV box,10.01,http://15.204.246.24:8080/SonyMoviesHD/index.m3u8
TV,iptv-org Movies,Sony One Favoris (1080p),OK,HLS playlist + segment reachable,0.37,https://49d735318d6b4c30a24a7997ea594e1b.mediatailor.us-west-2.amazonaws.com/v1/master/ba62fe743df0fe93366eba3a257d792884136c7f/LINEAR-820-FR-SONYONEFAVORIS-LG_FR/playlist.m3u8
TV,iptv-org Movies,Sony One Hits Action (1080p),OK,HLS playlist + segment reachable,0.36,https://5098a8b860504a3690fd2e7c0a18d68f.mediatailor.us-west-2.amazonaws.com/v1/master/ba62fe743df0fe93366eba3a257d792884136c7f/LINEAR-817-FR-SONYONEHITSACTION-LG_FR/playlist.m3u8
TV,iptv-org Movies,Sony One Hits Comedie (1080p),OK,HLS playlist + segment reachable,0.33,https://7aa9671895264ec9a384dfed1b992171.mediatailor.us-west-2.amazonaws.com/v1/master/ba62fe743df0fe93366eba3a257d792884136c7f/LINEAR-818-FR-SONYONEHITSCOMDIE-LG_FR/playlist.m3u8
TV,iptv-org Movies,Sony Pix HD (1080p),PARTIAL,"playlist OK, segment failed: HTTP Error 403: Forbidden",0.24,https://cloudplay-sonyliv.pages.dev/pixhd.m3u8
TV,iptv-org Movies,Sony Wah (1080p),PARTIAL,"playlist OK, segment failed: HTTP Error 403: Forbidden",0.2,https://cloudplay-sonyliv.pages.dev/wah.m3u8
TV,iptv-org Movies,South Station (1080p),OK,HLS playlist + segment reachable,1.03,https://cc-yw7ztecy8do3q.akamaized.net/v1/master/3722c60a815c199d9c0ef36c5b73da68a62b09d1/cc-yw7ztecy8do3q/SS_IN.m3u8
TV,iptv-org Movies,Star Channel (Bulgaria) (720p),UNVERIFIED,no route from test server (geo-lock/IPv6/timeout) - test on the TV box,20.02,http://hls127.freeott.top:8080/BG_FOX/video.m3u8
TV,iptv-org Movies,Star Channel (Chile) (720p),UNVERIFIED,no route from test server (geo-lock/IPv6/timeout) - test on the TV box,10.01,http://138.121.15.230:9002/STAR-CHANNEL/index.m3u8
TV,iptv-org Movies,Star Channel (Slovenia),UNVERIFIED,no route from test server (geo-lock/IPv6/timeout) - test on the TV box,10.01,http://92.36.202.5:10001/play/a01s
TV,iptv-org Movies,Star Channel Latin America (1080p),UNVERIFIED,no route from test server (geo-lock/IPv6/timeout) - test on the TV box,10.01,http://15.204.246.24:8080/STARCHANNELHD/index.m3u8
TV,iptv-org Movies,Star Gold 2 (576p),OK,HLS playlist + segment reachable,0.28,http://107.167.16.138/stargold2/index.m3u8?token=test
TV,iptv-org Movies,Star Maa Movies HD (720p),OK,HLS playlist + segment reachable,0.23,https://da86m1sqpm3o0.cloudfront.net/28072023/smil:maamovies.smil/chunklist_b2628000.m3u8
TV,iptv-org Movies,Star Movies (Portugal),UNVERIFIED,no route from test server (geo-lock/IPv6/timeout) - test on the TV box,10.04,http://znty.dyndns.org:5010/hls/foxm.m3u8
TV,iptv-org Movies,Star Movies (Slovenia),UNVERIFIED,no route from test server (geo-lock/IPv6/timeout) - test on the TV box,10.01,http://92.36.202.5:10001/play/a01o
TV,iptv-org Movies,Star Tamil Television (360p),UNVERIFIED,no route from test server (geo-lock/IPv6/timeout) - test on the TV box,10.07,https://edge4-moblive.yuppcdn.net/trans1sd/smil:strtml19.smil/playlist.m3u8?dvr=
TV,iptv-org Movies,Star Trek Movies,FAIL,HTTP 403,0.91,https://jmp2.uk/plu-6400c2a6cb41a40008dbe5bc.m3u8
TV,iptv-org Movies,Star Trek Movies DK,FAIL,HTTP 403,1.02,https://jmp2.uk/plu-6400c281dff38e00083f59da.m3u8
TV,iptv-org Movies,Star Trek Movies NO,FAIL,HTTP 403,0.98,https://jmp2.uk/plu-6400c228498393000878a9b7.m3u8
TV,iptv-org Movies,Star Trek: Deep Space Nine,FAIL,HTTP 403,0.89,https://jmp2.uk/plu-65c69bbfd77d450008c7ffee.m3u8
TV,iptv-org Movies,Star Trek: The Next Generation (Germany),FAIL,HTTP 403,0.89,https://jmp2.uk/plu-69776ce979545c21a1220bff.m3u8
TV,iptv-org Movies,Star Trek: The Next Generation (United States),FAIL,HTTP 403,0.89,https://jmp2.uk/plu-695c32e61ca20bb8ca802eb9.m3u8
TV,iptv-org Movies,Star Trek: The Original Series (Germany),FAIL,HTTP 403,0.97,https://jmp2.uk/plu-69776b58036e883f39e5ab8a.m3u8
TV,iptv-org Movies,Star Trek: The Original Series (Sweden),FAIL,HTTP 403,0.94,https://jmp2.uk/plu-693ade4d569386f93f235bb6.m3u8
TV,iptv-org Movies,Star Trek: The Original Series (Sweden) DK,FAIL,HTTP 403,0.93,https://jmp2.uk/plu-693add137e308621c051e733.m3u8
TV,iptv-org Movies,Star Trek: The Original Series (Sweden) NO,FAIL,HTTP 403,0.92,https://jmp2.uk/plu-693addd62bf6cf7414c4b2fc.m3u8
TV,iptv-org Movies,Star Trek: Voyager (Germany),FAIL,HTTP 404,0.41,https://jmp2.uk/plu-65787f2eb228b7000843fa5c.m3u8
TV,iptv-org Movies,Star Trek: Voyager (Germany) IT,FAIL,HTTP 403,0.93,https://jmp2.uk/plu-65cb73d33ba51e00084cabad.m3u8
TV,iptv-org Movies,Star Trek: Voyager (United States),FAIL,HTTP 403,0.93,https://jmp2.uk/plu-634dacf51d90320007fcd5fa.m3u8
TV,iptv-org Movies,Starz Cinema (720p),UNVERIFIED,no route from test server (geo-lock/IPv6/timeout) - test on the TV box,10.01,http://23.237.104.106:8080/USA_STARZ_CINEMA/index.m3u8
TV,iptv-org Movies,Studio One + (720p),OK,HLS playlist + segment reachable,0.83,https://cdn.pishow.tv/ott/live/276/master.m3u8
TV,iptv-org Movies,Summer of Movies,FAIL,HTTP 404,0.77,https://jmp2.uk/plu-6654adb1f99922000854388c.m3u8
TV,iptv-org Movies,Suriyan TV (576p),FAIL,URLError: <urlopen error [SSL: CERTIFICATE_VERIFY_FAILED] certificate ,0.62,https://stream.sscloud7.com/live/suriyantv/index.m3u8
TV,iptv-org Movies,SYFY (720p),UNVERIFIED,no route from test server (geo-lock/IPv6/timeout) - test on the TV box,10.01,http://23.237.104.106:8080/USA_SYFY/index.m3u8
TV,iptv-org Movies,T2 Movies,FAIL,HTTP 403,0.2,https://ca-rt.onetv.app/T2Movies/index-0.m3u8?token=onetv202
TV,iptv-org Movies,Tamasha,UNVERIFIED,no route from test server (geo-lock/IPv6/timeout) - test on the TV box,10.23,https://ncdn.telewebion.ir/hdtest/live/playlist.m3u8
TV,iptv-org Movies,Thalaa TV (1080p),OK,HLS playlist + segment reachable,0.61,https://streams2.sofast.tv/v1/master/611d79b11b77e2f571934fd80ca1413453772ac7/2069c593-3c07-4d62-9d44-746be5c3a5d6/manifest.m3u8
TV,iptv-org Movies,The Film Detective (720p),OK,HLS playlist + segment reachable,0.33,https://cinedigm-entertainment-corp-thefilmdetective-1-us.ono.wurl.tv/playlist.m3u8
TV,iptv-org Movies,The Movie Club (1080p),OK,HLS playlist + segment reachable,0.63,https://sis-global.prod.samsungtv.plus/v1/tvpprd/sc-mp2ar4ca425xo.m3u8
TV,iptv-org Movies,The Movie Club +2 (1080p),OK,HLS playlist + segment reachable,0.75,https://d3gnyty2vddhsg.cloudfront.net/v1/master/3722c60a815c199d9c0ef36c5b73da68a62b09d1/pb-ytipwjqub3kf8/TMC2_IN.m3u8?ads.ads_cdn=cf&ads.cdn=cf
TV,iptv-org Movies,The Twilight Zone,FAIL,HTTP 403,0.92,https://jmp2.uk/plu-6512d6c92ce8e40008bd5c81.m3u8
TV,iptv-org Movies,The Twilight Zone DK,FAIL,HTTP 403,0.92,https://jmp2.uk/plu-6512ec9f3a0d700008db4f0c.m3u8
TV,iptv-org Movies,The Twilight Zone NO,FAIL,HTTP 403,0.91,https://jmp2.uk/plu-6512d3a0bdcb19000799cc82.m3u8
TV,iptv-org Movies,The Wild Wild West (United States),FAIL,HTTP 403,0.91,https://jmp2.uk/plu-664e640a0120f40008be4582.m3u8
TV,iptv-org Movies,Thrill (540p),FAIL,HTTP 403,1.12,https://cdn10jtedge.indihometv.com/atm/DASH/thrill/manifest.mpd
TV,iptv-org Movies,Tolly TV (1080p),OK,HLS playlist + segment reachable,0.63,https://streams2.sofast.tv/v1/master/611d79b11b77e2f571934fd80ca1413453772ac7/13b5735d-52c3-4be0-853d-e0ec0127e708/manifest.m3u8
TV,iptv-org Movies,True Film 1 (720p),UNVERIFIED,no route from test server (geo-lock/IPv6/timeout) - test on the TV box,10.01,http://58.8.186.128:10004/bysid/2415
TV,iptv-org Movies,True Film 2 (720p),UNVERIFIED,no route from test server (geo-lock/IPv6/timeout) - test on the TV box,10.01,http://58.8.186.128:10004/bysid/2432
TV,iptv-org Movies,True Film Asia (720p),UNVERIFIED,no route from test server (geo-lock/IPv6/timeout) - test on the TV box,10.0,http://58.8.186.128:10004/bysid/2416
TV,iptv-org Movies,True Movie Hits (720p),UNVERIFIED,no route from test server (geo-lock/IPv6/timeout) - test on the TV box,10.0,http://58.8.186.128:10003/bysid/2325
TV,iptv-org Movies,True Thai Film (720p),UNVERIFIED,no route from test server (geo-lock/IPv6/timeout) - test on the TV box,10.01,http://58.8.186.128:10003/bysid/2326
TV,iptv-org Movies,TV1000,UNVERIFIED,no route from test server (geo-lock/IPv6/timeout) - test on the TV box,10.01,http://85.14.32.26:8800/udp/239.100.10.100:5000
TV,iptv-org Movies,TV Land Drama,FAIL,HTTP 403,0.92,https://jmp2.uk/plu-5d40bebc5e3d2750a2239d7e.m3u8
TV,iptv-org Movies,TVCARiB Cinema (720p) [Not 24/7],OK,HLS playlist + segment reachable,0.32,https://cdn.mycloudstream.io/hls/live/broadcast/l3vslw4i/index.m3u8
TV,iptv-org Movies,TVS Drive In Movie (360p),OK,HLS playlist + segment reachable,0.34,https://rpn.bozztv.com/gusa/gusa-tvsdriveinmovie/index.m3u8
TV,iptv-org Movies,TVS Film Noir Network (720p),FAIL,returned HTML page (geo-block / dead),0.28,https://rpn.bozztv.com/trn01/gusa-TVSFilmNoir/index.m3u8
TV,iptv-org Movies,Twentyseven [Geo-blocked],UNVERIFIED,no route from test server (geo-lock/IPv6/timeout) - test on the TV box,0.09,https://live2.msf.cdn.mediaset.net/content/hls_h0_cls_vos/live/channel(ts)/index.m3u8
TV,iptv-org Movies,Universal Comedy (1080p),UNVERIFIED,no route from test server (geo-lock/IPv6/timeout) - test on the TV box,10.15,http://bantel-cdn1.iptvperu.tv:1935/btnscrtn/universalcomedy/playlist.m3u8
TV,iptv-org Movies,USA Network (1080p),UNVERIFIED,no route from test server (geo-lock/IPv6/timeout) - test on the TV box,10.01,http://190.11.225.124:5000/live/usa_hd/playlist.m3u8
TV,iptv-org Movies,Viafree Movies,FAIL,HTTP 403,0.87,https://jmp2.uk/plu-62f64ec9eb1045000728cad6.m3u8
TV,iptv-org Movies,Viafree Movies DK,FAIL,HTTP 403,0.88,https://jmp2.uk/plu-62bebc3459624e00078209c3.m3u8
TV,iptv-org Movies,Viafree Movies NO,FAIL,HTTP 403,0.52,https://jmp2.uk/plu-62beb44e3afd120007915d1b.m3u8
TV,iptv-org Movies,Viasat Kino Balkan (1080p),OK,HLS playlist + segment reachable,0.3,http://176.61.157.250/TV1000/index.m3u8
TV,iptv-org Movies,Viasat Kino Bulgaria (1080p),UNVERIFIED,no route from test server (geo-lock/IPv6/timeout) - test on the TV box,20.02,http://hls127.freeott.top:8080/BG_Viasat_Kino_HD/video.m3u8
TV,iptv-org Movies,Viasat Kino Romania,FAIL,returned HTML page (geo-block / dead),0.39,https://flash1.bogulus1.cfd/tivi10/usergenrxs4f7zc.m3u8
TV,iptv-org Movies,Vinh Long TV 3 (720p),OK,HLS playlist + segment reachable,3.12,https://dethich.pw/thvl3/index.m3u8
TV,iptv-org Movies,Watch it Scream! (720p),OK,HLS playlist + segment reachable,0.25,https://stream-us-east-1.getpublica.com/playlist.m3u8?network_id=2246
TV,iptv-org Movies,Whiplash Cinema (480p),OK,HLS playlist + segment reachable,0.35,https://cdn.whiplash.cc/whiplash-cinema/index.m3u8
TV,iptv-org Movies,Wu Tang Collection (720p),OK,HLS playlist + segment reachable,0.23,https://dbrb49pjoymg4.cloudfront.net/10001/99991745/hls/master.m3u8?ads.xumo_channelId=99991745
TV,iptv-org Movies,Xtrema Accion,OK,HLS playlist + segment reachable,0.52,https://stmv6.voxtvhd.com.br/cineaccion/cineaccion/playlist.m3u8
TV,iptv-org Movies,Xtrema Cine Clasico,OK,HLS playlist + segment reachable,0.42,https://stmv6.voxtvhd.com.br/cineclasico/cineclasico/playlist.m3u8
TV,iptv-org Movies,Xtrema Terror,OK,HLS playlist + segment reachable,0.34,https://stmv6.voxtvhd.com.br/cineterror/cineterror/playlist.m3u8
TV,iptv-org Movies,Zee Action (576p),OK,HLS playlist + segment reachable,0.29,http://107.167.16.138/zeeaction/index.m3u8?token=test
TV,iptv-org Movies,Zee Cinema (576p),OK,HLS playlist + segment reachable,0.17,https://d1g8wgjurz8via.cloudfront.net/bpk-tv/NGCHD/default/NGCHD.m3u8
TV,iptv-org Movies,Zee Cinema APAC (720p),OK,HLS playlist + segment reachable,0.4,https://raw.githubusercontent.com/amazeyourself/adaptive-streams/refs/heads/main/streams/sg/YuppTV/ZeeCinemaAPAC.m3u8
TV,iptv-org Movies,Zee Cinemalu HD (720p),FAIL,HTTP 404,1.08,https://mumbai-edge.smartplaytv.in/ZeeCinemaluHD/index.m3u8
TV,iptv-org Movies,Zee South Flix (1080p),FAIL,HTTP 403,0.47,https://amg00862-amg00862c9-amgplt0173.playout.now3.amagi.tv/playlist/amg00862-amg00862c9-amgplt0173/playlist.m3u8
TV,iptv-org Movies,Zee Talkies (576p),OK,HLS playlist + segment reachable,0.28,http://107.167.16.138/zeetalkies/index.m3u8?token=test
TV,iptv-org Kids,3ABN Kids,PARTIAL,"playlist OK, segment failed: HTTP Error 403: Forbidden",0.33,https://3abn.bozztv.com/3abn2/Kids_live/smil:Kids_live.smil/playlist.m3u8
TV,iptv-org Kids,4 Fun Kids (576i),UNVERIFIED,no route from test server (geo-lock/IPv6/timeout) - test on the TV box,6.06,https://stream.4fun.tv:8889/hls/4fk_high/index.m3u8
TV,iptv-org Kids,9Go! (720p) [Geo-blocked],FAIL,HTTP 400,0.27,https://9now-livestreams.akamaized.net/hls/live/2008312/go-syd/master.m3u8
TV,iptv-org Kids,13 Kids (1080p),OK,HLS playlist + segment reachable,0.57,https://origin.dpsgo.com/ssai/event/LhHrVtyeQkKZ-Ye_xEU75g/master.m3u8
TV,iptv-org Kids,90's Kids,FAIL,HTTP 403,0.27,https://jmp2.uk/plu-6452c814939a590008567a3b.m3u8
TV,iptv-org Kids,90s Kids TV 2,FAIL,HTTP 403,0.94,https://jmp2.uk/plu-6452c77ed3fdde00080eb3a8.m3u8
TV,iptv-org Kids,ABC Entertains (720p),OK,HLS playlist + segment reachable,0.75,https://c.mjh.nz/abc-me.m3u8
TV,iptv-org Kids,ABC Kids,OK,HLS playlist + segment reachable,0.65,https://c.mjh.nz/abc-kids.m3u8
TV,iptv-org Kids,ADO TV (720p),PARTIAL,"playlist OK, segment failed: HTTP Error 403: Forbidden",0.45,https://strhls.streamakaci.tv/ortb/ortb2-multi/playlist.m3u8
TV,iptv-org Kids,Afarin Baxcha (1080p),OK,HLS playlist + segment reachable,0.25,https://5dcabf026b188.streamlock.net/afarinTV/livestream/playlist.m3u8
TV,iptv-org Kids,Afarin TV (720p) [Not 24/7],OK,HLS playlist + segment reachable,1.04,https://65f16f0fdfc51.streamlock.net/afarinTV/livestream/playlist.m3u8
TV,iptv-org Kids,Akili Kids!,OK,HLS playlist + segment reachable,0.64,https://m6.livecdn.io/akilikids.co.ke/akilikids.smil/playlist.m3u8
TV,iptv-org Kids,Amou Yazid TV (576p),UNVERIFIED,no route from test server (geo-lock/IPv6/timeout) - test on the TV box,10.02,http://mkstream.servehttp.com:1940/AmouYazid/ay1/playlist.m3u8
TV,iptv-org Kids,Atfal & Mawaheb TV (1080p),OK,HLS playlist + segment reachable,0.53,https://5aafcc5de91f1.streamlock.net/atfal1.com/atfal2/playlist.m3u8
TV,iptv-org Kids,Avatar (Germany),FAIL,HTTP 403,0.89,https://jmp2.uk/plu-656df599c0fc8800089c75ab.m3u8
TV,iptv-org Kids,Avatar (Sweden),FAIL,HTTP 403,0.96,https://jmp2.uk/plu-61c09b48d6d97900076e91c5.m3u8
TV,iptv-org Kids,Avatar: A lenda de Aang,FAIL,HTTP 403,0.94,https://jmp2.uk/plu-6759eeb1bd523200083b4f29.m3u8
TV,iptv-org Kids,Avatar: La Leyenda de Aang,FAIL,HTTP 403,0.26,https://jmp2.uk/plu-6759ee82bd523200083b4f0f.m3u8
TV,iptv-org Kids,Baby Shark TV (1080p),OK,HLS playlist + segment reachable,0.27,https://newidco-babysharktv-1-us.roku.wurl.tv/playlist.m3u8
TV,iptv-org Kids,BabyFirst Brazil,FAIL,HTTP 403,0.93,https://jmp2.uk/plu-5f4fb4cf605ddf000748e16f.m3u8
TV,iptv-org Kids,BabyFirst Spanish (720p),UNVERIFIED,no route from test server (geo-lock/IPv6/timeout) - test on the TV box,10.01,http://168.228.44.241:9997/play/a07u/index.m3u8
TV,iptv-org Kids,BabyTV Latin America (1080p),UNVERIFIED,no route from test server (geo-lock/IPv6/timeout) - test on the TV box,10.06,https://cdn1tlinkgo.tlink.cl/babytv/index.m3u8
TV,iptv-org Kids,BabyTV Turkiye (1080p) [Geo-blocked],FAIL,HTTP 401,0.62,https://saran-live.ercdn.net/babytv/index.m3u8
TV,iptv-org Kids,Balapan (576p),PARTIAL,"playlist OK, segment failed: HTTP Error 404: Not Found",0.61,https://fs.uplink.kz/balapan/mono.m3u8?token=onlinetv
TV,iptv-org Kids,Balapan HD (1080p),OK,HLS playlist + segment reachable,0.82,https://balapantv-stream.qazcdn.com/balapantv/balapantv/playlist.m3u8
TV,iptv-org Kids,Balapan International (1080p),OK,HLS playlist + segment reachable,0.68,https://live-3.otcnet.ru/Balapan/index.m3u8
TV,iptv-org Kids,BBC Four/CBeebies (720p),UNVERIFIED,no route from test server (geo-lock/IPv6/timeout) - test on the TV box,10.01,http://193.46.58.239:8080/CbeebiesHD/index.m3u8
TV,iptv-org Kids,BBC Kids (720p),FAIL,HTTP 502,0.6,https://dmr1h4skdal9h.cloudfront.net/playlist.m3u8
TV,iptv-org Kids,BBC Three/CBBC (720p),UNVERIFIED,no route from test server (geo-lock/IPv6/timeout) - test on the TV box,10.01,http://193.46.58.239:8080/CBBCHD/index.m3u8
TV,iptv-org Kids,BeJoy.kids (1080p),OK,HLS playlist + segment reachable,0.45,https://stream.paroledivita.org/bejoy.m3u8
TV,iptv-org Kids,Biznet Kids (1080p),FAIL,HTTP 503,1.4,http://livestream.biznetvideo.net/biznet_kids/smil:kids.smil/index.m3u8
TV,iptv-org Kids,Bob Esponja (720p),FAIL,HTTP 403,0.91,https://jmp2.uk/plu-5f1aca0b4e448e00075e7c5e.m3u8
TV,iptv-org Kids,Bob Esponja Calca Quadrada (720p),FAIL,HTTP 403,0.89,https://jmp2.uk/plu-62545c0b002f4b0007688b61.m3u8
TV,iptv-org Kids,Bob Esponja Pantalones Cuadrados (720p),FAIL,HTTP 403,0.26,https://jmp2.uk/plu-6254598f5083f800076d8563.m3u8
TV,iptv-org Kids,Bob l'eponge (720p),FAIL,HTTP 403,0.89,https://jmp2.uk/plu-66588931a3865300085ca800.m3u8
TV,iptv-org Kids,Bolajon (576p),OK,HLS playlist + segment reachable,0.63,https://stream8.cinerama.uz/1007/playlist.m3u8
TV,iptv-org Kids,Box Kids TV (720p),UNVERIFIED,no route from test server (geo-lock/IPv6/timeout) - test on the TV box,10.01,http://170.83.49.66:8083/BOXKIDSHD/index.m3u8
TV,iptv-org Kids,Brat TV (1080p),OK,HLS playlist + segment reachable,0.52,https://streams2.sofast.tv/v1/master/611d79b11b77e2f571934fd80ca1413453772ac7/04072b68-dc6a-4d5e-98af-f356ba8d5063/playlist.m3u8
TV,iptv-org Kids,Bravo! Kids TV,OK,HLS playlist + segment reachable,1.03,https://streaming.radiohub.hr/RadioHub_WEB_streaming/BHWUC27pGZ/3.m3u8
TV,iptv-org Kids,BRTV Kaku Childrens Channel,UNVERIFIED,no route from test server (geo-lock/IPv6/timeout) - test on the TV box,10.01,http://223.111.191.105/downflv.brtvcloud.com/kkkkasd/winfr.m3u8
TV,iptv-org Kids,Camp Spoopy (576p),OK,HLS playlist + segment reachable,0.25,https://stream.ads.ottera.tv/playlist.m3u8?network_id=269
TV,iptv-org Kids,Canal Infantil (1080p),UNVERIFIED,no route from test server (geo-lock/IPv6/timeout) - test on the TV box,10.32,http://bantel-cdn1.iptvperu.tv:1935/btnscrtn/canalinfantil/playlist.m3u8
TV,iptv-org Kids,Cartoon Classics,PARTIAL,"playlist OK, segment failed: HTTP Error 403: Forbidden!!!",0.48,https://daiconnect.com/live/hls/tvup/rk-cartoonclassics/578f4b7eb725168349ec0af81b21d388/index.m3u8
TV,iptv-org Kids,CBBC (720p) [Geo-blocked],FAIL,HTTP 403,0.46,https://vs-cmaf-pushb-uk-live.akamaized.net/x=4/i=urn:bbc:pips:service:cbbc_hd/iptv_hd_abr_v1.mpd
TV,iptv-org Kids,CBeebies (720p) [Geo-blocked],FAIL,HTTP 403,0.39,https://vs-cmaf-pushb-uk-live.akamaized.net/x=4/i=urn:bbc:pips:service:cbeebies_hd/iptv_hd_abr_v1.mpd
TV,iptv-org Kids,CCTV-14 HD (1080p),UNVERIFIED,no route from test server (geo-lock/IPv6/timeout) - test on the TV box,10.01,http://74.91.26.218:82/live/cctv14hd.m3u8
TV,iptv-org Kids,Chikitoonz (1080p),UNVERIFIED,no route from test server (geo-lock/IPv6/timeout) - test on the TV box,10.01,http://45.70.201.81:8000/play/a00p/index.m3u8
TV,iptv-org Kids,Chinola TV (480p),UNVERIFIED,no route from test server (geo-lock/IPv6/timeout) - test on the TV box,6.05,https://tv.wracanal10.com:3300/live/chinolatvlive.m3u8
TV,iptv-org Kids,Chithiram (576p),OK,HLS playlist + segment reachable,0.86,https://cdn.pishow.tv/ott/live/1243/master.m3u8
TV,iptv-org Kids,Christian Youth Channel CYC (1080p),UNVERIFIED,no route from test server (geo-lock/IPv6/timeout) - test on the TV box,10.04,http://media3.smc-host.com:1935/cycnow.com/smil:cyc.smil/playlist.m3u8
TV,iptv-org Kids,Cine+ Kids (576p),FAIL,HTTP 404,0.34,http://dtv.vol.net.ua/Cine_plus_Kids_HD/index.m3u8
TV,iptv-org Kids,Clan (1080p),OK,HLS playlist + segment reachable,0.26,https://lge-lgla2.otteravision.com/lge/lgcla/lgcla.m3u8
TV,iptv-org Kids,Clan Internacional,UNVERIFIED,no route from test server (geo-lock/IPv6/timeout) - test on the TV box,10.3,https://xyktmobile00.s.gy/PPV906_CLAN_INTE
TV,iptv-org Kids,CT Decko (1080p),UNVERIFIED,no route from test server (geo-lock/IPv6/timeout) - test on the TV box,10.01,http://88.212.15.19/live/ct_art_avc_25p/playlist.m3u8
TV,iptv-org Kids,Cufo,FAIL,HTTP 403,0.43,https://digitalb-live.morescreens.com/DAL_1_005/playlist.m3u8?application_id=backoffice1&application_installation_id=1&authority_instance_id=spectar-prd-digitalb&detected_delivery_method=hls&id=DAL_1_005&playlist_template=nginx&profile_id=1&ps=94d0066599d8f74d1c090e93ac4617b6491d3629d2e2d770870fcef1f7effa25b204aa53b3821da5e9e65bee8e94331bcae2cb344d0739ca3a938b4ef2051cc8&subscriber_id=1&token=142cda7d50870275a9ca7988ff001b32ab30709b&uuid=backoffice1&vh=7ab82e63aae8510c6b37ea16da502e54e441a5a1a88bce0c8ed63da99bce948d86253d64ae00424dda8b9c8b6e2cd0f6cd79d8b0a56e10759210cdf4f6761d11&video_id=12498
TV,iptv-org Kids,Detective Conan,FAIL,HTTP 403,1.0,https://jmp2.uk/plu-629a066860ef810008267b70.m3u8
TV,iptv-org Kids,Detective Conan France (720p),FAIL,HTTP 403,0.92,https://jmp2.uk/plu-62f3e8ad2a8e8000077b013d.m3u8
TV,iptv-org Kids,Dios Te Ve Kids (720p),UNVERIFIED,no route from test server (geo-lock/IPv6/timeout) - test on the TV box,6.12,https://s.emisoras.tv:8081/diostevekids/index.m3u8
TV,iptv-org Kids,Disney Channel (Bulgaria),UNVERIFIED,no route from test server (geo-lock/IPv6/timeout) - test on the TV box,10.01,http://213.91.179.28:8000/play/a059
TV,iptv-org Kids,Disney Channel (Czech Republic),UNVERIFIED,no route from test server (geo-lock/IPv6/timeout) - test on the TV box,10.01,http://88.212.15.19/live/test_disney/playlist.m3u8
TV,iptv-org Kids,Disney Channel (Hungary),UNVERIFIED,no route from test server (geo-lock/IPv6/timeout) - test on the TV box,10.01,http://88.212.15.19/live/disney_channel_hun/index.m3u8
TV,iptv-org Kids,Disney Channel (India) (576p),UNVERIFIED,no route from test server (geo-lock/IPv6/timeout) - test on the TV box,10.01,http://202.70.146.135:8000/play/a01q/index.m3u8
TV,iptv-org Kids,Disney Channel (India) HD (1080p),UNVERIFIED,no route from test server (geo-lock/IPv6/timeout) - test on the TV box,10.01,http://66.102.126.10:8000/play/a013/index.m3u8
TV,iptv-org Kids,Disney Channel (Netherlands),UNVERIFIED,no route from test server (geo-lock/IPv6/timeout) - test on the TV box,10.01,http://86.87.15.10:8004/play/a02g/index.m3u8
TV,iptv-org Kids,Disney Channel (Poland) HD (1080p),UNVERIFIED,no route from test server (geo-lock/IPv6/timeout) - test on the TV box,10.01,http://185.227.34.179:8080/disney-channel-hd/index.m3u8
TV,iptv-org Kids,Disney Channel (Portugal) (1080p),UNVERIFIED,no route from test server (geo-lock/IPv6/timeout) - test on the TV box,10.01,http://151.80.18.177:86/Disney_Channel_HD/index.m3u8
TV,iptv-org Kids,Disney Channel (Romania),FAIL,HTTP 403,0.2,https://galandriel1.thobias11.cfd/dysnee/usergendx0k2rnd.m3u8
TV,iptv-org Kids,Disney Channel (United States) (720p) [Geo-blocked],OK,HLS playlist + segment reachable,0.29,http://212.5.144.156/disney/index.m3u8
TV,iptv-org Kids,Disney Channel (United States) HD East (720p),UNVERIFIED,no route from test server (geo-lock/IPv6/timeout) - test on the TV box,10.01,http://4.30.180.36:8420/disneychannel/index.m3u8?token=test
TV,iptv-org Kids,Disney Channel Latin America (1080p),UNVERIFIED,no route from test server (geo-lock/IPv6/timeout) - test on the TV box,10.01,http://15.204.246.24:8080/DisneyHD/index.m3u8
TV,iptv-org Kids,Disney Channel Latin America Center (1080p),UNVERIFIED,no route from test server (geo-lock/IPv6/timeout) - test on the TV box,10.01,http://181.78.8.199:8000/play/a0dn/index.m3u8
TV,iptv-org Kids,Disney Channel Latin America Mexico (720p),UNVERIFIED,no route from test server (geo-lock/IPv6/timeout) - test on the TV box,10.01,http://45.166.93.156:9999/play/a0f3/index.m3u8
TV,iptv-org Kids,Disney Channel Latin America North (576p),UNVERIFIED,no route from test server (geo-lock/IPv6/timeout) - test on the TV box,10.01,http://138.121.15.230:9002/DISNEY-CHANNEL/index.m3u8
TV,iptv-org Kids,Disney Channel Latin America Panregional HD (1080p),UNVERIFIED,no route from test server (geo-lock/IPv6/timeout) - test on the TV box,10.01,http://45.134.141.161:2200/ARG/Disney_Channel/index.m3u8
TV,iptv-org Kids,Disney International HD (1080p),UNVERIFIED,no route from test server (geo-lock/IPv6/timeout) - test on the TV box,10.01,http://202.70.146.135:8000/play/a04p/index.m3u8
TV,iptv-org Kids,Disney Jr. (France) (1080p),UNVERIFIED,no route from test server (geo-lock/IPv6/timeout) - test on the TV box,10.01,http://151.80.18.177:86/Disney_Junior_HD/index.m3u8
TV,iptv-org Kids,Disney Jr. (Turkiye) (1080p) [Geo-blocked],FAIL,HTTP 401,0.65,https://saran-live.ercdn.net/disneyjunior/index.m3u8
TV,iptv-org Kids,Disney Jr. Latin America (1080p),UNVERIFIED,no route from test server (geo-lock/IPv6/timeout) - test on the TV box,10.01,http://190.14.10.19:16000/play/a02d/index.m3u8
TV,iptv-org Kids,Disney Jr. Latin America North HD (1080p),UNVERIFIED,no route from test server (geo-lock/IPv6/timeout) - test on the TV box,10.01,http://181.78.14.26:4000/play/a073/index.m3u8
TV,iptv-org Kids,Disney Jr. Latin America South (1080p),UNVERIFIED,no route from test server (geo-lock/IPv6/timeout) - test on the TV box,10.01,http://45.185.163.75:8000/play/a016/index.m3u8
TV,iptv-org Kids,Disney Jr. Latin America South HD (1080p),UNVERIFIED,no route from test server (geo-lock/IPv6/timeout) - test on the TV box,10.01,http://45.134.141.161:2200/ARG/Disney_Junior/index.m3u8
TV,iptv-org Kids,Disney Junior (Czech Republic),UNVERIFIED,no route from test server (geo-lock/IPv6/timeout) - test on the TV box,10.02,http://88.212.15.19/live/test_disney_junior/playlist.m3u8
TV,iptv-org Kids,Disney Junior (Romania),FAIL,returned HTML page (geo-block / dead),0.35,https://atlantida1.aquax1.cfd/disjr/usergendxvoq4rnd.m3u8
TV,iptv-org Kids,Disney Junior (United States) (720p),UNVERIFIED,no route from test server (geo-lock/IPv6/timeout) - test on the TV box,10.01,http://23.237.104.106:8080/USA_DISNEY_JUNIOR/index.m3u8
TV,iptv-org Kids,Disney XD (Poland) (576p),UNVERIFIED,no route from test server (geo-lock/IPv6/timeout) - test on the TV box,10.01,http://185.227.34.179:8080/disney-xd/index.m3u8
TV,iptv-org Kids,Disney XD (United States) (720p),UNVERIFIED,no route from test server (geo-lock/IPv6/timeout) - test on the TV box,10.01,http://23.237.104.106:8080/USA_DISNEY_XD/index.m3u8
TV,iptv-org Kids,Dora TV,FAIL,HTTP 403,0.92,https://jmp2.uk/plu-62e951258a26d40007b3034c.m3u8
TV,iptv-org Kids,DR Ramasjang (720p) [Geo-blocked],FAIL,HTTP 403,0.27,https://drlive03hls.akamaized.net/hls/live/2014190/drlive03/master.m3u8
TV,iptv-org Kids,Drake & Josh,FAIL,HTTP 403,0.87,https://jmp2.uk/plu-65a67c494a10d800085cab06.m3u8
TV,iptv-org Kids,ducktv (720p),OK,HLS playlist + segment reachable,1.23,https://jmp2.uk/stvp-ESBC4700001GR
TV,iptv-org Kids,ducktv HD,OK,HLS playlist + segment reachable,0.81,https://dash3.antik.sk/live/duck_tv/index.m3u8
TV,iptv-org Kids,ducktv PLUS,OK,HLS playlist + segment reachable,0.7,https://dash3.antik.sk/live/test_duck_plus/playlist.m3u8
TV,iptv-org Kids,DumDum (720p),OK,HLS playlist + segment reachable,0.31,http://45.162.64.114/ZOOMOO_KIDS/index.m3u8
TV,iptv-org Kids,Duronto TV (720p),OK,HLS playlist + segment reachable,0.93,https://tvsen6.aynaott.com/6xyZ3N4oHv2KBJdB6W4p/index.m3u8
TV,iptv-org Kids,EBS Kids (400p) [Not 24/7],OK,HLS playlist + segment reachable,2.13,https://ebsonair.ebs.co.kr/ebsufamilypc/familypc1m/playlist.m3u8
TV,iptv-org Kids,EKids (576p),UNVERIFIED,no route from test server (geo-lock/IPv6/timeout) - test on the TV box,10.02,http://78.108.244.134:8899/ekids
TV,iptv-org Kids,El Chavo TV (720p),FAIL,HTTP 502,0.26,https://live20.bozztv.com/giatvplayout7/giatv-211465/playlist.m3u8
TV,iptv-org Kids,Epic Kids Digital (1080p),OK,HLS playlist + segment reachable,1.08,https://cc-t8lqe1o99pszu.akamaized.net/v1/master/3722c60a815c199d9c0ef36c5b73da68a62b09d1/cc-t8lqe1o99pszu/playlist.m3u8
TV,iptv-org Kids,ETV 2 (720p),OK,HLS playlist + segment reachable,1.24,https://sb.err.ee/live/etv2.m3u8
TV,iptv-org Kids,ETV Bal Bharat (576p),UNVERIFIED,no route from test server (geo-lock/IPv6/timeout) - test on the TV box,10.01,http://103.185.24.134:3001/ETV-BAL-BHARAT/index.m3u8
TV,iptv-org Kids,Eureka (1080p) [Geo-blocked],FAIL,HTTP 403,0.23,https://mdstrm.com/live-stream-playlist/6952e02d19eabace52e2885f.m3u8
TV,iptv-org Kids,Extrema Kids TV [Not 24/7],UNVERIFIED,no route from test server (geo-lock/IPv6/timeout) - test on the TV box,6.05,https://627bb251f23c7.streamlock.net:444/ExtremaKids/ExtremaKids/playlist.m3u8
TV,iptv-org Kids,FMH Kids (1080p),UNVERIFIED,no route from test server (geo-lock/IPv6/timeout) - test on the TV box,10.06,https://cdn1tlinkgo.tlink.cl/fmhkidshd/index.m3u8
TV,iptv-org Kids,Forever Kids,FAIL,HTTP 403,0.26,https://jmp2.uk/plu-56171fafada51f8004c4b40f.m3u8
TV,iptv-org Kids,France 4,UNVERIFIED,no route from test server (geo-lock/IPv6/timeout) - test on the TV box,10.01,http://176.65.146.100:8047/play/a074/index.m3u8
TV,iptv-org Kids,France 4 HD (1080p),FAIL,HTTP 403,0.58,https://sv1.data-stream.top/8c0a287e56a6e1843143904778be3775b4d3edd4fba4ffcc3f72638c7a71d4d4/hls/francetv4.m3u8
TV,iptv-org Kids,FunBox,UNVERIFIED,no route from test server (geo-lock/IPv6/timeout) - test on the TV box,10.01,http://186.148.196.100:8000/play/a00d
TV,iptv-org Kids,Garfield and Friends,FAIL,HTTP 403,0.91,https://jmp2.uk/plu-677f927554f43dad4b3258aa.m3u8
TV,iptv-org Kids,GEM Junior,FAIL,HTTP 403,0.21,https://ca-rt.onetv.app/gemjunior/index-0.m3u8?token=onetv202
TV,iptv-org Kids,GEM Kids,FAIL,HTTP 403,0.22,https://ca-rt.onetv.app/gemkids/index-0.m3u8?token=onetv202
TV,iptv-org Kids,Giggle Mug (576p),FAIL,HTTP 404,0.94,https://tvsen6.aynaott.com/ytv/index.m3u8
TV,iptv-org Kids,Gloob (576p),UNVERIFIED,no route from test server (geo-lock/IPv6/timeout) - test on the TV box,10.01,http://45.235.0.78/Gloob/playlist.m3u8
TV,iptv-org Kids,Gloob Web [Not 24/7],FAIL,HTTP 404,0.24,https://vs20.live.opencaster.com/globiosat_73a904af/index.m3u8
TV,iptv-org Kids,Gloobinho (720p),UNVERIFIED,no route from test server (geo-lock/IPv6/timeout) - test on the TV box,10.01,http://177.52.24.163/GLOOBINHO-HD/index.m3u8
TV,iptv-org Kids,God Stands Kids Club TV,UNVERIFIED,no route from test server (geo-lock/IPv6/timeout) - test on the TV box,6.05,https://online.godstands.tv:5443/WebRTCApp/streams/kidsenglish.m3u8
TV,iptv-org Kids,God Stands Kids Club TV Arabic,UNVERIFIED,no route from test server (geo-lock/IPv6/timeout) - test on the TV box,6.05,https://online.godstands.tv:5443/WebRTCApp/streams/KidsArabic.m3u8
TV,iptv-org Kids,God Stands Kids Club TV Chinese,UNVERIFIED,no route from test server (geo-lock/IPv6/timeout) - test on the TV box,6.05,https://online.godstands.tv:5443/WebRTCApp/streams/KidsChinese.m3u8
TV,iptv-org Kids,God Stands Kids Club TV Urdu,UNVERIFIED,no route from test server (geo-lock/IPv6/timeout) - test on the TV box,6.05,https://online.godstands.tv:5443/WebRTCApp/streams/KidsUrdu.m3u8
TV,iptv-org Kids,Golden Eagle Cartoon (576p),UNVERIFIED,no route from test server (geo-lock/IPv6/timeout) - test on the TV box,10.01,http://223.110.245.145/ott.js.chinamobile.com/PLTV/3/224/3221226303/index.m3u8
TV,iptv-org Kids,Groovia Kids (576p),OK,HLS playlist + segment reachable,0.16,https://gist.githubusercontent.com/iptvonlinetv/244b66c61f162a7c0c2b4fa59b528139/raw/2376b7ba1989ebbd383301ec7d645e222a6c9338/udp780.510.345:4545.m3u8
TV,iptv-org Kids,Gulli,UNVERIFIED,no route from test server (geo-lock/IPv6/timeout) - test on the TV box,10.01,http://99.27.51.147:8080/Gulli/index.m3u8
TV,iptv-org Kids,HappyKids (1080p),OK,HLS playlist + segment reachable,0.26,https://dil9xdvretp0f.cloudfront.net/index.m3u8
TV,iptv-org Kids,Hasbro Legends (1080p) [Geo-blocked],OK,HLS playlist + segment reachable,0.3,https://amg02713-amg02713c11-amgplt0852.playout.now3.amagi.tv/ts-us-e2-n2/playlist/amg02713-amg02713c11-amgplt0852/playlist.m3u8
TV,iptv-org Kids,Hey Arnold!,FAIL,HTTP 403,0.28,https://jmp2.uk/plu-66c79221b1a34600087e264d.m3u8
TV,iptv-org Kids,HodHod Farsi TV (1080p),FAIL,HTTP 403,0.34,https://northtelecom.b-cdn.net/hodhodtv.m3u8
TV,iptv-org Kids,Hungama TV (576p),UNVERIFIED,no route from test server (geo-lock/IPv6/timeout) - test on the TV box,10.01,http://103.185.24.134:3001/HUNGAMA/index.m3u8
TV,iptv-org Kids,iCarly (Sweden),FAIL,HTTP 403,0.99,https://jmp2.uk/plu-61c185049e0bde0007820039.m3u8
TV,iptv-org Kids,iCarly (Sweden) DK,FAIL,HTTP 403,0.9,https://jmp2.uk/plu-61c0b9aab7facb0007913908.m3u8
TV,iptv-org Kids,iCarly (Sweden) NO,FAIL,HTTP 403,0.93,https://jmp2.uk/plu-61c1d9b31a9c310008f8ee57.m3u8
TV,iptv-org Kids,Inazuma Eleven,FAIL,HTTP 403,0.87,https://jmp2.uk/plu-632c6df43d2bc5000751f621.m3u8
TV,iptv-org Kids,IRIB Omid,UNVERIFIED,no route from test server (geo-lock/IPv6/timeout) - test on the TV box,10.25,https://ncdn.telewebion.ir/omid/live/playlist.m3u8
TV,iptv-org Kids,Iunior TV (1080p),OK,HLS playlist + segment reachable,0.72,https://5f22d76e220e1.streamlock.net/iuniortv/iuniortv/chunklist_w774879328.m3u8
TV,iptv-org Kids,JapanimTV (1080p),UNVERIFIED,no route from test server (geo-lock/IPv6/timeout) - test on the TV box,6.05,https://foxkidstv.be:3369/stream/play.m3u8
TV,iptv-org Kids,Jiangxi Children's Channel,UNVERIFIED,no route from test server (geo-lock/IPv6/timeout) - test on the TV box,7.04,https://play-live-hls.jxtvcn.com.cn/live-city/tv_jxtv6.m3u8
TV,iptv-org Kids,JimJam,UNVERIFIED,no route from test server (geo-lock/IPv6/timeout) - test on the TV box,10.01,http://88.212.15.19/live/jim_jam_hun/index.m3u8
TV,iptv-org Kids,Kartoon Channel! (1080p),OK,HLS playlist + segment reachable,0.91,https://lightning-fnf-samsungaus.amagi.tv/playlist.m3u8
TV,iptv-org Kids,Ketchup TV (720p),FAIL,HTTP 502,0.58,https://d24p9tv2w5yorn.cloudfront.net/vod.m3u8
TV,iptv-org Kids,KidOO (1080p) [Geo-blocked],UNVERIFIED,no route from test server (geo-lock/IPv6/timeout) - test on the TV box,10.01,http://15.204.246.24:8080/KidooHD/index.m3u8
TV,iptv-org Kids,Kidoodle.TV (1080p),OK,application/vnd.apple.mpegurl,0.34,https://amg07653-apmc-amg07653c9-samsung-us-8740.playouts.now.amagi.tv/playlist.m3u8
TV,iptv-org Kids,Kids TV,FAIL,HTTP 503,0.85,http://origin5.mediacdn.ru/live/kidstv/index.m3u8
TV,iptv-org Kids,Kids Zone (720p),UNVERIFIED,no route from test server (geo-lock/IPv6/timeout) - test on the TV box,10.01,http://103.250.28.74:8000/play/a04m/index.m3u8
TV,iptv-org Kids,KiKA (1080p) [Not 24/7],PARTIAL,unknown content-type application/x-mpegURL,0.5,https://kikahls.akamaized.net/hls/live/2022690/livetvkika_ww/master.m3u8
TV,iptv-org Kids,KiKA HD,OK,HLS playlist + segment reachable,0.69,https://dash4.antik.sk/live/test_kika_tizen/playlist.m3u8
TV,iptv-org Kids,KinoKazka (1080p),OK,HLS playlist + segment reachable,0.17,http://stream.mcquack.net/167/index.m3u8
TV,iptv-org Kids,Knowledge Network (720p) [Geo-blocked],OK,HLS playlist + segment reachable,0.34,https://d1wal6k3d7ssin.cloudfront.net/out/v1/ea91db0906c847a4931b46a9ec36e77b/index.m3u8
TV,iptv-org Kids,Kolyokklub,UNVERIFIED,no route from test server (geo-lock/IPv6/timeout) - test on the TV box,10.01,http://88.212.15.19/live/kolyokklub_atk/index.m3u8
TV,iptv-org Kids,Koogi TV (1080p),OK,HLS playlist + segment reachable,0.2,https://5d658d7e9f562.streamlock.net/koogi.tv/koogi.smil/playlist.m3u8
TV,iptv-org Kids,Kuriakos Kids (1080p),OK,HLS playlist + segment reachable,0.81,https://w2.manasat.com/kkids/smil:kkids.smil/playlist.m3u8
TV,iptv-org Kids,Lale,FAIL,HTTP 404,1.8,https://ext.cdn.nashnet.tv/228.0.0.50/index.m3u8
TV,iptv-org Kids,Lego Channel (1080p),OK,HLS playlist + segment reachable,0.32,https://dltiqboxjw21d.cloudfront.net/index.m3u8
TV,iptv-org Kids,LEGO Kids TV,FAIL,HTTP 403,0.27,https://jmp2.uk/plu-60fb01a24795a6000762fe83.m3u8
TV,iptv-org Kids,Little Stars Universe,FAIL,HTTP 403,0.26,https://jmp2.uk/plu-51c75f7bb6f26ba1cd00002f.m3u8
TV,iptv-org Kids,Logos TV Kids (720p) [Not 24/7],OK,HLS playlist + segment reachable,1.2,https://streamer1.streamhost.org/salive/logoskidsH/playlist.m3u8
TV,iptv-org Kids,M-Net Kids (720p),FAIL,returned HTML page (geo-block / dead),0.56,http://ares.mnet.mk/hls/mnet-kids.m3u8
TV,iptv-org Kids,MBC 3 USA (1080p) [Geo-blocked],OK,HLS playlist + segment reachable,0.38,https://shd-gcp-live.edgenextcdn.net/live/bitmovin-mbc-3-usa/5d58265a862a476dc7f97694addb5ded/index.m3u8
TV,iptv-org Kids,MCN6 Music Channel (1080p) [Not 24/7],OK,HLS playlist + segment reachable,0.84,https://d18fcxaqfnwjhj.cloudfront.net/CDN_Ingest/MCN6_MUSIC.smil/Playlist.m3u8
TV,iptv-org Kids,MeTV Toons KMBY-LD,OK,HLS playlist + segment reachable,0.29,https://2-fss-2.streamhoster.com/pl_138/205510-3094608-1/playlist.m3u8
TV,iptv-org Kids,Minika Cocuk (720p),OK,HLS playlist + segment reachable,0.86,https://rnttwmjcin.turknet.ercdn.net/lcpmvefbyo/minikago_cocuk/minikago_cocuk.m3u8
TV,iptv-org Kids,Minika Go (720p),OK,HLS playlist + segment reachable,1.01,https://rnttwmjcin.turknet.ercdn.net/lcpmvefbyo/minikago/minikago.m3u8
TV,iptv-org Kids,Minimax (Hungary),UNVERIFIED,no route from test server (geo-lock/IPv6/timeout) - test on the TV box,10.01,http://88.212.15.19/live/minimax_hun/index.m3u8
TV,iptv-org Kids,Minimax (Pakistan) (360p),UNVERIFIED,no route from test server (geo-lock/IPv6/timeout) - test on the TV box,6.11,https://vodzong.mjunoon.tv:8087/streamtest/disckids-157-1/playlist.m3u8
TV,iptv-org Kids,Minimax (Romania),FAIL,returned HTML page (geo-block / dead),0.44,https://atlantida1.aquax1.cfd/minimaxy/usergendxny9zrnd.m3u8
TV,iptv-org Kids,Minimax CEE (576p),UNVERIFIED,no route from test server (geo-lock/IPv6/timeout) - test on the TV box,10.01,http://88.212.15.19/live/test_minimax/playlist.m3u8
TV,iptv-org Kids,Moonbug Kids (1080p),OK,HLS playlist + segment reachable,0.26,https://moonbug-rokuus.amagi.tv/playlist.m3u8
TV,iptv-org Kids,Mr Bean Animated (1080p),OK,HLS playlist + segment reachable,0.38,https://amg00627-amg00627c23-samsung-au-4110.playouts.now.amagi.tv/playlist.m3u8
TV,iptv-org Kids,Mr Bean Animated ES (1080p),OK,HLS playlist + segment reachable,0.44,https://amg00627-amg00627c30-rakuten-es-3990.playouts.now.amagi.tv/playlist/amg00627-banijayfast-mrbeanescc-rakutenes/playlist.m3u8
TV,iptv-org Kids,Mr Bean Animated FR (1080p),OK,HLS playlist + segment reachable,0.32,https://amg00627-amg00627c31-rakuten-fr-3991.playouts.now.amagi.tv/playlist/amg00627-banijayfast-mrbeanfrcc-rakutenfr/playlist.m3u8
TV,iptv-org Kids,Mr Bean Animated IT (1080p),OK,HLS playlist + segment reachable,0.45,https://amg00627-amg00627c29-rakuten-it-3989.playouts.now.amagi.tv/playlist/amg00627-banijayfast-mrbeanitcc-rakutenit/playlist.m3u8
TV,iptv-org Kids,Mr Bean Live Action (1080p),OK,HLS playlist + segment reachable,0.25,https://amg00627-amg00627c39-samsung-gb-5569.playouts.now.amagi.tv/playlist.m3u8
TV,iptv-org Kids,My Kidz (720p),FAIL,HTTP 403,1.1,https://cdn10jtedge.indihometv.com/atm/DASH/mykids/manifest.mpd
TV,iptv-org Kids,NCM Educational & Kids Channel,FAIL,HTTP 502,0.33,https://reflect-npa.cablecast.tv/live-9/live/live.m3u8
TV,iptv-org Kids,Nick Jr. (Croatia) (540p),OK,HLS playlist + segment reachable,0.3,http://176.61.157.250/NickJr/index.m3u8
TV,iptv-org Kids,Nick Jr. (Czech Republic),UNVERIFIED,no route from test server (geo-lock/IPv6/timeout) - test on the TV box,10.01,http://88.212.15.19/live/test_nick_jr/playlist.m3u8
TV,iptv-org Kids,Nick Jr. (Hungary),UNVERIFIED,no route from test server (geo-lock/IPv6/timeout) - test on the TV box,10.01,http://88.212.15.19/live/nick_junior_hun/index.m3u8
TV,iptv-org Kids,Nick Jr. (India) (576p),UNVERIFIED,no route from test server (geo-lock/IPv6/timeout) - test on the TV box,10.01,http://103.185.24.134:3001/NICK-JR/index.m3u8
TV,iptv-org Kids,Nick Jr. (Italy) (720p),UNVERIFIED,no route from test server (geo-lock/IPv6/timeout) - test on the TV box,10.01,http://102.129.186.182:81/nick/index.m3u8
TV,iptv-org Kids,Nick Jr. (United States) (720p),UNVERIFIED,no route from test server (geo-lock/IPv6/timeout) - test on the TV box,10.01,http://212.5.144.156:8080/nickjr/index.m3u8
TV,iptv-org Kids,Nick Jr. Asia (720p),UNVERIFIED,no route from test server (geo-lock/IPv6/timeout) - test on the TV box,10.04,http://nmk.ioapk.com:5050/4gtv-live032/index.m3u8
TV,iptv-org Kids,Nick Jr. Asia HD (720p),UNVERIFIED,no route from test server (geo-lock/IPv6/timeout) - test on the TV box,10.01,http://58.8.186.128:10003/bysid/2330
TV,iptv-org Kids,Nick Jr. Club (Germany) (720p),FAIL,HTTP 403,0.89,https://jmp2.uk/plu-67f3eb1c443f0671bc03ece8.m3u8
TV,iptv-org Kids,Nick Jr. Club (United States) BR (720p),FAIL,HTTP 403,0.92,https://jmp2.uk/plu-6824ce95f09106f4b18f4114.m3u8
TV,iptv-org Kids,Nick Jr. Club (United States) LatAm (720p),FAIL,HTTP 403,0.32,https://jmp2.uk/plu-5ddd7cb2cbb9010009b4fe32.m3u8
TV,iptv-org Kids,Nick Jr. Pluto TV (720p),FAIL,HTTP 403,0.26,https://jmp2.uk/plu-5ca6748a37b88b269472dad9.m3u8
TV,iptv-org Kids,Nick Jr. Pluto TV CA,FAIL,HTTP 403,1.11,https://jmp2.uk/plu-62bdb75c3afd1200079146a6.m3u8
TV,iptv-org Kids,Nickelodeon (Brazil) (480p),OK,HLS playlist + segment reachable,0.28,https://stmv2.srvif.com/gafeab/gafeab/playlist.m3u8
TV,iptv-org Kids,Nickelodeon (Bulgaria) (576p),UNVERIFIED,no route from test server (geo-lock/IPv6/timeout) - test on the TV box,20.02,http://hls127.freeott.top:8080/BG_Nickelodeon/video.m3u8
TV,iptv-org Kids,Nickelodeon (Croatia) (1080p),OK,HLS playlist + segment reachable,0.3,http://176.61.157.250/Nickelodeon/index.m3u8
TV,iptv-org Kids,Nickelodeon (Czech Republic),UNVERIFIED,no route from test server (geo-lock/IPv6/timeout) - test on the TV box,10.01,http://88.212.15.19/live/test_nickelodeon_hevc_25p/playlist.m3u8
TV,iptv-org Kids,Nickelodeon (Germany),OK,HLS playlist + segment reachable,0.97,https://ma.anixa.tv/clips/stream/nickelodeon/playlist.php
TV,iptv-org Kids,Nickelodeon (Hungary),UNVERIFIED,no route from test server (geo-lock/IPv6/timeout) - test on the TV box,10.01,http://88.212.15.19/live/test_nickelodeon_hu_1200_atk/playlist.m3u8
TV,iptv-org Kids,Nickelodeon (India) (576p),UNVERIFIED,no route from test server (geo-lock/IPv6/timeout) - test on the TV box,10.01,http://103.185.24.134:3001/NICK/index.m3u8
TV,iptv-org Kids,Nickelodeon (Romania),FAIL,returned HTML page (geo-block / dead),0.37,https://onyx1.mofta1.cfd/nike/usergenm24qrnd.m3u8
TV,iptv-org Kids,Nickelodeon (United Kingdom) (576p),UNVERIFIED,no route from test server (geo-lock/IPv6/timeout) - test on the TV box,10.04,http://tvsen7.aynascope.net/nicklodean/index.m3u8
TV,iptv-org Kids,Nickelodeon (United States) (720p),UNVERIFIED,no route from test server (geo-lock/IPv6/timeout) - test on the TV box,10.01,http://198.58.104.90:8989/nickelodeon/index.m3u8
TV,iptv-org Kids,Nickelodeon Asia (1080p),UNVERIFIED,no route from test server (geo-lock/IPv6/timeout) - test on the TV box,10.03,http://nmk.ioapk.com:5050/4gtv-live105/index.m3u8
TV,iptv-org Kids,Nickelodeon Clasico (720p),FAIL,HTTP 403,0.25,https://jmp2.uk/plu-6824cda00101510f9eeaa011.m3u8
TV,iptv-org Kids,Nickelodeon Classico (720p),FAIL,HTTP 403,0.9,https://jmp2.uk/plu-6824ce10c5d53e1351ceb8d1.m3u8
TV,iptv-org Kids,Nickelodeon Classics (720p),FAIL,HTTP 403,0.92,https://jmp2.uk/plu-67f3eb800a1beb98767ca748.m3u8
TV,iptv-org Kids,Nickelodeon en espanol,FAIL,HTTP 403,0.26,https://jmp2.uk/plu-5d8d08395f39465da6fb3ec4.m3u8
TV,iptv-org Kids,Nickelodeon Junior (1080p),UNVERIFIED,no route from test server (geo-lock/IPv6/timeout) - test on the TV box,10.01,http://151.80.18.177:86/Nickelodeon_Junior/index.m3u8
TV,iptv-org Kids,Nickelodeon Latin America (1080p),UNVERIFIED,no route from test server (geo-lock/IPv6/timeout) - test on the TV box,10.01,http://15.204.246.24:8080/NickHD/index.m3u8
TV,iptv-org Kids,Nickelodeon Pluto TV (720p),FAIL,HTTP 403,0.28,https://jmp2.uk/plu-5ca673e0d0bd6c2689c94ce3.m3u8
TV,iptv-org Kids,Nickelodeon Teen (720p),FAIL,HTTP 403,0.92,https://jmp2.uk/plu-60f5fabf0721880007cd50e3.m3u8
TV,iptv-org Kids,Nickelodeon Teen LatAm (720p),FAIL,HTTP 403,0.27,https://jmp2.uk/plu-5fab09a8749b1a00077d35d2.m3u8
TV,iptv-org Kids,Nickelodeon Toons (720p),FAIL,HTTP 403,1.1,https://jmp2.uk/plu-645951c0e94c38000802d2cb.m3u8
TV,iptv-org Kids,Nickelodeon Toons LatAm (720p),FAIL,HTTP 403,0.46,https://jmp2.uk/plu-645952687cb4b100084ed52e.m3u8
TV,iptv-org Kids,NickOnline HD (720p),OK,application/vnd.apple.mpegurl,0.27,https://x1colegal.com/hls/stream.m3u8
TV,iptv-org Kids,NickOnline Bob Esponja (720p) [Not 24/7],OK,application/vnd.apple.mpegurl,0.66,https://bob.x1colegal.com/hls/stream.m3u8
TV,iptv-org Kids,Nicktoons (Czech Republic),UNVERIFIED,no route from test server (geo-lock/IPv6/timeout) - test on the TV box,10.01,http://88.212.15.19/live/test_nicktoons/playlist.m3u8
TV,iptv-org Kids,Nicktoons (Hungary),UNVERIFIED,no route from test server (geo-lock/IPv6/timeout) - test on the TV box,10.02,http://88.212.15.19/live/nicktoons_hungary/index.m3u8
TV,iptv-org Kids,Nicktoons (Romania),FAIL,returned HTML page (geo-block / dead),0.38,https://atlantida1.aquax1.cfd/niktuun/usergendxt7r9CxGrnd.m3u8
TV,iptv-org Kids,Nicktoons (United States) (720p),OK,HLS playlist + segment reachable,0.42,http://41.205.93.154/NICKTOONS/index.m3u8
TV,iptv-org Kids,Nicktoons (United States) CA,FAIL,HTTP 403,0.58,https://jmp2.uk/plu-654ca7f92c1d3300086b608c.m3u8
TV,iptv-org Kids,NickToons Brasil (480p),OK,HLS playlist + segment reachable,0.26,https://stmv2.srvif.com/nicktoons/nicktoons/playlist.m3u8
TV,iptv-org Kids,Nicktoons Scandinavia,PARTIAL,empty HLS playlist,1.41,http://sewv654wfcsdwfi87fwvgbngh.siauliairsavlt.pw/iptv/PE7C639D6VY8TCQQ4BYRZT7X/12059/index.m3u8
TV,iptv-org Kids,Niki Junior (1080p),OK,application/vnd.apple.mpegurl,0.17,http://stream.mcquack.net/262/index.m3u8
TV,iptv-org Kids,Niki Kids (1080p),OK,application/vnd.apple.mpegurl,0.17,http://stream.mcquack.net/271/index.m3u8
TV,iptv-org Kids,Ninja Kidz TV (720p),OK,HLS playlist + segment reachable,0.44,https://d3868b4ny0rgdf.cloudfront.net/playlist.m3u8
TV,iptv-org Kids,NRK Super (1080i) [Geo-blocked],FAIL,HTTP 403,0.25,https://nrk-live-no.akamaized.net/nrksuper/muxed.m3u8
TV,iptv-org Kids,O Reino Infantil,FAIL,HTTP 403,0.92,https://jmp2.uk/plu-5f5c216df68f920007888315.m3u8
TV,iptv-org Kids,Oggy e as Baratas Tontas,FAIL,HTTP 403,1.04,https://jmp2.uk/plu-63221bafdc6e110007b50270.m3u8
TV,iptv-org Kids,ON Kids (720p),OK,HLS playlist + segment reachable,4.7,https://freem3u.xyz/api/live/play.m3u8?vid=179
TV,iptv-org Kids,ORF Kids (720p),FAIL,HTTP 403,1.3,https://web12.mdn.ors.at/orf/web12/qxa/manifest.mpd
TV,iptv-org Kids,Pakapaka,UNVERIFIED,no route from test server (geo-lock/IPv6/timeout) - test on the TV box,10.33,https://xyktmobile00.s.gy/PPV910_PAKAKA_ARG
TV,iptv-org Kids,PBS Kids (720p),OK,HLS playlist + segment reachable,0.44,https://livestream.pbskids.org/out/v1/14507d931bbe48a69287e4850e53443c/est.m3u8
TV,iptv-org Kids,PBS Kids Alaska (1080p),OK,HLS playlist + segment reachable,0.29,https://livestream.pbskids.org/out/v1/94b88ad58fc14f84a9382341f1c00b82/akst.m3u8
TV,iptv-org Kids,PBS Kids Eastern/Central (720p),PARTIAL,empty HLS playlist,0.17,https://2-fss-2.streamhoster.com/pl_140/amlst:200914-1298290/playlist.m3u8
TV,iptv-org Kids,PBS Kids Hawaii (720p),OK,HLS playlist + segment reachable,0.26,https://livestream.pbskids.org/out/v1/aa31792fee094b24b09045483f04d150/hast.m3u8
TV,iptv-org Kids,PBS Kids Mountain (1080p),OK,HLS playlist + segment reachable,0.28,https://livestream.pbskids.org/out/v1/3fe3030a2c8045a3932f4289d9eba3e6/mst.m3u8
TV,iptv-org Kids,PBS Kids Pacific (1080p),OK,HLS playlist + segment reachable,0.23,https://livestream.pbskids.org/out/v1/11f2e6b73eaa4887b3746cb863960e79/pst.m3u8
TV,iptv-org Kids,Peppa Pig,FAIL,HTTP 403,0.25,https://jmp2.uk/plu-5d14fb6c84dd37df3b4290c5.m3u8
TV,iptv-org Kids,Peques TV (720p),UNVERIFIED,no route from test server (geo-lock/IPv6/timeout) - test on the TV box,8.0,https://live-evg7.tv360.bitel.com.pe/bitel/pequestv/playlist.m3u8
TV,iptv-org Kids,Persiana Junior,OK,HLS playlist + segment reachable,0.48,https://junhls.persiana.live/hls/stream.m3u8
TV,iptv-org Kids,Persiana Teen,FAIL,URLError: <urlopen error [SSL: CERTIFICATE_VERIFY_FAILED] certificate ,0.3,https://kphls.persiana.live/hls/stream.m3u8
TV,iptv-org Kids,Pingviins (720p),UNVERIFIED,no route from test server (geo-lock/IPv6/timeout) - test on the TV box,0.15,https://sirius.greenhosting.ru/PingvinRu/video.m3u8
TV,iptv-org Kids,Pixel TV (Poland) (720p),FAIL,HTTP 403,0.9,https://jmp2.uk/plu-66bb374ba4ee27000841a62c.m3u8
TV,iptv-org Kids,Pixel TV (Ukraine) (1080p),OK,HLS playlist + segment reachable,0.31,http://stream.mcquack.net/323/index.m3u8
TV,iptv-org Kids,Plim Plim,UNVERIFIED,no route from test server (geo-lock/IPv6/timeout) - test on the TV box,10.2,https://xyktmobile00.s.gy/PPV911_CANCION_BEBE
TV,iptv-org Kids,PLUSPLUS (1080p),OK,application/vnd.apple.mpegurl,0.17,http://stream.mcquack.net/339/index.m3u8
TV,iptv-org Kids,Pluto TV Junior,FAIL,HTTP 403,0.95,https://jmp2.uk/plu-5f12141b146d760007934ea7.m3u8
TV,iptv-org Kids,Pluto TV Junior LatAm,FAIL,HTTP 403,0.94,https://jmp2.uk/plu-5dcde2ac4bc6c500094ab45b.m3u8
TV,iptv-org Kids,Pluto TV Juniorklubben (720p),FAIL,HTTP 403,0.95,https://jmp2.uk/plu-61c0b7eb8929e40007ff5125.m3u8
TV,iptv-org Kids,Pluto TV Juniorklubben DK (720p),FAIL,HTTP 403,0.91,https://jmp2.uk/plu-61c09a78bd194c0008decc28.m3u8
TV,iptv-org Kids,Pluto TV Juniorklubben NO (720p),FAIL,HTTP 403,0.9,https://jmp2.uk/plu-61c1d459fbb4b50007d24647.m3u8
TV,iptv-org Kids,Pluto TV Kids,FAIL,HTTP 403,1.17,https://jmp2.uk/plu-5f1214a637c6fd00079c652f.m3u8
TV,iptv-org Kids,Pluto TV Kids LatAm,FAIL,HTTP 403,1.09,https://jmp2.uk/plu-5dd6dae8ce788b0009eaf77b.m3u8
TV,iptv-org Kids,Pluto TV Kids Classics (720p),FAIL,HTTP 403,0.93,https://jmp2.uk/plu-609e7e423e9173000706a681.m3u8
TV,iptv-org Kids,Pluto TV Kids Classics FR (720p),FAIL,HTTP 403,0.92,https://jmp2.uk/plu-654a58dbf9cc82000868f0fb.m3u8
TV,iptv-org Kids,Pluto TV Kids Club (Germany),FAIL,HTTP 403,0.9,https://jmp2.uk/plu-611e6ddc7fcd580007d1eb5f.m3u8
TV,iptv-org Kids,Pluto TV Kids Club (United States),FAIL,HTTP 403,0.94,https://jmp2.uk/plu-66c8cae7fed35b0008580ec0.m3u8
TV,iptv-org Kids,Pluto TV Klassiske tegnefilm (720p),FAIL,HTTP 403,0.9,https://jmp2.uk/plu-67f508992ebe80e2929b5c98.m3u8
TV,iptv-org Kids,Pluto TV Klassiske tegnefilmer (720p),FAIL,HTTP 403,0.9,https://jmp2.uk/plu-67f508f68ddd60c57dc44766.m3u8
TV,iptv-org Kids,Pluto TV Retro Kid,FAIL,HTTP 403,1.04,https://jmp2.uk/plu-6408b41b83f58900081d91ad.m3u8
TV,iptv-org Kids,Pluto TV Retro Toons,FAIL,HTTP 403,1.17,https://jmp2.uk/plu-611e6a9b4bb5790007a6f0f8.m3u8
TV,iptv-org Kids,Pluto TV Retro Toons GB,FAIL,HTTP 403,1.19,https://jmp2.uk/plu-5c5c2b9d8002db3c3e0b1c6d.m3u8
TV,iptv-org Kids,Pluto TV Super Kids,FAIL,HTTP 403,0.92,https://jmp2.uk/plu-652557d93fd33c000802f995.m3u8
TV,iptv-org Kids,Pluto TV Tecknade klassiker (720p),FAIL,HTTP 403,0.93,https://jmp2.uk/plu-67f5095a3481170e6843d95d.m3u8
TV,iptv-org Kids,Pluto TV Tecknat (720p),FAIL,HTTP 403,0.97,https://jmp2.uk/plu-61c0b6f028e94c000782684a.m3u8
TV,iptv-org Kids,Pluto TV Teen (720p),FAIL,HTTP 403,0.94,https://jmp2.uk/plu-63eb944dc111bc0008fe7021.m3u8
TV,iptv-org Kids,Pluto TV Teen FR (720p),FAIL,HTTP 403,0.98,https://jmp2.uk/plu-5f8eb99ff17815000784a3b0.m3u8
TV,iptv-org Kids,Pluto TV Teen IT (720p),FAIL,HTTP 403,0.92,https://jmp2.uk/plu-63eb573ba99571000897135b.m3u8
TV,iptv-org Kids,Pluto TV Tegnefilm (720p),FAIL,HTTP 403,1.19,https://jmp2.uk/plu-61c09938e0d3a700072b68b1.m3u8
TV,iptv-org Kids,Pluto TV Tegnefilm NO (720p),FAIL,HTTP 403,1.21,https://jmp2.uk/plu-61c1e914bf8c520007a93ff1.m3u8
TV,iptv-org Kids,Pluto TV Toons FR (720p),FAIL,HTTP 403,1.21,https://jmp2.uk/plu-5f8eba14a4ffb8000764e950.m3u8
TV,iptv-org Kids,Pluto TV Ungdomsserier (720p),FAIL,HTTP 403,1.12,https://jmp2.uk/plu-67f3fc1707d2ba4121bd34a8.m3u8
TV,iptv-org Kids,Pluto TV Ungdomsserier DK (720p),FAIL,HTTP 403,1.16,https://jmp2.uk/plu-67f3fb1cdea1c5e0d588ac1b.m3u8
TV,iptv-org Kids,Pluto TV Ungdomsserier NO (720p),FAIL,HTTP 403,0.88,https://jmp2.uk/plu-67f3fb7d07d2ba4121bd0c8b.m3u8
TV,iptv-org Kids,pocket.watch (1080p),OK,HLS playlist + segment reachable,0.41,https://dl74gpgmnb7i8.cloudfront.net/pocketwatch_GameOn.m3u8
TV,iptv-org Kids,Polsat JimJam (576p),UNVERIFIED,no route from test server (geo-lock/IPv6/timeout) - test on the TV box,10.01,http://185.227.34.179:8080/jimjam/index.m3u8
TV,iptv-org Kids,Pooya TV,UNVERIFIED,no route from test server (geo-lock/IPv6/timeout) - test on the TV box,10.43,https://ncdn.telewebion.ir/pooya/live/playlist.m3u8
TV,iptv-org Kids,Pooya TV Plus,UNVERIFIED,no route from test server (geo-lock/IPv6/timeout) - test on the TV box,10.45,https://ncdn.telewebion.ir/javaneh/live/playlist.m3u8
TV,iptv-org Kids,Pop Up (1080p) [Geo-blocked],FAIL,HTTP 403,0.35,https://amg01753-amg01753c9-samsung-gb-8005.playouts.now.amagi.tv/ts-eu-w1-n2/playlist/amg01753-narrativeuk-popup-samsunggb/playlist.m3u8
TV,iptv-org Kids,QTV-6,OK,HLS playlist + segment reachable,1.8,http://video10.qtv.com.cn/drm/qtv6at/manifest.m3u8
TV,iptv-org Kids,Reino Infantil,OK,HLS playlist + segment reachable,0.65,https://www.khuwemultimedia.com/hls/reinoinfantiltv/reinoinfantiltv.m3u8
TV,iptv-org Kids,RiC (1080p),OK,HLS playlist + segment reachable,1.37,https://rictv.iptv-playoutcenter.de/rictv/rictv-web/playlist.m3u8
TV,iptv-org Kids,RING,UNVERIFIED,no route from test server (geo-lock/IPv6/timeout) - test on the TV box,10.01,http://213.91.179.28:8000/play/a06e
TV,iptv-org Kids,Rugrats (Germany),FAIL,HTTP 403,1.18,https://jmp2.uk/plu-610c09219fc0430007a3fce6.m3u8
TV,iptv-org Kids,Rugrats (United States),FAIL,HTTP 403,0.49,https://jmp2.uk/plu-5ea7215005d66d0007e8128a.m3u8
TV,iptv-org Kids,Ryan and Friends (1080p),OK,HLS playlist + segment reachable,0.37,https://ryanandfriends-samsungau.amagi.tv/playlist.m3u8
TV,iptv-org Kids,S Corby TV (480p),OK,HLS playlist + segment reachable,0.31,https://vodcdn.bamboo-cloud.com/livehls/6a9f89be0630445532152563/master.m3u8
TV,iptv-org Kids,S KPop! (480p),OK,HLS playlist + segment reachable,0.2,https://vodcdn.bamboo-cloud.com/livehls/6aac8803063044569e156563/master.m3u8
TV,iptv-org Kids,S Tom Sings (1080p),OK,HLS playlist + segment reachable,0.21,https://vodcdn.bamboo-cloud.com/livehls/6a8408ae0630440c2f39aec3/master.m3u8
TV,iptv-org Kids,Sat 7 Kids (1080p),OK,HLS playlist + segment reachable,0.78,https://svs.itworkscdn.net/sat7kidslive/sat7kids.smil/playlist_dvr.m3u8
TV,iptv-org Kids,SBT Kids (1080p) [Geo-blocked],FAIL,HTTP 504,0.45,https://8994803e454548319ffc0775bc04e0c1.mediatailor.us-east-1.amazonaws.com/v1/master/215c0da80606fed29372070168106400a6ca7e1a/SSAI-TVZyn/index.m3u8
TV,iptv-org Kids,Shandong TV Children's Channel (406p) [Geo-blocked],FAIL,HTTP 403,2.52,http://livealone302.iqilu.com/iqilu/sepd.m3u8
TV,iptv-org Kids,Skwad Play (1080p),OK,HLS playlist + segment reachable,0.55,https://stream-us-east-1.getpublica.com/playlist.m3u8?network_id=71
TV,iptv-org Kids,Smurf TV (480p),OK,HLS playlist + segment reachable,0.53,https://stream.ads.ottera.tv/playlist.m3u8?network_id=4065
TV,iptv-org Kids,Sonic (576p),UNVERIFIED,no route from test server (geo-lock/IPv6/timeout) - test on the TV box,10.01,http://103.185.24.134:3001/SONIC/index.m3u8
TV,iptv-org Kids,Sony Yay! (1080p),PARTIAL,"playlist OK, segment failed: HTTP Error 403: Forbidden",0.21,https://cloudplay-sonyliv.pages.dev/yay.m3u8
TV,iptv-org Kids,Spacetoon Arabic (576p),OK,HLS playlist + segment reachable,2.19,https://live-uae-next.spacetoongo.com/ST_MENA_NEXT/hls/r9p2hjipmw2kl.m3u8
TV,iptv-org Kids,SpongeBob Schwammkopf (720p),FAIL,HTTP 403,0.92,https://jmp2.uk/plu-5d00e8adaab96b5635b2a005.m3u8
TV,iptv-org Kids,SpongeBob SquarePants (720p),FAIL,HTTP 403,0.9,https://jmp2.uk/plu-63f87d057533d80008ab9549.m3u8
TV,iptv-org Kids,Starz Kids & Family (1080p),UNVERIFIED,no route from test server (geo-lock/IPv6/timeout) - test on the TV box,10.02,http://23.237.104.106:8080/USA_STARZ_FAMILY/index.m3u8
TV,iptv-org Kids,Super Hungama (576p),UNVERIFIED,no route from test server (geo-lock/IPv6/timeout) - test on the TV box,10.02,http://103.185.24.134:3001/SUPER-HUNGAMA/index.m3u8
TV,iptv-org Kids,Super Simple Songs (1080p),OK,HLS playlist + segment reachable,0.28,https://janson-supersimplesongs-1-us.roku.wurl.tv/playlist.m3u8
TV,iptv-org Kids,Super!,OK,HLS playlist + segment reachable,0.7,https://495c5a85d9074f29acffeaea9e0215eb.msvdn.net/super/super_main/super_main_hbbtv/playlist.m3u8
TV,iptv-org Kids,Super! iCarly,FAIL,HTTP 403,0.53,https://jmp2.uk/plu-609401db8cf51c00084b592e.m3u8
TV,iptv-org Kids,Super! Pop,FAIL,HTTP 403,1.14,https://jmp2.uk/plu-6093f7b5bb49b90007cecaad.m3u8
TV,iptv-org Kids,Super! SpongeBob (720p),FAIL,HTTP 403,0.93,https://jmp2.uk/plu-6093f9281db477000759fce0.m3u8
TV,iptv-org Kids,SvampBob Fyrkant (720p),FAIL,HTTP 403,0.58,https://jmp2.uk/plu-61c0ba0816e2fd00086cb6b1.m3u8
TV,iptv-org Kids,SvampeBob Firkant (720p),FAIL,HTTP 403,1.2,https://jmp2.uk/plu-61c09ac98a80a4000703f992.m3u8
TV,iptv-org Kids,SvampeBob Firkant NO (720p),FAIL,HTTP 403,0.92,https://jmp2.uk/plu-61c1d59a244e500007581861.m3u8
TV,iptv-org Kids,SX3 (1080p) [Geo-blocked],FAIL,HTTP 403,0.43,https://directes-tv-cat.3catdirectes.cat/live-content/super3-hls/master.m3u8
TV,iptv-org Kids,Taha TV (576p),OK,HLS playlist + segment reachable,0.53,https://stream.starmenajo.com/hls/app/live/ts:fhd.m3u8
TV,iptv-org Kids,Tamyr (576p),OK,HLS playlist + segment reachable,1.49,https://bsttv.bonus-tv.ru/cdn/tamyr/playlist.m3u8
TV,iptv-org Kids,Teenage Mutant Ninja Turtles (720p),FAIL,HTTP 403,0.9,https://jmp2.uk/plu-62619405c733e8000732d1fe.m3u8
TV,iptv-org Kids,TeenNick (United States) (576p),UNVERIFIED,no route from test server (geo-lock/IPv6/timeout) - test on the TV box,10.08,http://tvsen7.aynascope.net/teennick/index.m3u8
TV,iptv-org Kids,Teletubbies (720p),OK,HLS playlist + segment reachable,0.26,https://dv8lsrd8fecw9.cloudfront.net/master.m3u8
TV,iptv-org Kids,TG Junior (720p),OK,HLS playlist + segment reachable,0.3,https://d3i6upqaqzosi1.cloudfront.net/tg/jr_us/tg_jr_us.m3u8
TV,iptv-org Kids,The Jungle Book (1080p),OK,HLS playlist + segment reachable,1.03,https://cc-4bhi5osabejc9.akamaized.net/v1/master/3722c60a815c199d9c0ef36c5b73da68a62b09d1/cc-4bhi5osabejc9/junglebook.m3u8
TV,iptv-org Kids,Tiguerito TV (720p) [Not 24/7],UNVERIFIED,no route from test server (geo-lock/IPv6/timeout) - test on the TV box,6.06,https://ss2.tvrdomi.com:1936/tigueritostv/tigueritostv/playlist.m3u8
TV,iptv-org Kids,Tiny Pop (1080p),OK,HLS playlist + segment reachable,0.33,https://amg01753-narrativeuk-amg01753c1-lg-gb-1830.playouts.now.amagi.tv/playlist/amg01753-narrativeuk-tinypop-lggb/playlist.m3u8
TV,iptv-org Kids,Tiny Pop +1 (576p),UNVERIFIED,no route from test server (geo-lock/IPv6/timeout) - test on the TV box,10.01,http://92.114.85.72:8000/play/a08p
TV,iptv-org Kids,TNT Kids TV (288p),UNVERIFIED,no route from test server (geo-lock/IPv6/timeout) - test on the TV box,9.58,https://restreamer1.tnt.ba/hls/tntkids.m3u8
TV,iptv-org Kids,Tom And Jerry (720p),OK,HLS playlist + segment reachable,0.25,https://live20.bozztv.com/giatvplayout7/giatv-208314/playlist.m3u8
TV,iptv-org Kids,ToonGoggles (720p),OK,HLS playlist + segment reachable,0.44,https://amg01329-otterainc-toongoggles-samsungau-ad-4c.amagi.tv/playlist/amg01329-otterainc-toongoggles-samsungau/playlist.m3u8
TV,iptv-org Kids,Tortues Ninja TV (Germany) (720p),FAIL,HTTP 403,0.91,https://jmp2.uk/plu-5f8ecc1b37867f00071469e9.m3u8
TV,iptv-org Kids,Tortues Ninja TV (United States) (720p),FAIL,HTTP 403,0.93,https://jmp2.uk/plu-62e9566e27ce19000732ec85.m3u8
TV,iptv-org Kids,Totally Turtles (Germany) (720p),FAIL,HTTP 403,1.02,https://jmp2.uk/plu-5d6792bd6be2998ad0ccce30.m3u8
TV,iptv-org Kids,Totally Turtles (Germany) GB,FAIL,HTTP 403,0.28,https://jmp2.uk/plu-656ef4af4261ca00083c8f37.m3u8
TV,iptv-org Kids,Totally Turtles (Sweden) (720p),FAIL,HTTP 403,0.89,https://jmp2.uk/plu-61c185e36faf920007f04b6e.m3u8
TV,iptv-org Kids,Totally Turtles (Sweden) DK (720p),FAIL,HTTP 403,0.95,https://jmp2.uk/plu-61c0bbd95df1da0007bed5a0.m3u8
TV,iptv-org Kids,Totally Turtles (Sweden) NO (720p),FAIL,HTTP 403,0.95,https://jmp2.uk/plu-61c1da718a80a4000704013e.m3u8
TV,iptv-org Kids,Totally Turtles (United States),FAIL,HTTP 403,0.38,https://jmp2.uk/plu-5d0c16d686454ead733d08f8.m3u8
TV,iptv-org Kids,Totally Turtles (United States) CA (720p),FAIL,HTTP 403,0.97,https://jmp2.uk/plu-62e95265c9fd030007268fb9.m3u8
TV,iptv-org Kids,TraLaLa TV,OK,HLS playlist + segment reachable,0.73,https://hls01ns.antenaplay.ro/hls/tralala-hd/index.m3u8
TV,iptv-org Kids,Transformers TV (720p),FAIL,HTTP 404,0.8,https://jmp2.uk/plu-60fb053712f22a0007ff14d2.m3u8
TV,iptv-org Kids,Transformers TV CA,FAIL,HTTP 404,0.81,https://jmp2.uk/plu-63da36dea995710008727d4d.m3u8
TV,iptv-org Kids,Tring Kids (576p),FAIL,HTTP 403,0.24,http://5.254.89.106/8777/index.m3u8
TV,iptv-org Kids,TRT Cocuk (1440p),OK,HLS playlist + segment reachable,0.84,https://tv-trtcocuk.medya.trt.com.tr/master.m3u8
TV,iptv-org Kids,TRT Diyanet Cocuk (720p),OK,HLS playlist + segment reachable,0.97,https://tv-trtdiyanetcocuk.medya.trt.com.tr/master.m3u8
TV,iptv-org Kids,Turma da Monica (720p),FAIL,HTTP 403,1.14,https://jmp2.uk/plu-5f997e44949bc70007a6941e.m3u8
TV,iptv-org Kids,TV2 Kids,UNVERIFIED,no route from test server (geo-lock/IPv6/timeout) - test on the TV box,10.01,http://88.212.15.19/live/tv2_kids/index.m3u8
TV,iptv-org Kids,TV Arberia 3 Femije (720p),FAIL,URLError: <urlopen error [SSL: CERTIFICATE_VERIFY_FAILED] certificate ,0.18,https://ssh101.bozztv.com/ssh101/rtvarberia3/playlist.m3u8
TV,iptv-org Kids,TV Bahoriston (1080p),UNVERIFIED,no route from test server (geo-lock/IPv6/timeout) - test on the TV box,12.53,https://live.teleradiocom.tj/3/3m.m3u8
TV,iptv-org Kids,TVCARiB Kids & Teens (720p) [Not 24/7],OK,HLS playlist + segment reachable,0.39,https://cdn.mycloudstream.io/hls/live/broadcast/nro19k2h/index.m3u8
TV,iptv-org Kids,TVOKids (720p),OK,HLS playlist + segment reachable,0.26,https://fastly.live.brightcove.com/6369851620112/us-east-1/15364602001/eyJhbGciOiJIUzI1NiIsInR5cCI6IkpXVCJ9.eyJob3N0IjoicGZncmlmLmVncmVzcy50N2M3emwiLCJhY2NvdW50X2lkIjoiMTUzNjQ2MDIwMDEiLCJlaG4iOiJmYXN0bHkubGl2ZS5icmlnaHRjb3ZlLmNvbSIsImlzcyI6ImJsaXZlLXBsYXliYWNrLXNvdXJjZS1hcGkiLCJzdWIiOiJwYXRobWFwdG9rZW4iLCJhdWQiOlsiMTUzNjQ2MDIwMDEiXSwianRpIjoiNjM2OTg1MTYyMDExMiJ9.zRE6fD9JwdbNLUIK5zgvlTAvXCQ3HeeE5p0yH0Pd3-Q/playlist-hls.m3u8
TV,iptv-org Kids,TVS Hi Tops (720p),OK,HLS playlist + segment reachable,0.32,https://rpn.bozztv.com/gusa/gusa-hitops/index.m3u8
TV,iptv-org Kids,TVS Pinball Network (480p),PARTIAL,"playlist OK, segment failed: HTTP Error 403: Forbidden",0.49,https://rpn.bozztv.com/gusa/gusa-TVSCartoonNetwork/index.m3u8
TV,iptv-org Kids,Unique TV (576p),OK,HLS playlist + segment reachable,1.09,https://mumt05.tangotv.in/87NeALx2UNIQUETV/index.m3u8
TV,iptv-org Kids,VTV (Indonesia) (720p),OK,HLS playlist + segment reachable,2.07,https://flv.intechmedia.net/live/ch107.m3u8
TV,iptv-org Kids,VTV (Indonesia) HD (1080p),UNVERIFIED,no route from test server (geo-lock/IPv6/timeout) - test on the TV box,10.14,http://ikitv.sqn.at:8000/play/a023/index.m3u8
TV,iptv-org Kids,Watch it KID! (720p),OK,HLS playlist + segment reachable,0.19,https://stream-us-east-1.getpublica.com/playlist.m3u8?network_id=2245
TV,iptv-org Kids,WOW Kidz (720p),OK,HLS playlist + segment reachable,0.26,https://yuppparoriglin.akamaized.net/181224/smil:wowkidzhindi.smil/playlist.m3u8?hdnts=st=1735898689~exp=1835898688~acl=*~hmac=f5fe24724fe05481e3841f9eb5ab8efdee0a3dd83645ae9dcf45703f525bab7b
TV,iptv-org Kids,WOW Kidz Tamil (720p),OK,HLS playlist + segment reachable,0.27,https://yuppparoriglin.akamaized.net/181224/smil:wowkidztam.smil/playlist.m3u8?hdnts=st=1735898689~exp=1835898688~acl=*~hmac=f5fe24724fe05481e3841f9eb5ab8efdee0a3dd83645ae9dcf45703f525bab7b
TV,iptv-org Kids,WOW Kidz Telugu (720p),OK,HLS playlist + segment reachable,0.25,https://yuppparoriglin.akamaized.net/181224/smil:wowkidztelgu.smil/playlist.m3u8?hdnts=st=1735898689~exp=1835898688~acl=*~hmac=f5fe24724fe05481e3841f9eb5ab8efdee0a3dd83645ae9dcf45703f525bab7b
TV,iptv-org Kids,Xtrema Cartoons,OK,HLS playlist + segment reachable,0.62,https://stmv6.voxtvhd.com.br/xtremacartoons/xtremacartoons/playlist.m3u8
TV,iptv-org Kids,YAAAS! (720p) [Geo-blocked],FAIL,HTTP 502,0.6,https://d3knqoaufvjug3.cloudfront.net/yas.m3u8
TV,iptv-org Kids,You Man Cartoon Channel (576p),UNVERIFIED,no route from test server (geo-lock/IPv6/timeout) - test on the TV box,10.01,http://183.207.249.15/PLTV/4/224/3221225933/index.m3u8
TV,iptv-org Kids,ZB Cartoon (1080p),OK,HLS playlist + segment reachable,1.34,https://server.zillarbarta.com/zbcatun/video.m3u8
TV,iptv-org Kids,ZooMoo (1080p),OK,HLS playlist + segment reachable,0.32,https://zoomoo-samsungau.amagi.tv/playlist.m3u8
TV,iptv-org Documentary,30A Loomered TV,PARTIAL,"playlist OK, segment failed: HTTP Error 404: Not Found",0.69,https://30a-tv.com/loomer.m3u8
TV,iptv-org Documentary,Adventure Earth (1080p),OK,HLS playlist + segment reachable,0.29,https://a57e9c69976649b582a8d7604c00e69a.mediatailor.us-east-1.amazonaws.com/v1/master/44f73ba4d03e9607dcd9bebdcb8494d86964f1d8/RlaxxTV-eu_AdventureEarth/playlist.m3u8
TV,iptv-org Documentary,Al Arabiya Programs (1280p),OK,HLS playlist + segment reachable,0.31,https://live.alarabiya.net/alarabiapublish/aaprograms.smil/playlist.m3u8
TV,iptv-org Documentary,Al Jazeera Documentary (1080p) [Geo-blocked],FAIL,HTTP 403,0.17,https://live-hls-apps-ajd-fa.getaj.net/AJD/index.m3u8
TV,iptv-org Documentary,Archivos Forenses,FAIL,HTTP 403,0.98,https://jmp2.uk/plu-5f984f4a09e92d0007d74647.m3u8
TV,iptv-org Documentary,Asharq Discovery (1080p),OK,HLS playlist + segment reachable,0.69,https://svs.itworkscdn.net/asharqdiscoverylive/asharqd.smil/playlist_dvr.m3u8
TV,iptv-org Documentary,Asharq Documentary (1080p),OK,HLS playlist + segment reachable,0.45,https://svs.itworkscdn.net/asharqdocumentarylive/asharqdocumentary.smil/playlist_dvr.m3u8
TV,iptv-org Documentary,Atlas (480p),OK,HLS playlist + segment reachable,0.21,https://cdn.whiplash.cc/whiplash-atlas/index.m3u8
TV,iptv-org Documentary,Autentic History (1080p),OK,HLS playlist + segment reachable,0.41,https://9e754fa707344ccca6d84955c8fcaf36.mediatailor.us-east-1.amazonaws.com/v1/master/44f73ba4d03e9607dcd9bebdcb8494d86964f1d8/RlaxxTV-eu_AutenticHistory/playlist.m3u8
TV,iptv-org Documentary,Backstage (1080p),OK,HLS playlist + segment reachable,0.22,https://d2ah48mnofquik.cloudfront.net/Backstage.m3u8
TV,iptv-org Documentary,BBC Earth Czechia,OK,HLS playlist + segment reachable,0.32,http://88.212.15.29/live/test_bbc_eartch_hevc/playlist.m3u8
TV,iptv-org Documentary,BBC Earth Hungary,UNVERIFIED,no route from test server (geo-lock/IPv6/timeout) - test on the TV box,10.01,http://88.212.15.19/live/bbce_hun/index.m3u8
TV,iptv-org Documentary,BBC Earth Romania,FAIL,HTTP 403,0.25,https://iron1.jarvisx1.cfd/ert/usergenrx8ofzq1kr.m3u8
TV,iptv-org Documentary,BBC Earth Romania HD (576p),UNVERIFIED,no route from test server (geo-lock/IPv6/timeout) - test on the TV box,20.02,http://hls127.freeott.top:8080/BG_The_World/video.m3u8
TV,iptv-org Documentary,BBC Earth Turkiye,FAIL,returned HTML page (geo-block / dead),0.91,https://nord.ayakkabiparti.lol/bbc/index.m3u8
TV,iptv-org Documentary,BBC Earth US (1080p),OK,HLS playlist + segment reachable,0.28,https://amg00793-amg00793c6-xumo-us-2669.playouts.now.amagi.tv/BBCStudios-BBCEarthA-hls/playlist.m3u8
TV,iptv-org Documentary,BBC Four (720p) [Geo-blocked],FAIL,HTTP 403,1.76,https://vs-cmaf-pushb-uk.live.fastly.md.bbci.co.uk/x=4/i=urn:bbc:pips:service:bbc_four_hd/iptv_hd_abr_v1.mpd
TV,iptv-org Documentary,Bloomberg Originals (1080p),OK,HLS playlist + segment reachable,0.56,https://bloomberg.com/media-manifest/streams/qt.m3u8
TV,iptv-org Documentary,Bloomberg Originals SD (1080p),OK,HLS playlist + segment reachable,0.37,https://86fdc85a.wurl.com/master/f36d25e7e52f1ba8d7e56eb859c636563214f541/TEctZ2JfQmxvb21iZXJnT3JpZ2luYWxzX0hMUw/playlist.m3u8
TV,iptv-org Documentary,BritBox Mysteries (1080p),OK,HLS playlist + segment reachable,0.33,https://aegis-cloudfront-1.tubi.video/c95700f8-e51c-4a36-ad46-56f70fc9f1d9/playlist.m3u8
TV,iptv-org Documentary,BTB Info (1080p),OK,HLS playlist + segment reachable,0.81,https://emisja2.btb.j00r.us/iptv/session/4/hls.m3u8
TV,iptv-org Documentary,Cap Terre (1080p),FAIL,HTTP 403,0.24,http://145.239.5.177/359a/index.m3u8
TV,iptv-org Documentary,Cazador de Homicidas,FAIL,HTTP 404,0.87,https://jmp2.uk/plu-60ed5fb9c4716d0007d180c5.m3u8
TV,iptv-org Documentary,CCTV-9 (576i),OK,HLS playlist + segment reachable,0.46,https://xykt-fix.github.io/Y77.m3u8
TV,iptv-org Documentary,CCTV-Weapon & Technology (1080p),UNVERIFIED,no route from test server (geo-lock/IPv6/timeout) - test on the TV box,10.02,http://38.75.136.137:98/gslb/dsdqpub/gfjs.m3u8?auth=testpub
TV,iptv-org Documentary,CGTN Documentary (1080p),OK,HLS playlist + segment reachable,0.52,https://amg00405-rakutentv-cgtndocumentary-rakuten-0ql8j.amagi.tv/master.m3u8
TV,iptv-org Documentary,Chemodan TV (1080p),OK,HLS playlist + segment reachable,0.18,http://stream.mcquack.net/399/index.m3u8
TV,iptv-org Documentary,China Travel (1080p),OK,HLS playlist + segment reachable,0.45,https://fastlive.cctvplus.com/out/v1/ca6f9297b7314a63959435028af287fc/index.m3u8
TV,iptv-org Documentary,ClickTV Chile (720p),OK,HLS playlist + segment reachable,0.58,https://v2.tustreaming.cl/clicktv/playlist.m3u8
TV,iptv-org Documentary,CNA Originals (1080p),OK,HLS playlist + segment reachable,0.39,https://amg01082-cna-amg01082c1-rlaxx-us-11304.playouts.now.amagi.tv/playlist.m3u8
TV,iptv-org Documentary,CND Film Discovery Channel (576p),UNVERIFIED,no route from test server (geo-lock/IPv6/timeout) - test on the TV box,10.01,http://125.210.152.18:9090/live/FXZL_750.m3u8
TV,iptv-org Documentary,Court TV (1080p),OK,HLS playlist + segment reachable,0.84,https://cdn-uw2-prod.tsv2.amagi.tv/linear/amg01438-ewscrippscompan-courttv-tablo/playlist.m3u8
TV,iptv-org Documentary,Crime 360 (720p),FAIL,HTTP 403,0.98,https://jmp2.uk/plu-657880c46e4f6a00087404d0.m3u8
TV,iptv-org Documentary,Crimen & Historia (720p),FAIL,HTTP 403,0.93,https://jmp2.uk/plu-64ddcbb14c5ed80008fad416.m3u8
TV,iptv-org Documentary,CT2,UNVERIFIED,no route from test server (geo-lock/IPv6/timeout) - test on the TV box,10.01,http://88.212.15.19/live/test_ct2_25p/playlist.m3u8
TV,iptv-org Documentary,Curiosity NOW EN (1080p),OK,HLS playlist + segment reachable,0.26,https://amg00170-amg00170c4-samsung-gb-4232.playouts.now.amagi.tv/playlist.m3u8
TV,iptv-org Documentary,Danger TV (720p),OK,HLS playlist + segment reachable,0.45,https://dk0n7jh428tzj.cloudfront.net/v1/dangertv/samsungheadend_us/latest/main/hls/playlist.m3u8
TV,iptv-org Documentary,Dateline 24/7 (1080p),OK,HLS playlist + segment reachable,0.27,https://d1si3n1st4nkgb.cloudfront.net/10502/88896029/hls/master.m3u8?ads.xumo_channelId=88896029
TV,iptv-org Documentary,Deadly Women (1080p),OK,HLS playlist + segment reachable,0.29,https://d1mgh147xpmgs8.cloudfront.net/DeadlyWomen_GB.m3u8
TV,iptv-org Documentary,Detetives Medicos,FAIL,HTTP 403,0.89,https://jmp2.uk/plu-638df93ae2f2a3000737c168.m3u8
TV,iptv-org Documentary,Discovering China (1080p),OK,HLS playlist + segment reachable,0.62,https://fastlive.cctvplus.com/out/v1/8442c3bfd4c64a3984389328f6087879/index.m3u8
TV,iptv-org Documentary,Docu. (1080p),FAIL,HTTP 400,0.31,http://45.162.193.35/DOCU/index.m3u8
TV,iptv-org Documentary,DocuBay TV (1080p),OK,HLS playlist + segment reachable,1.03,https://cc-mgr91yrk4pehy.akamaized.net/v1/master/3722c60a815c199d9c0ef36c5b73da68a62b09d1/cc-mgr91yrk4pehy/playlist.m3u8
TV,iptv-org Documentary,DocuBox,OK,HLS playlist + segment reachable,0.73,https://dash3.antik.sk/live/test_docubox_medium_atk/playlist.m3u8
TV,iptv-org Documentary,Documentary+ (1080p),OK,HLS playlist + segment reachable,0.43,https://ef79b15c8c7c46c7a9de9d33001dbd07.mediatailor.us-west-2.amazonaws.com/v1/master/ba62fe743df0fe93366eba3a257d792884136c7f/LINEAR-859-DOCUMENTARYPLUS-DOCUMENTARYPLUS/mt/documentaryplus/859/hls/master/playlist.m3u8
TV,iptv-org Documentary,Documentary+ International (1080p),OK,HLS playlist + segment reachable,0.37,https://1d153317c8db4250b3789601274e2402.mediatailor.us-west-2.amazonaws.com/v1/master/ba62fe743df0fe93366eba3a257d792884136c7f/LINEAR-887-DOCUMENTARYINTERNATIONAL-DOCUMENTARYPLUS/mt/documentaryplus/887/hls/master/playlist.m3u8
TV,iptv-org Documentary,Docurama (1080p),FAIL,URLError: <urlopen error [SSL: CERTIFICATE_VERIFY_FAILED] certificate ,0.29,https://docurama-plex-ingest.cinedigm.com/playlist.m3u8
TV,iptv-org Documentary,Dokusat (1080p),OK,HLS playlist + segment reachable,1.25,https://muc3.iptv-playoutcenter.de/dokusat/dokusat1/playlist.m3u8
TV,iptv-org Documentary,Dossiers FBI,FAIL,HTTP 403,0.88,https://jmp2.uk/plu-5f8edad922b10b000753bc37.m3u8
TV,iptv-org Documentary,Dvojka,UNVERIFIED,no route from test server (geo-lock/IPv6/timeout) - test on the TV box,10.01,http://88.212.15.19/live/test_dvojka_25p/playlist.m3u8
TV,iptv-org Documentary,Ecovision (720p),UNVERIFIED,no route from test server (geo-lock/IPv6/timeout) - test on the TV box,6.05,https://streaming.grupomediosdelnorte.com:19360/ecovision/ecovision.m3u8
TV,iptv-org Documentary,Epic Crimes (1080p),OK,HLS playlist + segment reachable,1.17,https://cc-wsuyg2uxeak04.akamaized.net/v1/master/3722c60a815c199d9c0ef36c5b73da68a62b09d1/cc-wsuyg2uxeak04/master.m3u8
TV,iptv-org Documentary,EPlanet TV,FAIL,URLError: <urlopen error [SSL: CERTIFICATE_VERIFY_FAILED] certificate ,0.44,https://eplhls.wns.live/hls/stream.m3u8
TV,iptv-org Documentary,FBI Files,FAIL,HTTP 403,0.91,https://jmp2.uk/plu-62bdaa32a1b2fd00076693e8.m3u8
TV,iptv-org Documentary,Forensic Files,FAIL,HTTP 403,0.91,https://jmp2.uk/plu-62e92392a3e6270007f562e8.m3u8
TV,iptv-org Documentary,Francophonie24 (1080p),OK,HLS playlist + segment reachable,0.6,https://5421175365ea3.streamlock.net/live/smil:switch.smil/playlist.m3u8
TV,iptv-org Documentary,GEM Nature,FAIL,HTTP 403,0.17,https://ca-rt.onetv.app/gemnature/index-0.m3u8?token=onetv202
TV,iptv-org Documentary,Get.factual (720p),OK,HLS playlist + segment reachable,0.26,https://d1nhni5l2n8hjt.cloudfront.net/gf.m3u8
TV,iptv-org Documentary,GZT (1080p),OK,HLS playlist + segment reachable,0.61,https://gzttv-live.lg.mncdn.com/gzttv/gzttv/playlist.m3u8
TV,iptv-org Documentary,H2,UNVERIFIED,no route from test server (geo-lock/IPv6/timeout) - test on the TV box,10.01,http://213.91.179.28:8000/play/a03r
TV,iptv-org Documentary,H2 HD,UNVERIFIED,no route from test server (geo-lock/IPv6/timeout) - test on the TV box,0.09,https://lb.dstvmultimedia.com/HistoryChannel2/index.m3u8
TV,iptv-org Documentary,Historia Y Vida (720p),FAIL,HTTP 403,0.92,https://jmp2.uk/plu-67517f923a61d40008c451f0.m3u8
TV,iptv-org Documentary,History 2 Latin America (1080p),UNVERIFIED,no route from test server (geo-lock/IPv6/timeout) - test on the TV box,10.01,http://138.121.15.230:9002/HISTORY-2/index.m3u8
TV,iptv-org Documentary,History 2 Latin America Brazil (720p),OK,HLS playlist + segment reachable,0.29,http://45.177.114.114/HISTORY_2/index.m3u8
TV,iptv-org Documentary,History2 Ukraine (360p),FAIL,HTTP 404,0.34,http://dtv.vol.net.ua/H2-HD/index.m3u8
TV,iptv-org Documentary,History (Brazil) (720p),OK,HLS playlist + segment reachable,0.3,http://45.177.114.114/HISTORY/index.m3u8
TV,iptv-org Documentary,History (Bulgaria),UNVERIFIED,no route from test server (geo-lock/IPv6/timeout) - test on the TV box,10.01,http://213.91.179.28:8000/play/a0c1
TV,iptv-org Documentary,History (Czech Republic),UNVERIFIED,no route from test server (geo-lock/IPv6/timeout) - test on the TV box,10.01,http://88.212.15.19/live/test_history/playlist.m3u8
TV,iptv-org Documentary,History (Hungary),UNVERIFIED,no route from test server (geo-lock/IPv6/timeout) - test on the TV box,10.01,http://88.212.15.19/live/history_hun/index.m3u8
TV,iptv-org Documentary,History (Slovenia) (1080p),UNVERIFIED,no route from test server (geo-lock/IPv6/timeout) - test on the TV box,10.07,https://streamer12.xploretv.si/__cl/cg:prod/__c/A1_SI_HISTORYHD_ott/__op/dash-default/__dci/__f/index.m3u8?admin=xploreTv_test_user&redirect=true
TV,iptv-org Documentary,History (United States) (720p),UNVERIFIED,no route from test server (geo-lock/IPv6/timeout) - test on the TV box,10.01,http://212.5.144.156:8080/history/index.m3u8
TV,iptv-org Documentary,History Asia (720p),OK,HLS playlist + segment reachable,4.09,https://freem3u.xyz/api/live/play.m3u8?vid=9856
TV,iptv-org Documentary,History Hit (1080p),OK,HLS playlist + segment reachable,0.4,https://lds-timeline-rakuten.amagi.tv/playlist.m3u8
TV,iptv-org Documentary,History Latin America (1080p),UNVERIFIED,no route from test server (geo-lock/IPv6/timeout) - test on the TV box,10.01,http://15.204.246.24:8080/HistoryHD/index.m3u8
TV,iptv-org Documentary,History TV18 HD (1080p) [Geo-blocked],OK,HLS playlist + segment reachable,0.37,https://amg01448-amg01448c16-samsung-in-3495.playouts.now.amagi.tv/playlist/amg01448-samsungindia-historychannelenglish-samsungin/playlist.m3u8
TV,iptv-org Documentary,History Ukraine,FAIL,HTTP 404,0.44,http://dtv.vol.net.ua/History_HD/index.m3u8
TV,iptv-org Documentary,HRT 3 (720p),FAIL,HTTP 403,0.79,https://webtvstream.bhtelecom.ba/hrt3.m3u8
TV,iptv-org Documentary,HRT 3 HD (720p) [Geo-blocked],UNVERIFIED,no route from test server (geo-lock/IPv6/timeout) - test on the TV box,10.73,https://bpcdnmanprod.nexttv.ht.hr/bpk-tv/HRT3/default/index.mpd
TV,iptv-org Documentary,ID,UNVERIFIED,no route from test server (geo-lock/IPv6/timeout) - test on the TV box,10.01,http://213.91.179.28:8000/play/a0cf
TV,iptv-org Documentary,India TV Aap Ki Adalat (1080p) [Geo-blocked],OK,HLS playlist + segment reachable,0.92,https://amg01550-amg01550c6-samsung-in-4679.playouts.now.amagi.tv/playlist/amg01550-indiatvfast-indiatvakasamsung-samsungin/playlist.m3u8
TV,iptv-org Documentary,Ink Master,FAIL,HTTP 403,0.28,https://jmp2.uk/plu-60807fd5db701400078219c2.m3u8
TV,iptv-org Documentary,Ink Master CA,FAIL,HTTP 403,0.93,https://jmp2.uk/plu-655f2d713944b60008bc7e90.m3u8
TV,iptv-org Documentary,Into Crime (1080p),OK,HLS playlist + segment reachable,0.46,https://amg00711-zylo-amg00711c10-rakuten-fr-6731.playouts.now.amagi.tv/playlist.m3u8
TV,iptv-org Documentary,INWILD (1080p),OK,HLS playlist + segment reachable,0.35,https://amg00861-terninternation-inwild-samsunguk-w5wic.amagi.tv/playlist/amg00861-terninternation-inwild-samsunguk/playlist.m3u8
TV,iptv-org Documentary,Karbala Documentary,OK,HLS playlist + segment reachable,0.47,https://ktvlive.online/stream/hls/ch3.m3u8
TV,iptv-org Documentary,Law & Crime (720p),PARTIAL,unknown content-type application/x-mpegURL,0.38,https://a-cdn.klowdtv.com/live3/law_720p/playlist.m3u8
TV,iptv-org Documentary,Love Pets (1080p),OK,HLS playlist + segment reachable,0.34,https://amg01576-blueskyeenterta-lovepetsemea-samsungse-ctamh.amagi.tv/playlist/amg01576-blueskyeenterta-lovepetsemea-samsungse/playlist.m3u8
TV,iptv-org Documentary,Love The Planet (1080p),OK,HLS playlist + segment reachable,0.39,https://amg01821-lovetvchannels-lovetheplanetuksamsung-samsunguk-apopw.amagi.tv/playlist/amg01821-lovetvchannels-lovetheplanetuksamsung-samsunguk/playlist.m3u8
TV,iptv-org Documentary,Love The Planet DE (1080p) [Geo-blocked],FAIL,HTTP 403,0.24,https://amg01821-amg01821c12-rlaxx-gb-10461.playouts.now.amagi.tv/playlist.m3u8
TV,iptv-org Documentary,Love The Planet ES (1080p) [Geo-blocked],FAIL,HTTP 403,0.41,https://amg01821-lovetv-amg01821c9-rlaxx-gb-10458.playouts.now.amagi.tv/playlist.m3u8
TV,iptv-org Documentary,Love The Planet IT (1080p) [Geo-blocked],FAIL,HTTP 403,0.35,https://amg01821-amg01821c11-rlaxx-gb-10459.playouts.now.amagi.tv/playlist.m3u8
TV,iptv-org Documentary,Lucky Dog (720p),OK,HLS playlist + segment reachable,0.23,https://d3j95sejv6mybj.cloudfront.net/Lucky_Dog.m3u8
TV,iptv-org Documentary,MagellanTV Now (1080p),OK,HLS playlist + segment reachable,0.34,https://amg00376-magellan-amg00376c5-samsung-au-1708.playouts.now.amagi.tv/playlist/amg00376-magellantv-magellantvnowww-samsungau/playlist.m3u8
TV,iptv-org Documentary,MRTV Farmer,UNVERIFIED,no route from test server (geo-lock/IPv6/timeout) - test on the TV box,11.3,https://mrtvott.com/cache/MRTV-FARMER/master.m3u8
TV,iptv-org Documentary,MWD Documentary [Geo-blocked],OK,HLS playlist + segment reachable,0.49,http://203.81.84.130/hls/mwd_document/index.m3u8
TV,iptv-org Documentary,N24 Doku,FAIL,HTTP 403,0.52,https://jmp2.uk/plu-60080e8a4bf36000076a81b1.m3u8
TV,iptv-org Documentary,National Geographic (Bulgaria) (1080p),UNVERIFIED,no route from test server (geo-lock/IPv6/timeout) - test on the TV box,20.02,http://hls127.freeott.top:8080/BG_Nat_Geo_HD/video.m3u8
TV,iptv-org Documentary,National Geographic (Croatia) (1080p),OK,HLS playlist + segment reachable,0.31,http://176.61.157.250/NationalGeographic/index.m3u8
TV,iptv-org Documentary,National Geographic (Czech Republic),UNVERIFIED,no route from test server (geo-lock/IPv6/timeout) - test on the TV box,10.01,http://88.212.15.19/live/test_ngc/playlist.m3u8
TV,iptv-org Documentary,National Geographic (Finland) (720p) [Geo-blocked],FAIL,HTTP 451,1.49,https://live-fi.tvkaista.net/national-geographic/live.m3u8?hd=true
TV,iptv-org Documentary,National Geographic (Hungary),UNVERIFIED,no route from test server (geo-lock/IPv6/timeout) - test on the TV box,10.02,http://88.212.15.19/live/ngc_hun/index.m3u8
TV,iptv-org Documentary,National Geographic (India) (576p) [Geo-blocked],OK,video/mp2t,2.04,http://main.light-ott.net:80/play/live.php?mac=00:1A:79:17:28:41&stream=373017&extension=ts&play_token=zCaGy5dtla
TV,iptv-org Documentary,National Geographic (Mexico) (1080p),UNVERIFIED,no route from test server (geo-lock/IPv6/timeout) - test on the TV box,10.01,http://138.121.15.230:9002/NAT-GEO/index.m3u8
TV,iptv-org Documentary,National Geographic (Netherlands) HD (1080p),OK,HLS playlist + segment reachable,0.2,http://46.32.176.50/NationalGeographicHD/index.m3u8
TV,iptv-org Documentary,National Geographic (Romania),FAIL,returned HTML page (geo-block / dead),0.36,https://onyx1.mofta1.cfd/ngeo/usergenrnd84oeigt.m3u8
TV,iptv-org Documentary,National Geographic (Turkiye),FAIL,returned HTML page (geo-block / dead),0.97,https://nord.ayakkabiparti.lol/natgeo/index.m3u8
TV,iptv-org Documentary,National Geographic (United States) (720p),UNVERIFIED,no route from test server (geo-lock/IPv6/timeout) - test on the TV box,10.01,http://212.5.144.156:8080/natgeo/index.m3u8
TV,iptv-org Documentary,National Geographic (United States) HD East (720p),UNVERIFIED,no route from test server (geo-lock/IPv6/timeout) - test on the TV box,10.01,http://198.58.104.90:8989/natgeo/index.m3u8
TV,iptv-org Documentary,National Geographic Latin America (1080p),UNVERIFIED,no route from test server (geo-lock/IPv6/timeout) - test on the TV box,10.01,http://15.204.246.24:8080/NatGeoHD/index.m3u8
TV,iptv-org Documentary,National Geographic Wild (Bulgaria) (1080p),UNVERIFIED,no route from test server (geo-lock/IPv6/timeout) - test on the TV box,20.02,http://hls127.freeott.top:8080/BG_NG_Wild_HD/video.m3u8
TV,iptv-org Documentary,National Geographic Wild (Czech Republic),OK,HLS playlist + segment reachable,0.27,http://88.212.15.29/live/test_ngw/playlist.m3u8
TV,iptv-org Documentary,National Geographic Wild (Hungary),UNVERIFIED,no route from test server (geo-lock/IPv6/timeout) - test on the TV box,10.01,http://88.212.15.19/live/ngw_hun/index.m3u8
TV,iptv-org Documentary,National Geographic Wild (Romania),FAIL,returned HTML page (geo-block / dead),0.38,https://flash1.bogulus1.cfd/wild/usergenr9qsi5gt.m3u8
TV,iptv-org Documentary,National Geographic Wild (Turkiye),FAIL,returned HTML page (geo-block / dead),0.74,https://nord.ayakkabiparti.lol/natgeowild/index.m3u8
TV,iptv-org Documentary,National Geographic Wild (Ukraine) (1080p),FAIL,HTTP 404,0.18,http://dtv.vol.net.ua:80/Nat-Geo-Wild_HD/index.m3u8
TV,iptv-org Documentary,National Geographic Wild (United States) HD East (720p),UNVERIFIED,no route from test server (geo-lock/IPv6/timeout) - test on the TV box,10.01,http://198.58.104.90:8989/natgeowild/index.m3u8
TV,iptv-org Documentary,NatureTime (1080p),OK,HLS playlist + segment reachable,0.22,https://bamusa-naturetime-emea-eng-rakuten.amagi.tv/playlist.m3u8
TV,iptv-org Documentary,NatureTime AU (1080p),OK,HLS playlist + segment reachable,0.29,https://amg00090-blueantllc-lovenature-au-samsungau-wggcn.amagi.tv/playlist/amg00090-blueantllc-lovenature-au-samsungau/playlist.m3u8
TV,iptv-org Documentary,NatureTime ES (1080p),PARTIAL,"playlist OK, segment failed: HTTP Error 404: Not Found",0.34,https://shls-live-ak.akamaized.net/out/v1/b06a89a463764d3688cda337d40dc5bf/index.m3u8
TV,iptv-org Documentary,NatureTime France (1080p),OK,HLS playlist + segment reachable,0.25,https://bamusa-naturetime-emea-fra-rakuten.amagi.tv/playlist.m3u8
TV,iptv-org Documentary,NatureTime LATAM (684p),FAIL,HTTP 403,0.53,https://jmp2.uk/plu-681ba2729624e6275efe0044.m3u8
TV,iptv-org Documentary,NatureTime UK (1080p),OK,HLS playlist + segment reachable,0.31,https://amg01515-amg01515c43-samsung-gb-9038.playouts.now.amagi.tv/playlist.m3u8
TV,iptv-org Documentary,O'zbekiston Tarixi (1080p),OK,HLS playlist + segment reachable,0.81,https://stream8.cinerama.uz/1209/tracks-v1a1/playlist.m3u8
TV,iptv-org Documentary,On The Case,FAIL,HTTP 403,0.92,https://jmp2.uk/plu-62cd971cec90c20007081050.m3u8
TV,iptv-org Documentary,Persiana Docs,OK,HLS playlist + segment reachable,0.56,https://scihls.persiana.live/hls/stream.m3u8
TV,iptv-org Documentary,Persiana Travel,OK,HLS playlist + segment reachable,0.43,https://ptravelhls.persiana.live/hls/stream.m3u8
TV,iptv-org Documentary,Pluto TV Alien Invasion (Germany),FAIL,HTTP 403,0.92,https://jmp2.uk/plu-6462190b7cb4b1000862dd60.m3u8
TV,iptv-org Documentary,Pluto TV Alien Invasion (Sweden),FAIL,HTTP 403,1.0,https://jmp2.uk/plu-650999b86a841400083bd1ab.m3u8
TV,iptv-org Documentary,Pluto TV Aliens,FAIL,HTTP 403,0.89,https://jmp2.uk/plu-6806d65e84f24b70109485fa.m3u8
TV,iptv-org Documentary,Pluto TV American True Crime,FAIL,HTTP 403,0.93,https://jmp2.uk/plu-692ebafce72f03e07e7df985.m3u8
TV,iptv-org Documentary,Pluto TV Animais,FAIL,HTTP 403,0.88,https://jmp2.uk/plu-6474aa984cfc2c0008883a92.m3u8
TV,iptv-org Documentary,Pluto TV Animales,FAIL,HTTP 403,0.91,https://jmp2.uk/plu-600ae6a78d801e0007117d21.m3u8
TV,iptv-org Documentary,Pluto TV Animals,FAIL,HTTP 403,1.13,https://jmp2.uk/plu-5d767ae7b456c8cf265ce922.m3u8
TV,iptv-org Documentary,Pluto TV Animals GB,FAIL,HTTP 403,0.93,https://jmp2.uk/plu-5ddf8ea0d000120009bcad83.m3u8
TV,iptv-org Documentary,Pluto TV Animaux,FAIL,HTTP 403,0.94,https://jmp2.uk/plu-60925a44f0350600075a1fdc.m3u8
TV,iptv-org Documentary,Pluto TV Aventure,FAIL,HTTP 403,0.94,https://jmp2.uk/plu-611e7811eb9daf000764cbfd.m3u8
TV,iptv-org Documentary,Pluto TV Britain at War,FAIL,HTTP 403,0.93,https://jmp2.uk/plu-625e8cb585ef320007806caf.m3u8
TV,iptv-org Documentary,Pluto TV Conspiracy,FAIL,HTTP 403,0.94,https://jmp2.uk/plu-5d4ae94ef1a1bbb350ca41bb.m3u8
TV,iptv-org Documentary,Pluto TV Documentari,FAIL,HTTP 403,0.91,https://jmp2.uk/plu-608aa8a5709d6b0007b132fe.m3u8
TV,iptv-org Documentary,Pluto TV Dokumentar,FAIL,HTTP 403,0.93,https://jmp2.uk/plu-62b1e2498261390007f25c98.m3u8
TV,iptv-org Documentary,Pluto TV Dokumentar DK,FAIL,HTTP 403,0.96,https://jmp2.uk/plu-62b30b0060a9ca0007d628b4.m3u8
TV,iptv-org Documentary,Pluto TV Explore,FAIL,HTTP 403,0.91,https://jmp2.uk/plu-5ad9b8551b95267e225e59c1.m3u8
TV,iptv-org Documentary,Pluto TV Food,FAIL,HTTP 403,0.91,https://jmp2.uk/plu-5dc280c9aa218c0009724b4b.m3u8
TV,iptv-org Documentary,Pluto TV Food GB,FAIL,HTTP 403,0.95,https://jmp2.uk/plu-5ddf930548ff9b00090d5686.m3u8
TV,iptv-org Documentary,Pluto TV Histoire (720p),FAIL,HTTP 403,0.88,https://jmp2.uk/plu-611e771e2f5f180007002224.m3u8
TV,iptv-org Documentary,Pluto TV Historia (Germany) (720p),FAIL,HTTP 403,0.95,https://jmp2.uk/plu-61cd7b49543066000713b620.m3u8
TV,iptv-org Documentary,Pluto TV History,FAIL,HTTP 403,0.26,https://jmp2.uk/plu-5a4d35dfa5c02e717a234f86.m3u8
TV,iptv-org Documentary,Pluto TV Investigacao,FAIL,HTTP 403,0.92,https://jmp2.uk/plu-5f32cf37c9ff2b00082adbc8.m3u8
TV,iptv-org Documentary,Pluto TV Mi Obsesion Favorita,FAIL,HTTP 404,0.78,https://jmp2.uk/plu-6109ab25b84d6a0007504886.m3u8
TV,iptv-org Documentary,Pluto TV Mystery,FAIL,HTTP 403,0.89,https://jmp2.uk/plu-617aad99b68ef100072608cd.m3u8
TV,iptv-org Documentary,Pluto TV Natura,FAIL,HTTP 403,1.14,https://jmp2.uk/plu-60802b37709d6b0007b0c549.m3u8
TV,iptv-org Documentary,Pluto TV Naturaleza,FAIL,HTTP 403,0.92,https://jmp2.uk/plu-5dd85eac039bba0009e86d1d.m3u8
TV,iptv-org Documentary,Pluto TV Nature,FAIL,HTTP 403,0.97,https://jmp2.uk/plu-5be1c3f9851dd5632e2c91b2.m3u8
TV,iptv-org Documentary,Pluto TV Negocio Fechado,FAIL,HTTP 403,0.91,https://jmp2.uk/plu-64ad7394798def00087b2bfe.m3u8
TV,iptv-org Documentary,Pluto TV Paranormal (United States),FAIL,HTTP 403,0.27,https://jmp2.uk/plu-5adf96e3e738977e2c31cb04.m3u8
TV,iptv-org Documentary,Pluto TV Paranormal (United States) CA,FAIL,HTTP 403,0.92,https://jmp2.uk/plu-62e92a58f3e4290007290c96.m3u8
TV,iptv-org Documentary,Pluto TV PetrolHeads,FAIL,HTTP 403,0.94,https://jmp2.uk/plu-65a7b0814a10d800085ff2df.m3u8
TV,iptv-org Documentary,Pluto TV Policial,FAIL,HTTP 403,0.93,https://jmp2.uk/plu-678fdf9e3de7c8cf948e8824.m3u8
TV,iptv-org Documentary,Pluto TV Reportagen,FAIL,HTTP 403,0.88,https://jmp2.uk/plu-68ada3edf84960586ad31c7d.m3u8
TV,iptv-org Documentary,Pluto TV Science (Germany),FAIL,HTTP 403,0.91,https://jmp2.uk/plu-5d767b4889bca2ce7b73ef2e.m3u8
TV,iptv-org Documentary,Pluto TV Science (Germany) GB,FAIL,HTTP 403,0.29,https://jmp2.uk/plu-5d9492c77ea6f99188738ff1.m3u8
TV,iptv-org Documentary,Pluto TV Science (United States),FAIL,HTTP 403,0.27,https://jmp2.uk/plu-563a970aa1a1f7fe7c9daad7.m3u8
TV,iptv-org Documentary,Pluto TV Space (Germany),FAIL,HTTP 403,0.91,https://jmp2.uk/plu-61409f8d6feb30000766b675.m3u8
TV,iptv-org Documentary,Pluto TV Space (Germany) GB,FAIL,HTTP 403,0.87,https://jmp2.uk/plu-5dbc2f98777f2e0009934ae7.m3u8
TV,iptv-org Documentary,Pluto TV Space (Sweden),FAIL,HTTP 403,0.93,https://jmp2.uk/plu-61b86c6ef30f5d0007e4c6d1.m3u8
TV,iptv-org Documentary,Pluto TV Storia,FAIL,HTTP 403,0.92,https://jmp2.uk/plu-65253fdf3fd33c00080214a3.m3u8
TV,iptv-org Documentary,Pluto TV Tough Jobs,FAIL,HTTP 403,0.89,https://jmp2.uk/plu-600acaff5f2d6e000745effb.m3u8
TV,iptv-org Documentary,Pluto TV True Crime (Germany),FAIL,HTTP 403,0.91,https://jmp2.uk/plu-615333098185f00008715a56.m3u8
TV,iptv-org Documentary,Pluto TV True Crime (Germany) ES,FAIL,HTTP 403,0.9,https://jmp2.uk/plu-64a3f200f238ce0008d47247.m3u8
TV,iptv-org Documentary,Pluto TV True Crime (Germany) IT,FAIL,HTTP 403,0.94,https://jmp2.uk/plu-66d9ab4bf0f17500084e9b7e.m3u8
TV,iptv-org Documentary,Pluto TV True Crime (Sweden),FAIL,HTTP 403,0.87,https://jmp2.uk/plu-61c0b438244e50000758083b.m3u8
TV,iptv-org Documentary,Pluto TV True Crime (Sweden) DK,FAIL,HTTP 403,0.89,https://jmp2.uk/plu-61c097ec8bb1830008e3f962.m3u8
TV,iptv-org Documentary,Pluto TV True Crime (Sweden) NO,FAIL,HTTP 403,1.03,https://jmp2.uk/plu-61c1e51354d923000731bf78.m3u8
TV,iptv-org Documentary,Pluto TV True Crime (United States),FAIL,HTTP 403,0.25,https://jmp2.uk/plu-5812be1c249444e05d09cc50.m3u8
TV,iptv-org Documentary,Pluto TV True Crime (United States) CA,FAIL,HTTP 403,0.91,https://jmp2.uk/plu-62e9289f8d467f0007fbc701.m3u8
TV,iptv-org Documentary,Pluto TV Turbo,FAIL,HTTP 403,0.9,https://jmp2.uk/plu-6014761dfb91870008ea6463.m3u8
TV,iptv-org Documentary,Pluto TV Varldskrigen,FAIL,HTTP 403,0.96,https://jmp2.uk/plu-677d3ad04bd63600082f7c54.m3u8
TV,iptv-org Documentary,Pluto TV Verdenskrigene,FAIL,HTTP 403,0.92,https://jmp2.uk/plu-677d397b60fbeb00084b0bff.m3u8
TV,iptv-org Documentary,Pluto TV Verdenskrigene NO,FAIL,HTTP 403,0.88,https://jmp2.uk/plu-677d3a424bd63600082f7baf.m3u8
TV,iptv-org Documentary,Polsat Viasat History (1080p),UNVERIFIED,no route from test server (geo-lock/IPv6/timeout) - test on the TV box,10.01,http://185.227.34.179:8080/polsat-viasat-history-hd/index.m3u8
TV,iptv-org Documentary,Reelz (720p),UNVERIFIED,no route from test server (geo-lock/IPv6/timeout) - test on the TV box,10.01,http://23.237.104.106:8080/USA_REELZ/index.m3u8
TV,iptv-org Documentary,RL PRO TV,UNVERIFIED,no route from test server (geo-lock/IPv6/timeout) - test on the TV box,6.05,https://stream.berosat.live:19360/rlpro-tv/rlpro-tv.m3u8
TV,iptv-org Documentary,RT Documentary (1080p) [Geo-blocked],OK,HLS playlist + segment reachable,1.64,https://rt-rtd.rttv.com/dvr/rtdoc/playlist.m3u8
TV,iptv-org Documentary,Safari TV (576p),OK,HLS playlist + segment reachable,1.17,https://mumt04.tangotv.in/m18aqlK4SAFARITV/index.m3u8
TV,iptv-org Documentary,Sensing Murder,FAIL,HTTP 403,0.94,https://jmp2.uk/plu-5e9ed47c26ebb000074af566.m3u8
TV,iptv-org Documentary,Sky Nature (576p),FAIL,HTTP 404,0.93,https://tvsen6.aynaott.com/skynature/index.m3u8
TV,iptv-org Documentary,Smithsonian Channel Pluto TV,FAIL,HTTP 403,0.27,https://jmp2.uk/plu-6298bd10d88ef000073f16b7.m3u8
TV,iptv-org Documentary,Smithsonian Channel Pluto TV LatAm,FAIL,HTTP 403,0.93,https://jmp2.uk/plu-63a084934734f30007457b2c.m3u8
TV,iptv-org Documentary,Smithsonian Channel Selects (Sweden),FAIL,HTTP 403,0.94,https://jmp2.uk/plu-61fb9907b1b78d000717ed9f.m3u8
TV,iptv-org Documentary,Smithsonian Channel Selects (Sweden) DK,FAIL,HTTP 403,0.91,https://jmp2.uk/plu-61fb988e032c0100077d5252.m3u8
TV,iptv-org Documentary,Sony BBC Earth HD (1080p),PARTIAL,"playlist OK, segment failed: HTTP Error 403: Forbidden",0.24,https://cloudplay-sonyliv.pages.dev/bbcearthhd.m3u8
TV,iptv-org Documentary,Spektrum (Czech Republic),UNVERIFIED,no route from test server (geo-lock/IPv6/timeout) - test on the TV box,10.01,http://88.212.15.19/live/test_spektrum/playlist.m3u8
TV,iptv-org Documentary,Spektrum (Hungary),UNVERIFIED,no route from test server (geo-lock/IPv6/timeout) - test on the TV box,10.01,http://88.212.15.19/live/spektrum_hun/index.m3u8
TV,iptv-org Documentary,Spike Pluto TV,FAIL,HTTP 403,0.25,https://jmp2.uk/plu-5812bcc8237a6ff45d16c407.m3u8
TV,iptv-org Documentary,Storie Criminali,FAIL,HTTP 403,0.54,https://jmp2.uk/plu-66177d18c8311c0008d077d0.m3u8
TV,iptv-org Documentary,Teen Mom (United States),FAIL,HTTP 403,1.08,https://jmp2.uk/plu-6127e12ed140e900077e7b6f.m3u8
TV,iptv-org Documentary,Terra Mater WILD (1080p),OK,HLS playlist + segment reachable,0.42,https://53ff3982.wurl.com/master/f36d25e7e52f1ba8d7e56eb859c636563214f541/UmxheHhUVi1ldV9UZXJyYU1hdGVyV2lsZF9ITFM/playlist.m3u8
TV,iptv-org Documentary,Terra Mater WILD English (1080p),OK,HLS playlist + segment reachable,0.38,https://amg01775-amg01775c1-amgplt0343.playout.now3.amagi.tv/playlist/amg01775-amg01775c1-amgplt0343/playlist.m3u8
TV,iptv-org Documentary,The Nest (1080p),OK,HLS playlist + segment reachable,0.27,https://fast-channels.sinclairstoryline.com/THENEST/index.m3u8
TV,iptv-org Documentary,Total Crime (1080p),OK,HLS playlist + segment reachable,0.28,https://aegis-cloudfront-1.tubi.video/b062c287-a170-47df-99e4-f5dcd441ee59/playlist.m3u8
TV,iptv-org Documentary,Tring History (720p),FAIL,HTTP 403,0.24,http://5.254.89.106/8765/index.m3u8
TV,iptv-org Documentary,TRT Belgesel (1080p),UNVERIFIED,no route from test server (geo-lock/IPv6/timeout) - test on the TV box,20.02,http://hls127.freeott.top:8080/TRT_BELGESEL_TR/video.m3u8
TV,iptv-org Documentary,UMSA TVU Internacional (720p),OK,HLS playlist + segment reachable,0.28,https://edge.enhdtv.com/8026/index.m3u8
TV,iptv-org Documentary,Unidentified (1080p),OK,HLS playlist + segment reachable,0.29,https://d3ify425qsio2d.cloudfront.net/playlist.m3u8
TV,iptv-org Documentary,Viasat Explore (Bulgaria) (1080p),OK,HLS playlist + segment reachable,0.91,https://shift03.isp.bg/ViasatExplorer_HD/index.m3u8
TV,iptv-org Documentary,Viasat Explore (Czech Republic),OK,HLS playlist + segment reachable,0.27,http://88.212.15.29/live/test_viasat_explore_atk_tv/playlist.m3u8
TV,iptv-org Documentary,Viasat Explore (Romania),FAIL,HTTP 403,0.24,https://arwen1.panaka1.cfd/vexplr/usergenrnd7ke5lgt.m3u8
TV,iptv-org Documentary,Viasat Explore (Slovenia),UNVERIFIED,no route from test server (geo-lock/IPv6/timeout) - test on the TV box,0.09,https://lb.dstvmultimedia.com/ViasatExplore/index.m3u8
TV,iptv-org Documentary,Viasat Explore (Sweden) [Not 24/7],OK,HLS playlist + segment reachable,0.88,http://315e5a5d.ottrast.com/iptv/8XFKA8883W9M5K/12085/index.m3u8
TV,iptv-org Documentary,Viasat History (Bulgaria) (1080p),OK,HLS playlist + segment reachable,0.95,https://shift03.isp.bg/ViasatHistory_HD/index.m3u8
TV,iptv-org Documentary,Viasat History (Czech Republic),OK,HLS playlist + segment reachable,0.26,http://88.212.15.29/live/test_viasat_history_atk_tv/playlist.m3u8
TV,iptv-org Documentary,Viasat History (Romania),FAIL,HTTP 403,0.23,https://arwen1.panaka1.cfd/vhis/usergenrnd4v6g8eigt.m3u8
TV,iptv-org Documentary,Viasat History (Slovenia),UNVERIFIED,no route from test server (geo-lock/IPv6/timeout) - test on the TV box,0.09,https://lb.dstvmultimedia.com/ViasatHistory/index.m3u8
TV,iptv-org Documentary,Viasat History (Sweden) [Not 24/7],OK,HLS playlist + segment reachable,1.18,http://315e5a5d.ottrast.com/iptv/8XFKA8883W9M5K/12101/index.m3u8
TV,iptv-org Documentary,Viasat History (Turkiye) (720p),FAIL,returned HTML page (geo-block / dead),1.23,https://nord.ayakkabiparti.lol/viasathistory/index.m3u8
TV,iptv-org Documentary,Viasat History (Ukraine) (1080p),UNVERIFIED,no route from test server (geo-lock/IPv6/timeout) - test on the TV box,20.03,http://hls127.freeott.top:8080/VIASAT_EXPLORE_HD_CEE/video.m3u8
TV,iptv-org Documentary,Viasat Nature (Bulgaria) (1080p),OK,HLS playlist + segment reachable,0.89,https://shift03.isp.bg/ViasatNature_HD/index.m3u8
TV,iptv-org Documentary,Viasat Nature (Czech Republic),OK,HLS playlist + segment reachable,0.27,http://88.212.15.29/live/test_viasat_nature_atk_tv/playlist.m3u8
TV,iptv-org Documentary,Viasat Nature (Romania),FAIL,HTTP 403,0.23,https://arwen1.panaka1.cfd/vnature/usergenrnd2g9eqk.m3u8
TV,iptv-org Documentary,Viasat Nature (Slovenia),UNVERIFIED,no route from test server (geo-lock/IPv6/timeout) - test on the TV box,0.1,https://lb.dstvmultimedia.com/ViasatNature/index.m3u8
TV,iptv-org Documentary,Viasat Nature (Sweden) [Not 24/7],OK,HLS playlist + segment reachable,1.03,http://315e5a5d.ottrast.com/iptv/8XFKA8883W9M5K/12084/index.m3u8
TV,iptv-org Documentary,WaterBear (1080p),OK,HLS playlist + segment reachable,0.37,https://amg01415-waterbearnetwor-waterbear-samsunguk-1h0y8.amagi.tv/playlist/amg01415-waterbearnetwor-waterbear-samsunguk/playlist.m3u8
TV,iptv-org Documentary,Wedo Big Stories (1080p),OK,HLS playlist + segment reachable,0.34,https://amg00735-videosolutionsa-wedobigdocs-ono-0urlz.amagi.tv/playlist/amg00735-videosolutionsa-wedobigdocs-ono/playlist.m3u8
TV,iptv-org Documentary,WildEarth (1080p),OK,HLS playlist + segment reachable,0.2,https://dqga3jatxofgx.cloudfront.net/WildEarth.m3u8
TV,iptv-org News,2GB (1080p),PARTIAL,"playlist OK, segment failed: HTTP Error 404: Not Found",0.43,https://2gblive.akamaized.net/hls/live/2033805/2GB/index.m3u8
TV,iptv-org News,3AW (1080p),PARTIAL,"playlist OK, segment failed: HTTP Error 404: Not Found",1.39,https://3awlive.akamaized.net/hls/live/2032295/3AW/index.m3u8
TV,iptv-org News,3Cat Exclusiu 1 (1080p) [Geo-blocked],FAIL,HTTP 403,0.37,https://directes-tv-cat.3catdirectes.cat/live-content/oca1-hls/master.m3u8
TV,iptv-org News,3Cat Exclusiu 2 (1080p) [Geo-blocked],FAIL,HTTP 403,0.49,https://directes-tv-cat.3catdirectes.cat/live-content/oca2-hls/master.m3u8
TV,iptv-org News,3Cat Exclusiu 3 (1080p) [Geo-blocked],FAIL,HTTP 403,0.26,https://directes-tv-cat.3catdirectes.cat/live-content/oca3-hls/master.m3u8
TV,iptv-org News,3CatInfo (1080p),OK,HLS playlist + segment reachable,0.47,https://directes-tv-int.3catdirectes.cat/live-origin/canal324-hls/master.m3u8
TV,iptv-org News,4Dmas Noticias TV (1080p) [Not 24/7],FAIL,HTTP 404,8.41,https://rds3.desdeparaguay.net/4dmasnoticiastv/4dmasnoticiastv/playlist.m3u8
TV,iptv-org News,4 SiDES TV (1080p),OK,HLS playlist + segment reachable,0.93,https://stream.ottlive.co.in/4sidestv/index.m3u8
TV,iptv-org News,4TV News (576p),OK,HLS playlist + segment reachable,0.89,https://cdn.pishow.tv/ott/live/1007/master.m3u8
TV,iptv-org News,6PR (1080p),PARTIAL,"playlist OK, segment failed: HTTP Error 404: Not Found",0.47,https://6prlive.akamaized.net/hls/live/2033806/6PR/index.m3u8
TV,iptv-org News,6 TV Telugu (576p),OK,HLS playlist + segment reachable,0.3,https://yuppparoriglin.akamaized.net/181224/smil:6tv.smil/playlist.m3u8?hdnts=st=1735898689~exp=1835898688~acl=*~hmac=f5fe24724fe05481e3841f9eb5ab8efdee0a3dd83645ae9dcf45703f525bab7b
TV,iptv-org News,7 Info,UNVERIFIED,no route from test server (geo-lock/IPv6/timeout) - test on the TV box,6.06,https://video1.getstreamhosting.com:1936/8042/8042/playlist.m3u8
TV,iptv-org News,7 News (720p),OK,HLS playlist + segment reachable,0.55,https://sscsott.com/7news/live/index.m3u8
TV,iptv-org News,9 Plus News (1080p),OK,HLS playlist + segment reachable,0.9,https://stream.ottlive.co.in/9plusnews/index.m3u8
TV,iptv-org News,10 TV (720p),OK,HLS playlist + segment reachable,1.05,https://mumbai-edge.smartplaytv.in/10TV/index.m3u8
TV,iptv-org News,13 Siam Thai (1080p),OK,HLS playlist + segment reachable,0.91,https://live.x2.co.th/live/13livetv-th.m3u8
TV,iptv-org News,22Scope News (1080p),OK,HLS playlist + segment reachable,1.27,https://thelegitpro.in/HDlive/22scope/index.fmp4.m3u8
TV,iptv-org News,24/7 Canal de Noticias,UNVERIFIED,no route from test server (geo-lock/IPv6/timeout) - test on the TV box,6.06,https://panel.host-live.com:19360/cn247tv/cn247tv.m3u8
TV,iptv-org News,24 Horas (Chile) (1080p),UNVERIFIED,no route from test server (geo-lock/IPv6/timeout) - test on the TV box,10.01,http://cdn1tlinkgo.tlink.cl/24horashd/mono.m3u8
TV,iptv-org News,24 Horas (Spain) (720p),FAIL,HTTP 403,0.22,https://ztnr.rtve.es/ztnr/1694255.m3u8
TV,iptv-org News,24 Horas Canarias (1080p),UNVERIFIED,no route from test server (geo-lock/IPv6/timeout) - test on the TV box,10.01,http://185.47.212.25:8080/24h_HD/index.m3u8
TV,iptv-org News,24 Horas Catalunya (720p),FAIL,HTTP 403,0.23,https://ztnr.rtve.es/ztnr/4952053.m3u8
TV,iptv-org News,24 Kanal (720p),OK,HLS playlist + segment reachable,0.76,https://cdn15.live-tv.cloud/ua_infinitas_tv/news24-abr/playlist.m3u8
TV,iptv-org News,24 News (576p),OK,HLS playlist + segment reachable,1.07,https://mumt07.tangotv.in/zHjX9OFlTWENTYFOURNEWS/index.m3u8
TV,iptv-org News,24 News HD,UNVERIFIED,no route from test server (geo-lock/IPv6/timeout) - test on the TV box,6.06,https://cdn4.mjunoon.tv:8087/streamtest/146M/chunks.m3u8
TV,iptv-org News,24 TV (720p),OK,HLS playlist + segment reachable,0.62,https://turkmedya-live.ercdn.net/tv24/tv24.m3u8
TV,iptv-org News,30A Georgia Hollywood Review (720p),OK,HLS playlist + segment reachable,0.6,https://30a-tv.com/gh.m3u8
TV,iptv-org News,30A Lionel Nation,PARTIAL,"playlist OK, segment failed: HTTP Error 404: Not Found",0.58,https://30a-tv.com/ln.m3u8
TV,iptv-org News,92 News HD (720p),PARTIAL,"playlist OK, segment failed: HTTP Error 403: Forbidden",0.16,http://92news.vdn.dstreamone.net/92newshd/92hd/playlist.m3u8
TV,iptv-org News,99TV (720p),OK,HLS playlist + segment reachable,1.05,https://cdn.pishow.tv/ott/live/1211/master.m3u8
TV,iptv-org News,101tv Malaga,FAIL,HTTP 403,0.41,https://liveingesta318.cdnmedia.tv/101weblive/smil:malaga.smil/playlist.m3u8
TV,iptv-org News,360 (720p) [Not 24/7],OK,HLS playlist + segment reachable,0.71,https://turkmedya-live.ercdn.net/tv360/tv360.m3u8
TV,iptv-org News,365 News,UNVERIFIED,no route from test server (geo-lock/IPv6/timeout) - test on the TV box,6.05,https://cdn4.mjunoon.tv:8087/streamtest/140M/chunks.m3u8
TV,iptv-org News,:24 (1080p),UNVERIFIED,no route from test server (geo-lock/IPv6/timeout) - test on the TV box,10.01,http://88.212.15.27/live/test_trojka_25p/playlist.m3u8
TV,iptv-org News,A24 (720p),OK,HLS playlist + segment reachable,0.63,https://g5.vxral-slo.transport.edge-access.net/a12/ngrp:a24-100056_all/playlist.m3u8?sense=true
TV,iptv-org News,A Haber (1080p),OK,HLS playlist + segment reachable,1.0,https://rnttwmjcin.turknet.ercdn.net/lcpmvefbyo/ahaber/ahaber.m3u8
TV,iptv-org News,Aaj Ki Khabar (1080p),OK,HLS playlist + segment reachable,1.91,https://stream.ottlive.co.in/aajkikhabar/index.m3u8
TV,iptv-org News,Aaj News (576p),UNVERIFIED,no route from test server (geo-lock/IPv6/timeout) - test on the TV box,10.01,http://115.42.65.142:9981/stream/channelid/750987367
TV,iptv-org News,Aaj Tak (1080p),UNVERIFIED,no route from test server (geo-lock/IPv6/timeout) - test on the TV box,10.01,http://103.213.31.109:90/AajtakHD/playlist.m3u8
TV,iptv-org News,Aaj Tak HD (1080p),FAIL,HTTP 403,0.56,https://feeds.intoday.in/aajtak/api/aajtakhd/master.m3u8
TV,iptv-org News,Abante TV (1080p),OK,HLS playlist + segment reachable,0.46,https://amg19223-amg19223c12-amgplt0352.playout.now3.amagi.tv/playlist/amg19223-amg19223c12-amgplt0352/playlist.m3u8
TV,iptv-org News,Abb Takk (576p),UNVERIFIED,no route from test server (geo-lock/IPv6/timeout) - test on the TV box,10.01,http://115.42.65.142:9981/stream/channelid/852828604
TV,iptv-org News,ABC News (720p),OK,HLS playlist + segment reachable,0.47,https://abc-news-dmd-streams-1.akamaized.net/out/v1/701126012d044971b3fa89406a440133/index.m3u8
TV,iptv-org News,ABC News Live 1 (720p),PARTIAL,"playlist OK, segment failed: HTTP Error 404: Not Found",0.24,https://abcnews-streams.akamaized.net/hls/live/2023560/abcnewshudson1/master.m3u8
TV,iptv-org News,ABC News Live 2 (720p),PARTIAL,"playlist OK, segment failed: HTTP Error 404: Not Found",0.33,https://abcnews-streams.akamaized.net/hls/live/2023561/abcnewshudson2/master.m3u8
TV,iptv-org News,ABC News Live 3 (720p),PARTIAL,"playlist OK, segment failed: HTTP Error 404: Not Found",0.27,https://abcnews-streams.akamaized.net/hls/live/2023562/abcnewshudson3/master.m3u8
TV,iptv-org News,ABC News Live 4 (720p),PARTIAL,"playlist OK, segment failed: HTTP Error 404: Not Found",0.37,https://abcnews-streams.akamaized.net/hls/live/2023563/abcnewshudson4/master.m3u8
TV,iptv-org News,ABC News Live 5 (720p),PARTIAL,"playlist OK, segment failed: HTTP Error 404: Not Found",0.3,https://abcnews-streams.akamaized.net/hls/live/2023564/abcnewshudson5/master.m3u8
TV,iptv-org News,ABC News Live 6 (720p),PARTIAL,"playlist OK, segment failed: HTTP Error 404: Not Found",0.26,https://abcnews-streams.akamaized.net/hls/live/2023565/abcnewshudson6/master.m3u8
TV,iptv-org News,ABC News Live 7 (720p),PARTIAL,"playlist OK, segment failed: HTTP Error 404: Not Found",0.27,https://abcnews-streams.akamaized.net/hls/live/2023566/abcnewshudson7/master.m3u8
TV,iptv-org News,ABC News Live 8 (720p),PARTIAL,"playlist OK, segment failed: HTTP Error 404: Not Found",0.24,https://abcnews-streams.akamaized.net/hls/live/2023567/abcnewshudson8/master.m3u8
TV,iptv-org News,ABC News Live 9 (720p),PARTIAL,"playlist OK, segment failed: HTTP Error 404: Not Found",0.33,https://abcnews-streams.akamaized.net/hls/live/2023568/abcnewshudson9/master.m3u8
TV,iptv-org News,ABC News Live 10 (720p),PARTIAL,"playlist OK, segment failed: HTTP Error 404: Not Found",0.19,https://abcnews-streams.akamaized.net/hls/live/2023569/abcnewshudson10/master.m3u8
TV,iptv-org News,ABC News Live (720p),FAIL,HTTP 403,0.47,https://jmp2.uk/plu-6508be683a0d700008c534e4.m3u8
TV,iptv-org News,ABN Andhra Jyoti (720p),OK,HLS playlist + segment reachable,1.06,https://mumbai-edge.smartplaytv.in/ABNAJ/index.m3u8
TV,iptv-org News,ABN News (1080p),UNVERIFIED,no route from test server (geo-lock/IPv6/timeout) - test on the TV box,10.01,http://115.42.65.142:9981/stream/channelid/966869781
TV,iptv-org News,ABP Ananda (1080p),OK,HLS playlist + segment reachable,0.76,https://d2l4ar6y3mrs4k.cloudfront.net/live-streaming/ananda-livetv/master.m3u8
TV,iptv-org News,ABP Asmita (1080p),OK,HLS playlist + segment reachable,0.79,https://d2l4ar6y3mrs4k.cloudfront.net/live-streaming/asmita-livetv/master.m3u8
TV,iptv-org News,ABP Ganga (1080p),OK,HLS playlist + segment reachable,0.89,https://d2l4ar6y3mrs4k.cloudfront.net/live-streaming/ganga-livetv/master.m3u8
TV,iptv-org News,ABP Majha (576p),OK,HLS playlist + segment reachable,1.09,https://mumbai-edge.smartplaytv.in/ABPMajha/index.m3u8
TV,iptv-org News,ABP News (1080p),OK,HLS playlist + segment reachable,0.46,https://d1rc86nwwc9fag.cloudfront.net/vglive-sk-472500/abpnews/master.m3u8
TV,iptv-org News,Acento TV,OK,HLS playlist + segment reachable,0.35,https://acentotv01.streamprolive.com/hls/live.m3u8
TV,iptv-org News,Actualidad 360,FAIL,HTTP 403,0.94,https://jmp2.uk/plu-67517fae5534bb0008187997.m3u8
TV,iptv-org News,Acustik TV,UNVERIFIED,no route from test server (geo-lock/IPv6/timeout) - test on the TV box,6.05,https://s5.mexside.net:1936/clientetv/clientetv/playlist.m3u8
TV,iptv-org News,ADN 40 (720p),OK,HLS playlist + segment reachable,0.8,https://mdstrm.com/live-stream-playlist/60b578b060947317de7b57ac.m3u8
TV,iptv-org News,ADN TV (720p),OK,HLS playlist + segment reachable,1.32,https://redirector.rudo.video/hls-video/931b584451fa6dd1313ee66efbfd5802e3f3bcea/adntv/adntv.smil/playlist.m3u8
TV,iptv-org News,Adnkronos (720p),UNVERIFIED,no route from test server (geo-lock/IPv6/timeout) - test on the TV box,0.11,https://5e73cf528f404.streamlock.net/GR_sport/livestream/playlist.m3u8
TV,iptv-org News,Advocate Broadcasting Network,FAIL,URLError: <urlopen error unknown url type: srt>,0.0,srt://105.113.54.98:4001
TV,iptv-org News,Afghanistan International (720p),OK,HLS playlist + segment reachable,0.56,https://hls.afintl.com/hls/stream.m3u8
TV,iptv-org News,Africa 24 (1080p),OK,HLS playlist + segment reachable,2.34,https://africa24.vedge.infomaniak.com/livecast/ik:africa24/manifest.m3u8
TV,iptv-org News,Africa 24 English (1080p),OK,HLS playlist + segment reachable,1.19,https://edge20.vedge.infomaniak.com/livecast/ik:africa24english/manifest.m3u8
TV,iptv-org News,Africa 24 Sport (1080p),OK,HLS playlist + segment reachable,2.25,https://africa24.vedge.infomaniak.com/livecast/ik:africa24sport/manifest.m3u8
TV,iptv-org News,Africanews English (720p),OK,HLS playlist + segment reachable,0.69,https://cdn-euronews.akamaized.net/live/eds/africanews-en/25049/index.m3u8
TV,iptv-org News,Africanews French (720p),OK,HLS playlist + segment reachable,0.41,https://cdn-euronews.akamaized.net/live/eds/africanews-fr/25050/index.m3u8
TV,iptv-org News,Afrik Info TV,UNVERIFIED,no route from test server (geo-lock/IPv6/timeout) - test on the TV box,6.05,https://kali.vdopanel.com:3119/hybrid/play.m3u8
TV,iptv-org News,Afrique54 TV (720p),UNVERIFIED,no route from test server (geo-lock/IPv6/timeout) - test on the TV box,6.11,https://video1.getstreamhosting.com:1936/8318/8318/playlist.m3u8
TV,iptv-org News,Afrique Media (720p),FAIL,HTTP 403,0.24,https://cloud.odysee.live/content/fe06b3cdc9412e359368b2455b6ea5e93856e382/master.m3u8
TV,iptv-org News,AgroMais (720p),OK,HLS playlist + segment reachable,0.31,http://45.162.64.114/AGROMAIS/index.m3u8
TV,iptv-org News,Aik News SD,OK,HLS playlist + segment reachable,0.97,https://s2.ideationtec.live/Pnn/Pnn.m3u8?token=KsR3k27_sH3n-2
TV,iptv-org News,AKD Calcutta News (1080p),OK,HLS playlist + segment reachable,1.34,https://live.legitpro.co.in/cnnnews/index.m3u8
TV,iptv-org News,Akhon Kolkata (478p),OK,HLS playlist + segment reachable,1.48,https://server.playontv.in/ekhonkolkata/ekhonkolkata/index.m3u8
TV,iptv-org News,AL24 News,OK,HLS playlist + segment reachable,0.62,https://cdn.live.easybroadcast.io/abr_corp/66_al24_u4yga6h/corp/66_al24_u4yga6h_240p/chunks.m3u8
TV,iptv-org News,Al Alam (360p),FAIL,URLError: <urlopen error [SSL: CERTIFICATE_VERIFY_FAILED] certificate ,2.08,https://live2.alalam.ir/alalam.m3u8
TV,iptv-org News,Al Alam Al Yawm,OK,HLS playlist + segment reachable,0.77,https://mn-nl.mncdn.com/mekameleen/smil:mekameleentv.smil/chunklist_b928000.m3u8
TV,iptv-org News,Al Arabiya English (1080p),OK,HLS playlist + segment reachable,0.3,https://live.alarabiya.net/alarabiapublish/english/playlist_dvr.m3u8
TV,iptv-org News,Al Araby TV 2 (1080p),OK,HLS playlist + segment reachable,0.43,https://live.kwikmotion.com/alaraby2live/alaraby2.smil/playlist.m3u8
TV,iptv-org News,Al Araby TV (1080p),OK,HLS playlist + segment reachable,0.6,https://live.kwikmotion.com/alaraby1live/alaraby_abr/playlist.m3u8
TV,iptv-org News,Al Ekhbariya (1080p),OK,HLS playlist + segment reachable,0.32,https://shd-gcp-live.edgenextcdn.net/live/bitmovin-al-ekhbaria/297b3ef1cd0633ad9cfba7473a686a06/index.m3u8
TV,iptv-org News,Al Ghad TV (1080p),OK,HLS playlist + segment reachable,0.91,https://eazyvwqssi.erbvr.com/alghadtv/alghadtv.m3u8
TV,iptv-org News,Al Hadath (1080p),OK,HLS playlist + segment reachable,0.5,https://shd-gcp-live.edgenextcdn.net/live/bitmovin-hadath/2ff87ec4c2f3ede35295a20637d9f8fd/index.m3u8
TV,iptv-org News,Al Iraqia News (720p),OK,HLS playlist + segment reachable,0.64,https://imn-live.esite-lab.com/hls/iraqia-news.m3u8
TV,iptv-org News,Al Janoub TV,OK,HLS playlist + segment reachable,0.83,https://live.alissahost.net/hls/test.m3u8
TV,iptv-org News,Al Jazeera 2 (1080p),OK,HLS playlist + segment reachable,0.39,https://live-hls-web-aja2-gcp.thehlive.com/AJA2/index.m3u8
TV,iptv-org News,Al Jazeera (1080p),OK,HLS playlist + segment reachable,0.23,https://live-hls-apps-aja-fa.getaj.net/AJA/01.m3u8
TV,iptv-org News,Al Jazeera English (1080p),OK,HLS playlist + segment reachable,0.39,https://live-hls-apps-aje-fa.getaj.net/AJE/index.m3u8
TV,iptv-org News,Al Jazeera English HD (576p),OK,application/vnd.apple.mpegurl,0.32,http://stream.mcquack.net/131/index.m3u8
TV,iptv-org News,Al Jazeera Mubasher 24 (1080p),OK,HLS playlist + segment reachable,0.4,https://live-hls-apps-ajm24-fa.getaj.net/AJM24/index.m3u8
TV,iptv-org News,Al Jazeera Mubasher (1080p),OK,HLS playlist + segment reachable,0.39,https://live-hls-apps-ajm-fa.getaj.net/AJM/index.m3u8
TV,iptv-org News,Al Jazeera Mubasher Broadcast 2 (1080p),OK,HLS playlist + segment reachable,0.55,https://live-hls-apps-ajm2-fa.getaj.net/AJM2/index.m3u8
TV,iptv-org News,Al Masar TV (576p),OK,HLS playlist + segment reachable,0.57,https://starmenajo.com/hls/almasar/index.m3u8
TV,iptv-org News,Al Masirah (720p) [Not 24/7],OK,HLS playlist + segment reachable,0.2,https://live.cdnbridge.tv/Almasirah/Almasirah_all/playlist.m3u8
TV,iptv-org News,Al Masirah Mubacher (642p) [Not 24/7],OK,HLS playlist + segment reachable,0.43,https://live2.cdnbridge.tv/AlmasirahMubasher/Mubasher_All/playlist.m3u8
TV,iptv-org News,Al Mayadeen TV (576p),OK,HLS playlist + segment reachable,0.34,https://mdnlv.cdn.octivid.com/almdn/smil:mpegts.stream.smil/playlist.m3u8
TV,iptv-org News,Al Najah News (720p),UNVERIFIED,no route from test server (geo-lock/IPv6/timeout) - test on the TV box,6.05,https://streaming.najah.edu:8443/hls/AlNajah.m3u8
TV,iptv-org News,Al Sharqiya News (1080p),OK,HLS playlist + segment reachable,0.83,https://5d94523502c2d.streamlock.net/alsharqiyalive/mystream/playlist.m3u8
TV,iptv-org News,Al Yaum TV (1080p),OK,HLS playlist + segment reachable,0.48,https://hlspackager.akamaized.net/live/DB/ALYAUM_TV/HLS/ALYAUM_TV.m3u8
TV,iptv-org News,Al-Manar (576p) [Not 24/7],OK,HLS playlist + segment reachable,0.51,https://edge.fastpublish.me/live/index.m3u8
TV,iptv-org News,Alalam News Channel Syria (1080p),OK,HLS playlist + segment reachable,0.89,http://live2.alalam.ir/live/Alalam/index.m3u8
TV,iptv-org News,Alarabiya (1080p),OK,HLS playlist + segment reachable,0.28,https://live.alarabiya.net/alarabiapublish/alarabiya.smil/playlist.m3u8
TV,iptv-org News,Aleph News (720p),OK,HLS playlist + segment reachable,1.32,https://stream-aleph.m.ro/Aleph/ngrp:Alephnewsmain.stream_all/playlist.m3u8
TV,iptv-org News,Alert TV (576p) [Not 24/7],OK,HLS playlist + segment reachable,1.03,https://itv.streams.ovh/ALEERT/ALEERT/playlist.m3u8
TV,iptv-org News,Alghadeer TV (1080p),UNVERIFIED,no route from test server (geo-lock/IPv6/timeout) - test on the TV box,6.16,https://sd343444.vodu.store:3356/live/Alghadeer/index.m3u8
TV,iptv-org News,Alhaqeqa Aldawlia (1080p) [Not 24/7],FAIL,HTTP 404,0.6,https://ghaasiflu.online/alhqeqa/index.m3u8
TV,iptv-org News,Alhurra (720p),UNVERIFIED,no route from test server (geo-lock/IPv6/timeout) - test on the TV box,0.07,https://mbn-ingest-worldsafe.akamaized.net/hls/live/2038900/MBN_Alhurra_Worldsafe_HLS/master.m3u8
TV,iptv-org News,Alhurra Iraq (720p),UNVERIFIED,no route from test server (geo-lock/IPv6/timeout) - test on the TV box,0.16,https://mbn-ingest-worldsafe.akamaized.net/hls/live/2038899/MBN_Iraq_Worldsafe_HLS/master.m3u8
TV,iptv-org News,Alikhbaria Syria (1080p),OK,HLS playlist + segment reachable,0.26,http://185.9.2.18/chid_423/index.m3u8
TV,iptv-org News,Almahriah TV (576p),OK,HLS playlist + segment reachable,0.49,https://starmenajo.com/hls/almahriah/index.m3u8
TV,iptv-org News,Altaghier TV (1080p),OK,HLS playlist + segment reachable,0.93,https://jmc-live.ercdn.net/altaghier/altaghier.m3u8
TV,iptv-org News,ALWifak News TV (720p),UNVERIFIED,no route from test server (geo-lock/IPv6/timeout) - test on the TV box,10.12,http://alwifaklive.info:1935/live/myStream/playlist.m3u8
TV,iptv-org News,AmarUjala (1080p),OK,HLS playlist + segment reachable,2.4,https://amarujala.ottlive.co.in/amarujala/index.m3u8
TV,iptv-org News,America's Voice (720p),OK,HLS playlist + segment reachable,0.55,https://content.uplynk.com/channel/26bd482ffe364a1282bc3df28bd3c21f.m3u8
TV,iptv-org News,America's Voice News (720p),FAIL,HTTP 403,0.28,https://jmp2.uk/plu-5e1f7da4bc7d740009831259.m3u8
TV,iptv-org News,Amu TV,OK,HLS playlist + segment reachable,0.79,https://jmc-live.ercdn.net/amutv/amutv.m3u8
TV,iptv-org News,AMX Noticias (720p) [Not 24/7],OK,HLS playlist + segment reachable,0.37,https://5e50264bd6766.streamlock.net/mexiquense2/videomexiquense2/playlist.m3u8
TV,iptv-org News,Ananda Barta (720p),OK,HLS playlist + segment reachable,1.42,https://account19.livebox.co.in/Anandabarta2hls/live.m3u8
TV,iptv-org News,ANB News (720p),UNVERIFIED,no route from test server (geo-lock/IPv6/timeout) - test on the TV box,6.15,https://server.livelegitpro.in:9899/anbnews/anbnews/index.m3u8
TV,iptv-org News,AnewZ TV,FAIL,URLError: <urlopen error [SSL: CERTIFICATE_VERIFY_FAILED] certificate ,0.67,https://53be5ef2d13aa.streamlock.net/cubesanewz-secure/smil:cubesanewz-secure-web.smil/playlist.m3u8
TV,iptv-org News,Anshun Comprehensive News Channel,UNVERIFIED,no route from test server (geo-lock/IPv6/timeout) - test on the TV box,7.94,https://hplayer1.juyun.tv/camera/154379194.m3u8
TV,iptv-org News,Antik Info TV (1080p),OK,HLS playlist + segment reachable,0.8,https://dash4.antik.sk/live/test_infokanal_tizen/playlist.m3u8
TV,iptv-org News,Anwar TV2 (720p),FAIL,HTTP 403,0.45,https://cloud.odysee.live/content/f92670235a1ce2bce4cf77671cc4dcc2188baa1d/master.m3u8
TV,iptv-org News,APA Tv (1080p),OK,HLS playlist + segment reachable,0.46,http://stream.apa.tv/apastream/index.m3u8
TV,iptv-org News,APN (576p),OK,HLS playlist + segment reachable,1.12,https://mumt01.tangotv.in/O5aw8Zn3APN/index.m3u8
TV,iptv-org News,Apostrophe TV (1080p),FAIL,HTTP 404,0.94,https://ext.cdn.nashnet.tv/228.0.2.165/index.m3u8
TV,iptv-org News,Aratu On,OK,HLS playlist + segment reachable,0.59,https://cdn.live.br1.jmvstream.com/w/LVW-9359/LVW9359_XSyReL0QVf/playlist.m3u8
TV,iptv-org News,Argus News (576p),OK,HLS playlist + segment reachable,1.11,https://mumt05.tangotv.in/87NeALx2ARGUSNEWS/index.m3u8
TV,iptv-org News,Arirang TV (1080p),PARTIAL,unknown content-type application/x-mpegURL,0.7,http://amdlive-ch01.ctnd.com.edgesuite.net/arirang_1ch/smil:arirang_1ch.smil/playlist.m3u8
TV,iptv-org News,Arirang TV HD (720p),OK,HLS playlist + segment reachable,0.31,http://45.162.64.114/ARIRANG/index.m3u8
TV,iptv-org News,Arirang UN (1080p),OK,HLS playlist + segment reachable,0.45,https://amdlive-ch02-ctnd-com.akamaized.net/arirang_2ch/smil:arirang_2ch.smil/playlist.m3u8
TV,iptv-org News,Army TV (1080p),OK,HLS playlist + segment reachable,1.45,https://api-tv.ipnet.ua/api/v1/manifest/2118742632.m3u8
TV,iptv-org News,ARY News,UNVERIFIED,no route from test server (geo-lock/IPv6/timeout) - test on the TV box,6.05,https://cdn07lhr.tamashaweb.com:8087/jazzauth/vsat-arynews-abr/live/vsat-arynews-H/chunks_dvr_timeshift-0-3600.m3u8
TV,iptv-org News,AS TV (900p),OK,HLS playlist + segment reachable,1.58,https://live.artidijitalmedya.com/artidijital_astv/astv/playlist.m3u8
TV,iptv-org News,Asharq News (1080p),OK,HLS playlist + segment reachable,0.37,https://live-news.asharq.com/asharq.m3u8
TV,iptv-org News,Asharq Radio (1080p),OK,HLS playlist + segment reachable,0.52,https://svs.itworkscdn.net/asharqradiovlive/asharqradiov/playlist.m3u8
TV,iptv-org News,Asian News (1080p),OK,HLS playlist + segment reachable,0.81,https://stream.ottlive.co.in/asiannews/index.m3u8
TV,iptv-org News,Asianet News (1080p),OK,HLS playlist + segment reachable,0.51,https://amg13737-amg13737c1-amgplt0016.playout.now3.amagi.tv/playlist/amg13737-amg13737c1-amgplt0016/playlist.m3u8
TV,iptv-org News,Asianet Suvarna News (1080p) [Not 24/7],OK,HLS playlist + segment reachable,0.58,https://asianetnews.vgcdn.net/vglive-sk-335835/playlist.m3u8
TV,iptv-org News,Asom Live 24 (576p),OK,HLS playlist + segment reachable,1.18,https://mumt06.tangotv.in/qYyB8fXVASHOMLIVE/index.m3u8
TV,iptv-org News,Assam Talks (576p),OK,HLS playlist + segment reachable,0.57,http://tvsen7.aynascope.net/AssamTalks/index.m3u8
TV,iptv-org News,Astra TV (1080p),OK,HLS playlist + segment reachable,0.63,https://server.gointernet.gr/live/livestream.m3u8
TV,iptv-org News,Atacama Noticias (720p) [Not 24/7],FAIL,HTTP 404,0.56,https://v2.tustreaming.cl/atacamanoticias/index.m3u8
TV,iptv-org News,ATV (Kosovo) (1080p),FAIL,HTTP 403,0.25,http://5.254.89.106/8709/index.m3u8
TV,iptv-org News,ATV+ (1080p),UNVERIFIED,no route from test server (geo-lock/IPv6/timeout) - test on the TV box,10.01,http://45.171.108.253:8888/ATV/index.m3u8
TV,iptv-org News,Awaaz India TV (720p) [Not 24/7],OK,HLS playlist + segment reachable,1.37,https://awaazindia.livebox.co.in/AwaazIndaTVhls/Live.m3u8
TV,iptv-org News,Aznews TV (720p) [Not 24/7],FAIL,HTTP 404,1.14,https://edge1.socialsmart.tv/aznews/smil/playlist.m3u8
TV,iptv-org News,B1,OK,HLS playlist + segment reachable,0.67,https://hls02ns.antenaplay.ro/hls/b1-tv-hd/index.m3u8
TV,iptv-org News,Bada Khabar (576p),UNVERIFIED,no route from test server (geo-lock/IPv6/timeout) - test on the TV box,10.78,https://mumbai-edge.smartplaytv.in/BADAKHABAR/index.m3u8
TV,iptv-org News,Baku.TV,OK,HLS playlist + segment reachable,0.61,https://rtmp.baku.tv/hls/bakutv.m3u8
TV,iptv-org News,BandNews (1080p),FAIL,HTTP 403,0.75,https://cdn-5.nxplay.com.br/BAND_NEWS/index.m3u8
TV,iptv-org News,Bansal News (720p),FAIL,HTTP 401,1.24,https://8yzmq2gbdvax-hls-live.wmncdn.net/bansalnewstv1/live1.stream/playlist.m3u8
TV,iptv-org News,Baraka Television (720p) [Not 24/7],UNVERIFIED,no route from test server (geo-lock/IPv6/timeout) - test on the TV box,6.13,https://stream.berosat.live:19360/baraka-hd/baraka-hd.m3u8
TV,iptv-org News,BBC Arabic (720p),OK,application/dash+xml,0.61,https://vs-cmaf-pushb-ww-live.akamaized.net/x=4/i=urn:bbc:pips:service:bbc_arabic_tv/pc_hd_abr_v2.mpd
TV,iptv-org News,BBC News (1080p),OK,HLS playlist + segment reachable,0.59,https://xemzi.short.gy/1000015
TV,iptv-org News,BBC News Africa (1080p),OK,application/dash+xml,0.52,https://vs-cmaf-push-ww-live.akamaized.net/x=4/i=urn:bbc:pips:service:bbc_news_channel_hd/hevc_iptv_mse_v0.mpd
TV,iptv-org News,BBC News Asia Pacific (576p),UNVERIFIED,no route from test server (geo-lock/IPv6/timeout) - test on the TV box,0.23,https://thinkkast.dpdns.org/thinkkast/bbcworld_news_sd/versiglia/index.m3u8
TV,iptv-org News,BBC News Europe (576p),OK,HLS playlist + segment reachable,0.39,http://46.32.176.50/bbcworld/index.m3u8
TV,iptv-org News,BBC News Latin America (720p),UNVERIFIED,no route from test server (geo-lock/IPv6/timeout) - test on the TV box,10.01,http://138.121.15.230:9002/BBC-NEWS/index.m3u8
TV,iptv-org News,BBC News North America (1080p),UNVERIFIED,no route from test server (geo-lock/IPv6/timeout) - test on the TV box,10.01,http://23.237.104.106:8080/USA_BBC_NEWS/index.m3u8
TV,iptv-org News,BBC News South Asia (720p),UNVERIFIED,no route from test server (geo-lock/IPv6/timeout) - test on the TV box,11.02,https://mumbai-edge.smartplaytv.in/BBCNews/index.m3u8
TV,iptv-org News,BBC News UK HD (1080p),UNVERIFIED,no route from test server (geo-lock/IPv6/timeout) - test on the TV box,10.01,http://45.153.96.44:8001
TV,iptv-org News,BBC Persian (1080p),OK,application/dash+xml,0.52,https://vs-cmaf-pushb-ww-live.akamaized.net/x=4/i=urn:bbc:pips:service:bbc_persian_tv/hevc_iptv_mse_v0.mpd
TV,iptv-org News,BDN (1080p),FAIL,HTTP 403,0.21,https://liveingesta318.cdnmedia.tv/badalonatvlive/smil:live.smil/playlist.m3u8
TV,iptv-org News,BEK News (720p),OK,HLS playlist + segment reachable,1.27,https://cdn3.wowza.com/5/ZWQ1K2NYTmpFbGsr/BEK-WOWZA-1/smil:BEKPRIMEeast.smil/playlist.m3u8
TV,iptv-org News,Benin Web TV (720p),FAIL,HTTP 409,0.53,https://stream.beninwebtv.bj/2/live/stream.m3u8
TV,iptv-org News,Berita RTM [Geo-blocked],FAIL,HTTP 403,0.21,https://d25tgymtnqzu8s.cloudfront.net/smil:berita/playlist.m3u8?id=5
TV,iptv-org News,BeritaSatu (1080p),UNVERIFIED,no route from test server (geo-lock/IPv6/timeout) - test on the TV box,0.35,https://xtdslboppkkv-pull.bpmedialive.com/live/beritasatu/abr.m3u8
TV,iptv-org News,BFM2 (1080p),OK,HLS playlist + segment reachable,0.76,https://d1ib1gsg71oarf.cloudfront.net/v1/master/3722c60a815c199d9c0ef36c5b73da68a62b09d1/cc-scp7wda722jph/BFM2_FR.m3u8
TV,iptv-org News,BFM Business (1080p),OK,HLS playlist + segment reachable,2.56,https://ncdn-live-bfm.pfd.sfr.net/shls/LIVE$BFM_BUSINESS/index.m3u8?end=END&start=LIVE
TV,iptv-org News,BFM Cote d'Azur (1080p),OK,HLS playlist + segment reachable,2.47,https://ncdn-live-bfm.pfd.sfr.net/shls/LIVE$BFM_NICECOTEDAZUR/index.m3u8?end=END&start=LIVE
TV,iptv-org News,BFM DICI Alpes du Sud (1080p),OK,HLS playlist + segment reachable,2.58,https://ncdn-live-bfm.pfd.sfr.net/shls/LIVE$BFM_DICI_ALPESDUSUD/index.m3u8?end=END&start=LIVE
TV,iptv-org News,BFM DICI Haute-Provence (1080p),OK,HLS playlist + segment reachable,2.35,https://ncdn-live-bfm.pfd.sfr.net/shls/LIVE$BFM_DICI_HAUTEPROVENCE/index.m3u8?end=END&start=LIVE
TV,iptv-org News,BFM Grand Lille (1080p),OK,HLS playlist + segment reachable,2.36,https://ncdn-live-bfm.pfd.sfr.net/shls/LIVE$BFMGRANDLILLE/index.m3u8?end=END&start=LIVE
TV,iptv-org News,BFM Grand Littoral (1080p),OK,HLS playlist + segment reachable,2.24,https://ncdn-live-bfm.pfd.sfr.net/shls/LIVE$BFMGRANDLITTORAL/index.m3u8?end=END&start=LIVE
TV,iptv-org News,BFM Lyon (1080p),UNVERIFIED,no route from test server (geo-lock/IPv6/timeout) - test on the TV box,7.17,https://ncdn-live-bfm.pfd.sfr.net/shls/LIVE$BFM_LYON/index.m3u8?end=END&start=LIVE
TV,iptv-org News,BFM Marseille (1080p),UNVERIFIED,no route from test server (geo-lock/IPv6/timeout) - test on the TV box,6.74,https://ncdn-live-bfm.pfd.sfr.net/shls/LIVE$BFM_MARSEILLEPROV/index.m3u8?end=END&start=LIVE
TV,iptv-org News,BFM Normandie (1080p),OK,HLS playlist + segment reachable,2.22,https://ncdn-live-bfm.pfd.sfr.net/shls/LIVE$BFM_NORMANDIE/index.m3u8?end=END&start=LIVE
TV,iptv-org News,BFM Tech & Co (1080p),OK,HLS playlist + segment reachable,1.67,https://ncdn-live-bfm.pfd.sfr.net/shls/LIVE$BFM_TECHANDCO/index.m3u8?end=END&start=LIVE
TV,iptv-org News,BFM TV (1080p),OK,HLS playlist + segment reachable,1.85,https://ncdn-live-bfm.pfd.sfr.net/shls/LIVE$BFM_TV/index.m3u8?end=END&start=LIVE
TV,iptv-org News,BFM Var (1080p),OK,HLS playlist + segment reachable,2.45,https://ncdn-live-bfm.pfd.sfr.net/shls/LIVE$BFM_TOULONVAR/index.m3u8?end=END&start=LIVE
TV,iptv-org News,Bharat24 (720p),OK,HLS playlist + segment reachable,2.26,https://cdn.ottlive.co.in/bharat24/index.m3u8
TV,iptv-org News,Bharat Express (576p),OK,HLS playlist + segment reachable,1.05,https://mumt07.tangotv.in/zHjX9OFlBHARATEXPRESS/index.m3u8
TV,iptv-org News,Bharat Samachar (576p),OK,HLS playlist + segment reachable,1.04,https://mumt03.tangotv.in/Dsly5z3HBHARATSAMACHAR/index.m3u8
TV,iptv-org News,Big TV 24x7 (1080p),OK,HLS playlist + segment reachable,0.59,https://stream.ottlive.co.in/bigtvmalayalam/index.m3u8
TV,iptv-org News,BIG TV (720p),OK,HLS playlist + segment reachable,1.02,https://cdn.pishow.tv/ott/live/1059/master.m3u8
TV,iptv-org News,Bilyonaryo News Channel (1080p) [Geo-blocked],OK,HLS playlist + segment reachable,0.36,https://amg19223-amg19223c11-amgplt0352.playout.now3.amagi.tv/playlist/amg19223-amg19223c11-amgplt0352/playlist.m3u8
TV,iptv-org News,Black News Channel (1080p),OK,HLS playlist + segment reachable,0.55,https://blacknewschannel-xumo-us.amagi.tv/playlist.m3u8
TV,iptv-org News,Blaze Live (720p),FAIL,HTTP 403,0.92,https://jmp2.uk/plu-5e46fba0c43b0d00096e5ac1.m3u8
TV,iptv-org News,BM&C News (720p),FAIL,HTTP 403,0.89,https://jmp2.uk/plu-666c9c60a7efd40008f552f0.m3u8
TV,iptv-org News,BN Channel (1080p),UNVERIFIED,no route from test server (geo-lock/IPv6/timeout) - test on the TV box,10.06,http://ikitv.sqn.at:8000/play/a01l/index.m3u8
TV,iptv-org News,BR8 TV,OK,HLS playlist + segment reachable,0.63,https://cdn.live.br1.jmvstream.com/w/LVW-11668/ngrp:LVW11668_wiJpjbMrks_all/playlist.m3u8
TV,iptv-org News,Brian TV (720p) [Not 24/7],OK,HLS playlist + segment reachable,0.32,https://livefta.malimarcdn.com/ftaedge00/briantv.sdp/playlist.m3u8
TV,iptv-org News,BRK News (720p),OK,HLS playlist + segment reachable,1.13,https://mumbai-edge.smartplaytv.in/BRKNEWS/index.m3u8
TV,iptv-org News,BT TV (720p),OK,HLS playlist + segment reachable,1.17,https://feeds.intoday.in/bttv/itgd.m3u8
TV,iptv-org News,BTV (Indonesia) [Geo-blocked],UNVERIFIED,no route from test server (geo-lock/IPv6/timeout) - test on the TV box,0.35,https://op-group1-swiftservehd-1.dens.tv/h/h129/S4/mnf.m3u8
TV,iptv-org News,BTV News (720p),UNVERIFIED,no route from test server (geo-lock/IPv6/timeout) - test on the TV box,3.11,https://live-evg2.tv360.metfone.com.kh/livetest/bayontest.stream/playlist.m3u8
TV,iptv-org News,Buendia TV,UNVERIFIED,no route from test server (geo-lock/IPv6/timeout) - test on the TV box,6.05,https://servilive.com:3508/stream/play.m3u8
TV,iptv-org News,Bulgaria On Air,UNVERIFIED,no route from test server (geo-lock/IPv6/timeout) - test on the TV box,10.01,http://213.91.179.28:8000/play/a05x
TV,iptv-org News,BX Inform (1080p),OK,HLS playlist + segment reachable,0.33,https://reflect-stream-bronxnet.cablecast.tv/live-8/live/stream-4/live.m3u8
TV,iptv-org News,C9N (720p),UNVERIFIED,no route from test server (geo-lock/IPv6/timeout) - test on the TV box,0.15,https://d2b5h5wyivfnfl.cloudfront.net/live/48f53430-9014-4459-a048-6169dac14140/ts:abr.m3u8
TV,iptv-org News,Canal 1 Mar Menor Torre Pacheco (1080p),FAIL,URLError: <urlopen error [SSL: CERTIFICATE_VERIFY_FAILED] certificate ,0.64,https://directo.tuwebtv.es/canal1.m3u8
TV,iptv-org News,Canal 26 (Argentina) (1080p),OK,HLS playlist + segment reachable,0.95,https://stream-gtlc.telecentro.net.ar/hls/canal26hls/main.m3u8
TV,iptv-org News,Canal 33 Tijuana (720p),OK,HLS playlist + segment reachable,0.32,https://5f2c1b0d880e5.streamlock.net/canal33tijuana/videocanal33tijuana/playlist.m3u8
TV,iptv-org News,Canal 38 (720p),OK,HLS playlist + segment reachable,1.09,https://cdn.jmvstream.com/w/LVW-8503/LVW8503_d0V5oduFlK/playlist.m3u8
TV,iptv-org News,Canal CHV Noticias (1080p),UNVERIFIED,no route from test server (geo-lock/IPv6/timeout) - test on the TV box,10.01,http://cdn1tlinkgo.tlink.cl/chvnoticias/mono.m3u8
TV,iptv-org News,Canal E (720p),OK,HLS playlist + segment reachable,0.87,https://unlimited1-us.dps.live/perfiltv/perfiltv.smil/playlist.m3u8
TV,iptv-org News,Canal I (1080p),OK,HLS playlist + segment reachable,0.41,https://streaming.canal-i.com/canal-i/live/master.m3u8
TV,iptv-org News,Canal Metropolitano de Noticias,OK,HLS playlist + segment reachable,0.9,https://stmv5.samcast.com.br/claudio8701/claudio8701/playlist.m3u8
TV,iptv-org News,Canal N (576p),UNVERIFIED,no route from test server (geo-lock/IPv6/timeout) - test on the TV box,10.01,http://190.108.91.206:9050/play/a0bd/index.m3u8
TV,iptv-org News,Canal PyC (720p),OK,HLS playlist + segment reachable,0.24,https://live20.bozztv.com/akamaissh101/ssh101/pyctelevision/playlist.m3u8
TV,iptv-org News,Canal Sur Noticias,OK,HLS playlist + segment reachable,0.43,https://cdnlive.codev8.net/rtvalive/smil:channel42.smil/playlist.m3u8
TV,iptv-org News,Canal TDC,UNVERIFIED,no route from test server (geo-lock/IPv6/timeout) - test on the TV box,6.06,https://tdcserver.com:19360/tdconlione-2/tdconlione-2.m3u8
TV,iptv-org News,Capital TV,UNVERIFIED,no route from test server (geo-lock/IPv6/timeout) - test on the TV box,6.05,https://cdn4.mjunoon.tv:8087/streamtest/111M/chunks.m3u8
TV,iptv-org News,Carivision (1080p) [Geo-blocked],UNVERIFIED,no route from test server (geo-lock/IPv6/timeout) - test on the TV box,6.06,https://ss2.tvrdomi.com:1936/carivision/carivision/playlist.m3u8
TV,iptv-org News,Catamarca TV (720p),OK,HLS playlist + segment reachable,0.39,https://stream.arcast.com.ar/canal7catamarca/ngrp:canal7catamarca_all/playlist.m3u8?DVR=
TV,iptv-org News,CBC News Network (1080p),OK,HLS playlist + segment reachable,0.19,https://d2ny9lo79ujali.cloudfront.net/CBC_News_International.m3u8
TV,iptv-org News,CBS News 24/7 (720p),FAIL,HTTP 403,0.91,https://jmp2.uk/plu-6350fdd266e9ea0007bedec5.m3u8
TV,iptv-org News,CBS News Baltimore (720p),OK,HLS playlist + segment reachable,0.51,https://lineup.cbsivideo.com/playout/8877a7d5-b094-4ac8-bc72-75a5fed68e5b/index.m3u8
TV,iptv-org News,CBS News Bay Area (720p),PARTIAL,"playlist OK, segment failed: HTTP Error 404: Not Found",0.7,https://cbsn-sf.cbsnstream.cbsnews.com/out/v1/dac63c1abb3f4a2dac9f508f44bb072a/master.m3u8
TV,iptv-org News,CBS News Boston (720p),PARTIAL,"playlist OK, segment failed: HTTP Error 404: Not Found",0.68,https://cbsn-bos.cbsnstream.cbsnews.com/out/v1/589d66ec6eb8434c96c28de0370d1326/master.m3u8
TV,iptv-org News,CBS News Chicago (720p),PARTIAL,"playlist OK, segment failed: HTTP Error 404: Not Found",0.75,https://cbsn-chi.cbsnstream.cbsnews.com/out/v1/b2fc0d5715d54908adf07f97d2616646/master.m3u8
TV,iptv-org News,CBS News Colorado (720p),PARTIAL,"playlist OK, segment failed: HTTP Error 404: Not Found",0.6,https://cbsn-den.cbsnstream.cbsnews.com/out/v1/2e49baf2906244ecb01b07d9885fbe7a/master.m3u8
TV,iptv-org News,CBS News Detroit (720p),PARTIAL,"playlist OK, segment failed: HTTP Error 404: Not Found",0.72,https://cbsn-det.cbsnstream.cbsnews.com/out/v1/169f5c001bc74fa7a179b19c20fea069/master.m3u8
TV,iptv-org News,CBS News Los Angeles (720p),PARTIAL,"playlist OK, segment failed: HTTP Error 404: Not Found",0.83,https://cbsn-la.cbsnstream.cbsnews.com/out/v1/57b6c4534a164accb6b1872b501e0028/master.m3u8
TV,iptv-org News,CBS News Miami (720p),OK,HLS playlist + segment reachable,0.44,https://cbsn-mia.cbsnstream.cbsnews.com/out/v1/ac174b7938264d24ae27e56f6584bca0/master.m3u8
TV,iptv-org News,CBS News Minnesota (720p),PARTIAL,"playlist OK, segment failed: HTTP Error 404: Not Found",0.67,https://cbsn-min.cbsnstream.cbsnews.com/out/v1/76518f06941246ba810c8d175600bf74/master.m3u8
TV,iptv-org News,CBS News New York (720p),PARTIAL,"playlist OK, segment failed: HTTP Error 404: Not Found",0.47,https://cbsn-ny.cbsnstream.cbsnews.com/out/v1/ec3897d58a9b45129a77d67aa247d136/master.m3u8
TV,iptv-org News,CBS News Philly (720p),PARTIAL,"playlist OK, segment failed: HTTP Error 404: Not Found",0.7,https://cbsn-phi.cbsnstream.cbsnews.com/out/v1/5c9ad3e215984b0e9ad845b335216b72/master.m3u8
TV,iptv-org News,CBS News Pittsburgh (720p),PARTIAL,"playlist OK, segment failed: HTTP Error 404: Not Found",0.57,https://cbsn-pit.cbsnstream.cbsnews.com/out/v1/6966dabf8150405ab26f854e3cd6a2b8/master.m3u8
TV,iptv-org News,CBS News Sacramento (720p),OK,HLS playlist + segment reachable,0.4,https://lineup.cbsivideo.com/playout/c1ed69db-6b71-4581-a937-a70ab4089f8a/index.m3u8
TV,iptv-org News,CCTV+ 1 (600p) [Not 24/7],OK,HLS playlist + segment reachable,1.83,https://cd-live-stream.news.cctvplus.com/live/smil:CHANNEL1.smil/playlist.m3u8
TV,iptv-org News,CCTV+ 2 (600p) [Not 24/7],OK,HLS playlist + segment reachable,0.96,https://cd-live-stream.news.cctvplus.com/live/smil:CHANNEL2.smil/playlist.m3u8
TV,iptv-org News,CCTV-13 (720p),UNVERIFIED,no route from test server (geo-lock/IPv6/timeout) - test on the TV box,10.01,http://74.91.26.218:82/live/cctv13hd.m3u8
TV,iptv-org News,CCTV-13 HD (1080p),FAIL,HTTP 521,2.39,http://go.bkpcp.top/mg/cctv13
TV,iptv-org News,CDNN 23 (1080p) [Not 24/7],UNVERIFIED,no route from test server (geo-lock/IPv6/timeout) - test on the TV box,6.05,https://cootv.cootel.com.ni:8095/Canal23_CooTel/playlist.m3u8
TV,iptv-org News,CEACOM TV (1080p) [Not 24/7],UNVERIFIED,no route from test server (geo-lock/IPv6/timeout) - test on the TV box,6.06,https://eu1.servers10.com:8081/ceacom/index.m3u8
TV,iptv-org News,CGTN (1080p),OK,HLS playlist + segment reachable,0.49,https://amg00405-rakutentv-cgtn-rakuten-i9tar.amagi.tv/master.m3u8
TV,iptv-org News,CGTN Arabic,OK,HLS playlist + segment reachable,0.56,https://dash3.antik.sk/live/test_cgtn_arb_tizen/playlist.m3u8
TV,iptv-org News,CGTN French (1080p),FAIL,HTTP 404,1.22,http://145.239.5.177/214/index.m3u8
TV,iptv-org News,CGTN Spanish (1080p),FAIL,HTTP 404,1.8,https://espanol-livews.cgtn.com/hls/LSveOGBaBw41Ea7ukkVAUdKQ220802LSTexu6xAuFH8VZNBLE1ZNEa220802cd/playlist.m3u8
TV,iptv-org News,Channel 5 (Ukraine) (1080p),OK,HLS playlist + segment reachable,0.32,http://stream.mcquack.net/291/index.m3u8
TV,iptv-org News,Channel8 (720p),OK,HLS playlist + segment reachable,0.87,https://live.channel8.com/Channel8-Kurdish/index.fmp4.m3u8
TV,iptv-org News,Channel 24 (Ukraine) (1080p),OK,HLS playlist + segment reachable,1.65,https://streamvideol1.luxnet.ua/news24/smil:news24.stream.smil/playlist.m3u8
TV,iptv-org News,Channel One (United States),FAIL,URLError: <urlopen error [SSL: CERTIFICATE_VERIFY_FAILED] certificate ,0.29,https://pemirateshls.persiana.live/hls/stream.m3u8
TV,iptv-org News,Channels 24,FAIL,HTTP 403,0.24,https://live20.bozztv.com/dvrfl06/astv/astv-channel24africa/index.m3u8
TV,iptv-org News,Channels TV,FAIL,HTTP 403,0.77,https://cs2.push2stream.com/CHANNELSTV-DVR/playlist.m3u8
TV,iptv-org News,Chardikla Gurbaani TV (1080p),OK,HLS playlist + segment reachable,0.32,https://chardikalatimestv.gigabitcdn.net/in-chardikala/chardikala-gurbani-tv/playlist.m3u8
TV,iptv-org News,Chardikla Time TV (1080p),OK,HLS playlist + segment reachable,0.36,https://chardikalagurbanitv.gigabitcdn.net/in-chardikala/chardikala-timetv/playlist.m3u8
TV,iptv-org News,Chardikla Time TV North America (1080p),OK,HLS playlist + segment reachable,0.32,https://chardikalanorthamerica.gigabitcdn.net/in-chardikala/chardikala-north-usa/playlist.m3u8
TV,iptv-org News,Cheddar News (1080p),OK,HLS playlist + segment reachable,0.27,https://hls.livecdn.io/cheddar.com/cheddar/playlist.m3u8
TV,iptv-org News,Cherniveckiy promin (720p),FAIL,URLError: <urlopen error [SSL: CERTIFICATE_VERIFY_FAILED] certificate ,1.01,https://langate.tv/promin/live_720/index.m3u8
TV,iptv-org News,Chifeng Comprehensive News Chanel,OK,HLS playlist + segment reachable,1.46,http://play1-qk.nmtv.cn/live/1735546697341033.m3u8
TV,iptv-org News,Cholusat Sur 36 (214p) [Not 24/7],FAIL,URLError: <urlopen error [Errno -3] Temporary failure in name resoluti,6.04,http://audiotvserver.net:1935/livemedia/cholusat/playlist.m3u8
TV,iptv-org News,ChP info (576p),UNVERIFIED,no route from test server (geo-lock/IPv6/timeout) - test on the TV box,10.17,http://edge3.iptv.macc.com.ua/life/magnolia_3/index.m3u8
TV,iptv-org News,Chuxiong News Channel [Not 24/7],OK,HLS playlist + segment reachable,4.29,http://hwapi.yntv.net/ew265l/848y54.m3u8
TV,iptv-org News,Chuzhou News Channel (1080p),UNVERIFIED,no route from test server (geo-lock/IPv6/timeout) - test on the TV box,10.3,http://live.cztv.cc:85/live/xwpd.m3u8
TV,iptv-org News,Citrico TV (480p) [Not 24/7],OK,HLS playlist + segment reachable,0.29,https://edge.essastream.com/citricotv/playlist.m3u8
TV,iptv-org News,City 41 (576p),UNVERIFIED,no route from test server (geo-lock/IPv6/timeout) - test on the TV box,10.01,http://163.61.227.29:8000/play/a02r/index.m3u8
TV,iptv-org News,CityNews Calgary (720p),OK,HLS playlist + segment reachable,0.25,https://citynewsregional.akamaized.net/hls/live/1024053/Regional_Live_8/master.m3u8
TV,iptv-org News,CityNews Edmonton,OK,HLS playlist + segment reachable,0.26,https://citynewsregional.akamaized.net/hls/live/1024053/Regional_Live_8/Video-2Mbps.m3u8
TV,iptv-org News,CityNews Toronto (720p),OK,HLS playlist + segment reachable,0.24,https://citynewsregional.akamaized.net/hls/live/1024052/Regional_Live_7/master.m3u8
TV,iptv-org News,CityNews Vancouver (720p),OK,HLS playlist + segment reachable,0.44,https://citynewsregional.akamaized.net/hls/live/1024054/Regional_Live_9/master.m3u8
TV,iptv-org News,CNA (Albania) (1080p),OK,HLS playlist + segment reachable,0.89,https://live1.mediadesk.al/cnatvlive.m3u8
TV,iptv-org News,CNA (Singapore) (1080p) [Geo-blocked],OK,HLS playlist + segment reachable,0.48,https://d2e1asnsl7br7b.cloudfront.net/7782e205e72f43aeb4a48ec97f66ebbe/index.m3u8
TV,iptv-org News,CNA International (576p),OK,HLS playlist + segment reachable,1.05,https://mumt05.tangotv.in/87NeALx2CNA/index.m3u8
TV,iptv-org News,CNBC Mongolia (720p),FAIL,HTTP 403,1.06,https://cdn4.skygo.mn/live/disk1/CNBC/HLSv3-FTA/CNBC.m3u8
TV,iptv-org News,CNBC UK (1080p),OK,HLS playlist + segment reachable,0.42,https://amg01079-nbcuuk-amg01079c2-samsung-gb-1258.playouts.now.amagi.tv/playlist.m3u8
TV,iptv-org News,CNews (1080p),OK,HLS playlist + segment reachable,0.18,https://raw.githubusercontent.com/Paradise-91/ParaTV/main/streams/canalplus/cnews-dm.m3u8
TV,iptv-org News,Cnews Bharat (720p),OK,HLS playlist + segment reachable,1.39,https://legitpro.co.in/cnews/cnews/index.fmp4.m3u8
TV,iptv-org News,CNEWS PRIME (1080p),OK,HLS playlist + segment reachable,0.14,https://raw.githubusercontent.com/Paradise-91/ParaTV/main/streams/canalplus/cnews-prime-dm.m3u8
TV,iptv-org News,CNN Prima News (1080p),UNVERIFIED,no route from test server (geo-lock/IPv6/timeout) - test on the TV box,10.01,http://88.212.15.19/live/test_cnn_pirma_news/playlist.m3u8
TV,iptv-org News,Conecta2TV (720p) [Not 24/7],OK,HLS playlist + segment reachable,0.39,https://live.obslivestream.com/conecta2/index.m3u8
TV,iptv-org News,Contivision (720p),OK,HLS playlist + segment reachable,1.0,https://unlimited6-cl.dps.live/cm/cm.smil/playlist.m3u8
TV,iptv-org News,Corfu Channel (720p),UNVERIFIED,no route from test server (geo-lock/IPv6/timeout) - test on the TV box,6.06,https://itv.streams.ovh:1936/corfuchannel/corfuchannel/playlist.m3u8
TV,iptv-org News,CP24 (720p),OK,HLS playlist + segment reachable,0.28,http://107.167.16.138/cp24/index.m3u8?token=test
TV,iptv-org News,CRTV News,UNVERIFIED,no route from test server (geo-lock/IPv6/timeout) - test on the TV box,6.06,https://live1.acangroup.org:1929/publiclive/crtv_news/playlist.m3u8
TV,iptv-org News,CT24 (1080p),UNVERIFIED,no route from test server (geo-lock/IPv6/timeout) - test on the TV box,10.01,http://88.212.15.19/live/test_ct24_hevc/playlist.m3u8
TV,iptv-org News,CTS News [Geo-blocked],FAIL,URLError: <urlopen error [Errno -2] Name or service not known>,0.23,http://seb.sason.top/sc/hsxw_fhd.m3u8
TV,iptv-org News,CTVN AKD Plus (1080p),OK,HLS playlist + segment reachable,1.32,https://live.legitpro.co.in/ctvnakdplus/index.m3u8
TV,iptv-org News,CVR English (720p),OK,HLS playlist + segment reachable,0.84,https://cdn.pishow.tv/ott/live/425/master.m3u8
TV,iptv-org News,CVR News (576p),OK,HLS playlist + segment reachable,1.04,https://mumbai-edge.smartplaytv.in/CVRNews/index.m3u8
TV,iptv-org News,Dabanga TV (1080p),OK,HLS playlist + segment reachable,0.2,https://hls.dabangasudan.org/hls/stream.m3u8
TV,iptv-org News,Daily Post TV (1080p),OK,HLS playlist + segment reachable,0.96,https://vglivessai.akamaized.net/sg/v1/master/611d79b11b77e2f571934fd80ca1413453772ac7/103b8dd3-a888-4d1d-89a5-8a4bc25e48c1/index.m3u8
TV,iptv-org News,DBC News (480p),UNVERIFIED,no route from test server (geo-lock/IPv6/timeout) - test on the TV box,10.04,http://tvn3.chowdhury-shaheb.com/dbc/index.m3u8
TV,iptv-org News,DD Mizoram (504p),OK,HLS playlist + segment reachable,0.44,https://d2lk5u59tns74c.cloudfront.net/out/v1/eea48c6b61074052a2fa8532ff795ff1/index.m3u8
TV,iptv-org News,DD News (1080p),OK,HLS playlist + segment reachable,1.25,https://mumbai-edge.smartplaytv.in/DDNews/index.m3u8
TV,iptv-org News,DD News HD (1080p),OK,HLS playlist + segment reachable,0.57,https://d3qs3d2rkhfqrt.cloudfront.net/out/v1/0811cd8c37ca4c409d5385a6cd2fa18b/index.m3u8
TV,iptv-org News,De Ultimo Minuto TV,UNVERIFIED,no route from test server (geo-lock/IPv6/timeout) - test on the TV box,6.05,https://soportedvb.click:3620/live/deultimominutomedialive.m3u8
TV,iptv-org News,DHA (720p) [Not 24/7],OK,HLS playlist + segment reachable,0.71,https://603c568fccdf5.streamlock.net/live/dhaweb1_C5efC/playlist.m3u8
TV,iptv-org News,Di TV (1080p),OK,HLS playlist + segment reachable,0.98,https://cdn0-03837-liveedge0.dna.ip-only.net/03837-liveedge0/smil:03837-tx4/playlist.m3u8
TV,iptv-org News,Didgah TV (576p),UNVERIFIED,no route from test server (geo-lock/IPv6/timeout) - test on the TV box,6.06,https://media.streambrothers.com:1936/8276/8276/playlist.m3u8
TV,iptv-org News,Digi 24 (720p),OK,HLS playlist + segment reachable,0.87,https://edge-ar.rcs-rds.ro/digi24ar/index.m3u8
TV,iptv-org News,Dijlah TV (1080p),OK,HLS playlist + segment reachable,0.6,https://ghaasiflu.online/Dijlah/index.m3u8
TV,iptv-org News,DNews (720p),UNVERIFIED,no route from test server (geo-lock/IPv6/timeout) - test on the TV box,10.01,http://38.19.16.151:8000/play/a0a3
TV,iptv-org News,Donbass Online (1080p) [Not 24/7],UNVERIFIED,no route from test server (geo-lock/IPv6/timeout) - test on the TV box,10.01,http://176.110.1.30:1935/live/donbasonline/playlist.m3u8
TV,iptv-org News,Dong Nai TV 1 (720p),UNVERIFIED,no route from test server (geo-lock/IPv6/timeout) - test on the TV box,7.81,https://vtvgolive-ott3.vtvdigital.vn/live/dongnai1tv/chunklist_2.m3u8
TV,iptv-org News,Dotto TV (1080p),OK,HLS playlist + segment reachable,0.97,https://live.dottotv.ro/index.m3u8
TV,iptv-org News,Dunya News (720p) [Not 24/7],OK,HLS playlist + segment reachable,2.62,https://imob.dunyanews.tv/livehd/ngrp:dunyalivehd_2_all/playlist.m3u8
TV,iptv-org News,Dunya News UK (720p) [Not 24/7],OK,HLS playlist + segment reachable,0.84,https://ukintl.dunyanews.tv/liveuk/ngrp:dunyalive_all/playlist.m3u8
TV,iptv-org News,DVB TV (720p) [Geo-blocked],OK,HLS playlist + segment reachable,0.82,https://live-stream.dvb.no/hls/stream_src/index.m3u8
TV,iptv-org News,DW Arabic (1080p),OK,HLS playlist + segment reachable,0.35,https://dwamdstream103.akamaized.net/hls/live/2015526/dwstream103/master.m3u8
TV,iptv-org News,DW English (1080p),OK,HLS playlist + segment reachable,0.31,https://amg01644-amg01644c1-amgplt0343.playout.now3.amagi.tv/ts-eu-w1-n2/playlist/amg01644-amg01644c1-amgplt0343/playlist.m3u8
TV,iptv-org News,DW Espanol (1080p),OK,HLS playlist + segment reachable,0.47,https://dwamdstream104.akamaized.net/hls/live/2015530/dwstream104/master.m3u8
TV,iptv-org News,DY 365 (360p),FAIL,HTTP 403,1.42,https://cdn.smartstream.video/smartstream-us/dy365/dy365/playlist.m3u8
TV,iptv-org News,E! Latin America (1080p),UNVERIFIED,no route from test server (geo-lock/IPv6/timeout) - test on the TV box,10.15,http://bantel-cdn1.iptvperu.tv:1935/btnscrtn/entertainment.stream/playlist.m3u8
TV,iptv-org News,E! Latin America Mexico (720p),UNVERIFIED,no route from test server (geo-lock/IPv6/timeout) - test on the TV box,10.01,http://72.1.184.5:8089/play/a05d/index.m3u8
TV,iptv-org News,e.tv News & Sport (720p),UNVERIFIED,no route from test server (geo-lock/IPv6/timeout) - test on the TV box,3.05,https://origin2.afxp.telemedia.co.za/abr_kapang/enterepreneur/playlist.m3u8
TV,iptv-org News,EAC News TV,OK,HLS playlist + segment reachable,0.79,https://live.eac-news.com/LiveApp/streams/eacnews.m3u8
TV,iptv-org News,Eagle News (1080p),FAIL,HTTP 403,0.85,https://cdn4.skygo.mn/live/disk1/Eagle/DASH-FTA/Eagle.mpd
TV,iptv-org News,EBC Financial News (1080p) [Not 24/7],FAIL,URLError: <urlopen error [Errno -2] Name or service not known>,0.15,http://seb.sason.top/sc/dscjxw_fhd.m3u8
TV,iptv-org News,EBC News (1080p) [Not 24/7],FAIL,URLError: <urlopen error [Errno -2] Name or service not known>,0.25,http://seb.sason.top/sc/dsxw_fhd.m3u8
TV,iptv-org News,Ecotel TV (720p),UNVERIFIED,no route from test server (geo-lock/IPv6/timeout) - test on the TV box,6.05,https://ecoteltv.streamseguro.com:5443/LiveApp/streams/streaming.m3u8
TV,iptv-org News,Egnatia TV (576p),UNVERIFIED,no route from test server (geo-lock/IPv6/timeout) - test on the TV box,6.06,https://video.streams.ovh:1936/egnatiatv/egnatiatv/index.m3u8
TV,iptv-org News,Ekamra Bharat Odia (400p),OK,HLS playlist + segment reachable,1.09,https://live.ekamraott.com/bharat/bharat/index.m3u8
TV,iptv-org News,Ekoturk (720p),OK,HLS playlist + segment reachable,0.59,https://cdn.ekoturk.net/hls/master.m3u8
TV,iptv-org News,Ekushey TV (480p),UNVERIFIED,no route from test server (geo-lock/IPv6/timeout) - test on the TV box,10.17,https://ekusheyserver.com/etvlivesn.m3u8
TV,iptv-org News,El Centro TV (720p),OK,HLS playlist + segment reachable,0.53,https://v1.tustreaming.cl/diarioelcentrotv/index.m3u8
TV,iptv-org News,El Nuevo Diario TV (480p),FAIL,HTTP 404,0.33,https://nuevodiario01.streamprolive.com/hls/live.m3u8
TV,iptv-org News,El Pinguino TV (720p),OK,HLS playlist + segment reachable,1.86,https://redirector.dps.live/hls/pinguinotv/playlist.m3u8
TV,iptv-org News,Entertainment Tonight (1080p),OK,HLS playlist + segment reachable,0.29,https://enterbcef94b.airspace-cdn.cbsivideo.com/master.m3u8
TV,iptv-org News,Erbol (720p),FAIL,returned HTML page (geo-block / dead),2.97,https://twitch-m3u8.bastypro112.workers.dev/erboldigital/index.m3u8
TV,iptv-org News,ERT News HD (1080p),OK,HLS playlist + segment reachable,1.18,https://ert-ucdn.broadpeak-aas.com/bpk-tv/ERTNews/default/index.m3u8
TV,iptv-org News,Espace TV (1080p),OK,HLS playlist + segment reachable,1.16,https://edge11.vedge.infomaniak.com/livecast/ik:espacetv/manifest.m3u8
TV,iptv-org News,ESPNews (720p),OK,HLS playlist + segment reachable,0.42,http://41.205.93.154/ESPNNEWS/index.m3u8
TV,iptv-org News,Espreso TV (1080p),PARTIAL,"playlist OK, segment failed: <urlopen error [Errno 104] Connection reset by peer>",1.41,https://api-tv.ipnet.ua/api/v1/manifest/2118742594.m3u8
TV,iptv-org News,Estrella News (1080p),OK,HLS playlist + segment reachable,0.32,https://estrella-news-oando.amagi.tv/playlist.m3u8
TV,iptv-org News,Etna Espresso Channel (720p),OK,HLS playlist + segment reachable,0.63,https://5db313b643fd8.streamlock.net/Etnachannelponte/Etnachannelponte/playlist.m3u8
TV,iptv-org News,ETV (Mongolia) (1080p),FAIL,HTTP 403,1.18,https://cdn4.skygo.mn/live/disk1/ETV/DASH-FTA/ETV.mpd
TV,iptv-org News,ETV Andhra Pradesh (1080p),UNVERIFIED,no route from test server (geo-lock/IPv6/timeout) - test on the TV box,0.07,https://d1g35elx8qnif3.cloudfront.net/v1/master/9d43eacaed199f8d5883927e7aef514a8a08e108/ETV_AP_H264_cloud_in/index.m3u8
TV,iptv-org News,eTv Marche (720p),OK,HLS playlist + segment reachable,0.9,https://live.ipstream.it/etvmarche/etvmarche.stream/playlist.m3u8
TV,iptv-org News,ETV News (1080p),OK,HLS playlist + segment reachable,0.65,https://cc-3448kp65yhc5w.akamaized.net/WWBI/Amagi/ETV_News_IN/playlist.m3u8
TV,iptv-org News,eTv Rete 7 (720p),OK,HLS playlist + segment reachable,0.91,https://live.ipstream.it/etv/etv.stream/playlist.m3u8
TV,iptv-org News,ETV Telangana (1080p),UNVERIFIED,no route from test server (geo-lock/IPv6/timeout) - test on the TV box,0.13,https://d37d7pfp7vjqhh.cloudfront.net/v1/master/9d43eacaed199f8d5883927e7aef514a8a08e108/ETV_TS_H264_cloud_in/index.m3u8
TV,iptv-org News,Euro TV (Greece) (432p),OK,HLS playlist + segment reachable,0.25,https://lbgo.bozztv.com/ssh101/ssh101/eurotvlive/playlist.m3u8
TV,iptv-org News,Euronews (720p),OK,HLS playlist + segment reachable,0.58,https://cdn-euronews.akamaized.net/live/eds/euronews-pl/26382/index.m3u8
TV,iptv-org News,Euronews Bulgaria,UNVERIFIED,no route from test server (geo-lock/IPv6/timeout) - test on the TV box,10.01,http://213.91.179.28:8000/play/a05e
TV,iptv-org News,Euronews English (720p),FAIL,HTTP 403,0.95,https://jmp2.uk/plu-61de96114757070008d33cae.m3u8
TV,iptv-org News,Euronews English HD,OK,HLS playlist + segment reachable,0.57,https://dash4.antik.sk/live/test_euronews/playlist.m3u8
TV,iptv-org News,Euronews French (720p),OK,HLS playlist + segment reachable,0.4,https://2f6c5bf4.wurl.com/master/f36d25e7e52f1ba8d7e56eb859c636563214f541/UmxheHhUVi1ldV9FdXJvbmV3c0ZyYW5jYWlzX0hMUw/playlist.m3u8
TV,iptv-org News,Euronews Georgia,OK,video/mpeg,0.45,http://nue01-edge01.itdc.ge/euronewsgeorgia/mpegts
TV,iptv-org News,Euronews German (720p),FAIL,HTTP 403,0.96,https://jmp2.uk/plu-6639d7d4b18d700008da5316.m3u8
TV,iptv-org News,Euronews Greek (720p),OK,HLS playlist + segment reachable,0.41,https://cdn-euronews.akamaized.net/live/eds/euronews-el/25068/index.m3u8
TV,iptv-org News,Euronews Hungarian (720p),OK,HLS playlist + segment reachable,0.26,https://cdn-euronews.akamaized.net/live/eds/euronews-hu/25075/index.m3u8
TV,iptv-org News,Euronews Italian (720p),OK,HLS playlist + segment reachable,0.5,https://acb6ca89.wurl.com/master/f36d25e7e52f1ba8d7e56eb859c636563214f541/UmxheHhUVi1ldV9FdXJvbmV3c0l0YWxpYW5vX0hMUw/playlist.m3u8
TV,iptv-org News,Euronews Portuguese (720p),FAIL,HTTP 403,0.93,https://jmp2.uk/plu-619e6614c9d9650007a2b171.m3u8
TV,iptv-org News,Euronews Romania,FAIL,returned HTML page (geo-block / dead),0.66,https://thor1.syndula1.cfd/ernews/usergenx6vkj8aqrnd.m3u8
TV,iptv-org News,Euronews Spanish (1080p),UNVERIFIED,no route from test server (geo-lock/IPv6/timeout) - test on the TV box,10.25,https://cdn1tlinkgo.tlink.cl/euronews/index.m3u8
TV,iptv-org News,Exitosa TV (1080p),OK,HLS playlist + segment reachable,0.31,http://190.93.224.42/EXITOSA/index.m3u8
TV,iptv-org News,Expressen TV (1080p),OK,HLS playlist + segment reachable,0.99,https://cdn0-03837-liveedge0.dna.ip-only.net/03837-liveedge0/smil:03837-tx2/playlist.m3u8
TV,iptv-org News,Extra ProNews (576p),UNVERIFIED,no route from test server (geo-lock/IPv6/timeout) - test on the TV box,10.01,http://62.1.176.18:8888/extra/index.m3u8
TV,iptv-org News,Filinfo TV (1080p),OK,HLS playlist + segment reachable,0.32,https://d2iqjnqfr8pv3b.cloudfront.net/out/v1/d09d2fc718404cd8bccd3eba2444dd70/index.m3u8
TV,iptv-org News,Finans Turk TV (720p),OK,HLS playlist + segment reachable,0.22,https://yayin30.haber100.com/live/finansturk/playlist.m3u8
TV,iptv-org News,First Channel News (1080p),OK,HLS playlist + segment reachable,0.31,https://amtvusdvr.tulix.tv/am3abr/index.m3u8
TV,iptv-org News,First India News (576p),OK,HLS playlist + segment reachable,1.22,https://mumt03.tangotv.in/Dsly5z3H1STINDIANEWS/index.m3u8
TV,iptv-org News,Flash Haber TV,OK,HLS playlist + segment reachable,3.0,https://b01c02nl.mediatriple.net/videoonlylive/mtyycglqauzjhlive/broadcast_67c053c48829f.smil/playlist.m3u8
TV,iptv-org News,For You TV,UNVERIFIED,no route from test server (geo-lock/IPv6/timeout) - test on the TV box,6.06,https://stream.az-multimedia.com:3325/live/foryoutvlive.m3u8
TV,iptv-org News,Formula (1080p),OK,HLS playlist + segment reachable,0.71,https://c4635.cdn.xsg.ge/c4635/TVFormula/index.m3u8
TV,iptv-org News,Fox News Channel (720p),UNVERIFIED,no route from test server (geo-lock/IPv6/timeout) - test on the TV box,10.01,http://138.121.15.230:9002/FOX-NEWS/index.m3u8
TV,iptv-org News,Fox News Radio (720p),OK,HLS playlist + segment reachable,0.26,https://radiovid.foxnews.com/hls/live/661547/RADIOVID/index.m3u8
TV,iptv-org News,France 24 (1080p),OK,HLS playlist + segment reachable,0.71,https://live.france24.com/hls/live/2037179-b/F24_FR_HI_HLS/master_5000.m3u8
TV,iptv-org News,France 24 Arabic (1080p),OK,HLS playlist + segment reachable,0.4,https://live.france24.com/hls/live/2037222-b/F24_AR_HI_HLS/master_5000.m3u8
TV,iptv-org News,France 24 English (1080p),OK,HLS playlist + segment reachable,0.44,https://live.france24.com/hls/live/2037218-b/F24_EN_HI_HLS/master_5000.m3u8
TV,iptv-org News,France 24 English HD (1080p),UNVERIFIED,no route from test server (geo-lock/IPv6/timeout) - test on the TV box,10.03,http://nmk.ioapk.com:5050/4gtv-live146/index.m3u8
TV,iptv-org News,France 24 Spanish (1080p),OK,HLS playlist + segment reachable,0.76,https://live.france24.com/hls/live/2037220-b/F24_ES_HI_HLS/master_5000.m3u8
TV,iptv-org News,Free Speech TV (720p),OK,HLS playlist + segment reachable,0.24,https://na.linear.zype.com/f2f02a72-71d0-45f3-829f-4ae51f721102/86ef0177-697d-41c4-be57-c4d1a2b83cad-hls4/live.m3u8
TV,iptv-org News,Fresh News,UNVERIFIED,no route from test server (geo-lock/IPv6/timeout) - test on the TV box,10.07,http://streaming-android.freshnewsasia.tv:1935/live/ngrp:myStream_all/playlist.m3u8
TV,iptv-org News,FTV Taiwan (720p) [Not 24/7],FAIL,URLError: <urlopen error [Errno -2] Name or service not known>,0.17,http://seb.sason.top/ptv/ftv.php?id=tw
TV,iptv-org News,FuegoTV (1080p),UNVERIFIED,no route from test server (geo-lock/IPv6/timeout) - test on the TV box,10.01,http://bantel-cdn1.iptvperu.tv:1935/btnscrtn/fuegotv.stream/playlist.m3u8
TV,iptv-org News,GB News (1080p),OK,HLS playlist + segment reachable,0.3,https://amg01076-lightningintern-gbnewsau-samsungau-et7fz.amagi.tv/playlist/amg01076-lightningintern-gbnewsau-samsungau/playlist.m3u8
TV,iptv-org News,GB News HD (2160p),OK,HLS playlist + segment reachable,0.89,https://xemzi.short.gy/1000017
TV,iptv-org News,Giornale Radio TV (720p),OK,HLS playlist + segment reachable,0.44,https://5f204aff97bee.streamlock.net/GR_tv/livestream/playlist.m3u8
TV,iptv-org News,GIT (720p),FAIL,URLError: <urlopen error [SSL: CERTIFICATE_VERIFY_FAILED] certificate ,0.64,https://stream.uagit.tv/gittv.m3u8
TV,iptv-org News,Global Punjab (1080p),OK,HLS playlist + segment reachable,1.25,https://server.livelegitpro.in/globalpunjab/globalpunjab/index.m3u8
TV,iptv-org News,GloboNews (720p),UNVERIFIED,no route from test server (geo-lock/IPv6/timeout) - test on the TV box,10.01,http://177.52.24.163/GLOBO-NEWS-HD/index.m3u8
TV,iptv-org News,GNT (1080p),UNVERIFIED,no route from test server (geo-lock/IPv6/timeout) - test on the TV box,10.01,http://170.82.202.31/GNT/index.m3u8
TV,iptv-org News,Good News Today (720p),OK,HLS playlist + segment reachable,0.97,https://aajtaklive.vgcdn.net/v1/master/611d79b11b77e2f571934fd80ca1413453772ac7/3196cced-ce29-4219-9809-f07ccdaa02b9/vglive-sk-848805/master.m3u8
TV,iptv-org News,GS TV (576p),OK,HLS playlist + segment reachable,1.06,https://mumt05.tangotv.in/87NeALx2GSTV/index.m3u8
TV,iptv-org News,GTC News (1080p),OK,HLS playlist + segment reachable,0.67,https://vglivessai.akamaized.net/sg/v1/master/611d79b11b77e2f571934fd80ca1413453772ac7/921cca59-daee-4f89-8c38-7ffe8de44f4c/index.m3u8
TV,iptv-org News,Guarantee News (1080p),UNVERIFIED,no route from test server (geo-lock/IPv6/timeout) - test on the TV box,6.06,https://guaranteenews.in:8443/live/gnews/index.m3u8
TV,iptv-org News,Guardian Talk Radio (1080p),PARTIAL,"playlist OK, segment failed: HTTP Error 403: Forbidden",0.26,https://cdn-edge1.streamcomedia.com/abr_tngr969fm/abr-tngr969fm_streams/playlist.m3u8
TV,iptv-org News,Guatevision (720p),OK,HLS playlist + segment reachable,0.78,https://mdstrm.com/live-stream-playlist/69f8df22a762c9b1ab3eabca.m3u8
TV,iptv-org News,Gugbang TV (1080p) [Not 24/7],UNVERIFIED,no route from test server (geo-lock/IPv6/timeout) - test on the TV box,10.02,http://mediaworks.dema.mil.kr:1935/live_edge/cudo.sdp/playlist.m3u8
TV,iptv-org News,Gujarat First (576p),OK,HLS playlist + segment reachable,1.02,https://mumt03.tangotv.in/Dsly5z3HGUJARATFIRST/index.m3u8
TV,iptv-org News,Guneydogu TV (720p),PARTIAL,"playlist OK, segment failed: HTTP Error 403: Forbidden",1.17,https://edge1.socialsmart.tv/gtv/bant1/playlist.m3u8
TV,iptv-org News,Haber61 TV (720p) [Not 24/7],OK,HLS playlist + segment reachable,0.56,https://cdn-haber61tv.yayin.com.tr/haber61tv/smil:haber61tv.smil/index.m3u8
TV,iptv-org News,Haber Global (720p) [Not 24/7],OK,HLS playlist + segment reachable,0.46,https://tv.ensonhaber.com/haberglobal/haberglobal.m3u8
TV,iptv-org News,Haberturk TV (720p) [Not 24/7],OK,HLS playlist + segment reachable,0.38,https://tv.ensonhaber.com/haberturk/haberturk.m3u8
TV,iptv-org News,Haiti News Channel (1080p) [Not 24/7],OK,HLS playlist + segment reachable,0.55,https://cdn.haititivi.com/website/haitinews/index.m3u8
TV,iptv-org News,Halab Today TV (1080p),OK,HLS playlist + segment reachable,0.67,https://halabtoday-live.lg.mncdn.com/halabtoday/livestream/playlist.m3u8
TV,iptv-org News,Halk TV SD (1080p),OK,HLS playlist + segment reachable,0.77,https://halktv-live.daioncdn.net/halktv/halktv.m3u8
TV,iptv-org News,Hamdard TV (1080p),OK,HLS playlist + segment reachable,1.32,https://tv.hamdardtv.com/hamdard/index.m3u8
TV,iptv-org News,Harbin Comprehensive News Channel,OK,HLS playlist + segment reachable,1.3,https://stream.hrbtv.net/xwzh/playlist.m3u8?_upt=ef41dd531755913594
TV,iptv-org News,HC2 TV,UNVERIFIED,no route from test server (geo-lock/IPv6/timeout) - test on the TV box,10.28,https://stream.hc2tv.bj/2/live/stream.m3u8
TV,iptv-org News,HCH (720p),OK,HLS playlist + segment reachable,0.54,https://live.streamhch.com/live/streams/hch1.m3u8
TV,iptv-org News,Headlines Tripura (720p),OK,HLS playlist + segment reachable,1.31,https://distro.ottlive.co.in/headlinestripura/headlinestripura/index.m3u8
TV,iptv-org News,Hebi News Channel (480p) [Not 24/7],FAIL,HTTP 502,1.11,http://pili-live-hls.hebitv.com/hebi/hebi.m3u8
TV,iptv-org News,Hermanas Mirabal TV (720p) [Not 24/7],UNVERIFIED,no route from test server (geo-lock/IPv6/timeout) - test on the TV box,6.05,https://fox.hostlagarto.com:8081/hmtv/index.m3u8
TV,iptv-org News,High News (480p),OK,HLS playlist + segment reachable,0.64,https://highmedia.livebox.co.in/HIGHNEWShls/LIVE.m3u8
TV,iptv-org News,Hindi Khabar (1080p),OK,HLS playlist + segment reachable,0.76,https://stream.ottlive.co.in/hindikhabar/index.m3u8
TV,iptv-org News,Hispan TV,FAIL,URLError: <urlopen error [SSL: CERTIFICATE_VERIFY_FAILED] certificate ,1.86,https://cdnlive.presstv.ir/live/smil:live.smil/playlist.m3u8
TV,iptv-org News,HLN Live (720p),FAIL,HTTP 400,0.28,https://dpg-eventstreams.akamaized.net/hlnlivesrt-xmr/streamx/hlnlivesrt_720p.m3u8
TV,iptv-org News,HMTV (720p),OK,HLS playlist + segment reachable,0.84,https://cdn.pishow.tv/ott/live/280/master.m3u8
TV,iptv-org News,HNN 24x7 (576p),UNVERIFIED,no route from test server (geo-lock/IPv6/timeout) - test on the TV box,6.06,https://ott.livelegitpro.in:9899/hnnnews/hnnnews/index.m3u8
TV,iptv-org News,HollyWire (720p),OK,HLS playlist + segment reachable,0.23,https://bozztv.com/hwotta/playlist/playlist.m3u8
TV,iptv-org News,Hornbill TV (576p),OK,HLS playlist + segment reachable,1.03,https://mumt01.tangotv.in/O5aw8Zn3HORNBILLTV/index.m3u8
TV,iptv-org News,HRT 4 HD (720p) [Geo-blocked],UNVERIFIED,no route from test server (geo-lock/IPv6/timeout) - test on the TV box,11.0,https://bpcdnmanprod.nexttv.ht.hr/bpk-tv/HRT4/default/index.mpd
TV,iptv-org News,HTV9 (720p),OK,HLS playlist + segment reachable,3.21,https://dethich.pw/htv9/index.m3u8
TV,iptv-org News,Hum News,UNVERIFIED,no route from test server (geo-lock/IPv6/timeout) - test on the TV box,10.01,http://103.86.135.164:9981/stream/channelid/2024790699?profile=pass&ticket=CAC87CD3CF8747A13FB03B91C9BE860F93CD615C
TV,iptv-org News,Huma Betang TV (720p) [Not 24/7],FAIL,HTTP 404,0.96,https://v3.siar.us/humabetangtv/live/playlist.m3u8
TV,iptv-org News,Hunan News Channel [Geo-blocked],UNVERIFIED,no route from test server (geo-lock/IPv6/timeout) - test on the TV box,10.65,http://35848.hlsplay.aodianyun.com/guangdianyun_35848/tv_channel_346.m3u8
TV,iptv-org News,i24NEWS English World (1080p),OK,HLS playlist + segment reachable,0.61,https://i24newsenglish-cdn.encoders.immergo.tv/master.m3u8
TV,iptv-org News,I News (1080p),OK,HLS playlist + segment reachable,0.51,https://live.i-news.tv/hls/stream.m3u8
TV,iptv-org News,I-UA.tv (1080p),FAIL,HTTP 404,0.58,https://kie2.cdn.i-ua.tv/hlsme/iuatv.m3u8
TV,iptv-org News,IBC 24 (576p),OK,HLS playlist + segment reachable,1.05,https://mumt05.tangotv.in/87NeALx2IBC24/index.m3u8
TV,iptv-org News,Ici RDI (720p),OK,HLS playlist + segment reachable,0.3,https://rcavlive.akamaized.net/hls/live/704025/xcanrdi/master.m3u8
TV,iptv-org News,ICN Digital,OK,HLS playlist + segment reachable,0.18,https://streaming.icndigital.com/live_output/icn_live_stream_1.m3u8
TV,iptv-org News,ICONE TV,UNVERIFIED,no route from test server (geo-lock/IPv6/timeout) - test on the TV box,10.24,https://lecteur.iconetv.bj/hls/stream.m3u8
TV,iptv-org News,India Ahead (576p),OK,HLS playlist + segment reachable,1.03,https://mumt05.tangotv.in/87NeALx2INDIAAHEAD/index.m3u8
TV,iptv-org News,India Daily Live (1080p),OK,HLS playlist + segment reachable,0.97,https://indiadaily.ottlive.co.in/indiadailylive/index.m3u8
TV,iptv-org News,India Today (720p),OK,HLS playlist + segment reachable,0.24,https://d1rc86nwwc9fag.cloudfront.net/vglive-sk-293160/master.m3u8
TV,iptv-org News,India TV (720p),OK,HLS playlist + segment reachable,0.46,https://pl-indiatvnews.akamaized.net/out/v1/db79179b608641ceaa5a4d0dd0dca8da/index.m3u8
TV,iptv-org News,India TV Speed News (1080p),OK,HLS playlist + segment reachable,1.06,https://cc-lyf4c0hwzg5dd.akamaized.net/v1/master/3722c60a815c199d9c0ef36c5b73da68a62b09d1/cc-lyf4c0hwzg5dd/v1/vglive-sk-479089/main.m3u8
TV,iptv-org News,India Voice (576p),OK,HLS playlist + segment reachable,0.4,https://d1msejlow1t3l4.cloudfront.net/fta/indiavoice/playlist.m3u8
TV,iptv-org News,INews (720p),OK,HLS playlist + segment reachable,1.12,https://cdn.pishow.tv/ott/live/411/master.m3u8
TV,iptv-org News,iNews HD (720p),FAIL,HTTP 404,0.22,https://mncmedia.malingtv.workers.dev/inews.m3u8
TV,iptv-org News,Informatia TV,PARTIAL,"playlist OK, segment failed: <urlopen error Tunnel connection failed: 502 Bad Gateway>",1.32,https://informatia.streamnet.ro/mobile_tv/informatiatv.m3u8
TV,iptv-org News,InfoWars (1080p),UNVERIFIED,no route from test server (geo-lock/IPv6/timeout) - test on the TV box,0.28,https://freespeech.akamaized.net/hls/live/2016712/live1/playlist.m3u8
TV,iptv-org News,INH 24x7 (396p),OK,HLS playlist + segment reachable,0.43,https://d1msejlow1t3l4.cloudfront.net/fta/inh24x7/playlist.m3u8
TV,iptv-org News,IP Noticias (720p),FAIL,returned HTML page (geo-block / dead),3.12,https://twitch-m3u8.bastypro112.workers.dev/argentina_12tw/index.m3u8
TV,iptv-org News,Iran International (1080p),OK,HLS playlist + segment reachable,0.43,https://hlspackager.akamaized.net/live/DB/IRAN_INTERNATIONAL/HLS/IRAN_INTERNATIONAL.m3u8
TV,iptv-org News,Iran Press,FAIL,URLError: <urlopen error [SSL: CERTIFICATE_VERIFY_FAILED] certificate ,0.7,https://live.presstv.ir/hls/presstv_5_482/index.m3u8
TV,iptv-org News,IraneFarda TV,OK,HLS playlist + segment reachable,0.41,https://iranefardalive.com/stream/live.m3u8
TV,iptv-org News,IRINN 2,UNVERIFIED,no route from test server (geo-lock/IPv6/timeout) - test on the TV box,10.26,https://ncdn.telewebion.ir/irinn2/live/playlist.m3u8
TV,iptv-org News,IRINN (576p),OK,HLS playlist + segment reachable,0.26,http://185.9.2.18/chid_926/index.m3u8
TV,iptv-org News,J3NEWS TV,OK,HLS playlist + segment reachable,0.81,https://video01.brascast.com/d92ebb4f/d92ebb4f/playlist.m3u8
TV,iptv-org News,Jai Maharashtra (576p),OK,HLS playlist + segment reachable,0.46,https://d1msejlow1t3l4.cloudfront.net/fta/jaimaharashtra/playlist.m3u8
TV,iptv-org News,Janam TV (576p),OK,HLS playlist + segment reachable,1.24,https://mumt03.tangotv.in/Dsly5z3HJANAMTV/index.m3u8
TV,iptv-org News,Janta TV (1080p),OK,HLS playlist + segment reachable,0.49,https://live.jswk.online/IK_RTPM/live/index.m3u8
TV,iptv-org News,Jantantra TV (576p),OK,HLS playlist + segment reachable,1.23,https://mumt05.tangotv.in/87NeALx2JANTANTRA/index.m3u8
TV,iptv-org News,Jiuquan TV News Comprehensive Channel (576p),UNVERIFIED,no route from test server (geo-lock/IPv6/timeout) - test on the TV box,10.01,http://117.156.28.119/270000001111/1110000001/index.m3u8
TV,iptv-org News,JKN 18 (1080p),FAIL,HTTP 403,1.48,https://lb1-live-mv.v2h-cdn.com/hls/ffda/jkn18/jkn18.m3u8
TV,iptv-org News,Jovem Pan News (720p),UNVERIFIED,no route from test server (geo-lock/IPv6/timeout) - test on the TV box,10.01,http://170.83.49.66:8083/JOVEMPANNEWSHD/index.m3u8
TV,iptv-org News,K News India (720p),FAIL,HTTP 400,1.27,https://legitpro.co.in/knews/index.m3u8
TV,iptv-org News,Kadak (1080p),OK,HLS playlist + segment reachable,0.54,https://n18syndication.akamaized.net/bpk-tv/Kadak_NW18_MOB/output01/master.m3u8
TV,iptv-org News,Kairali News (720p),OK,HLS playlist + segment reachable,1.06,https://cdn.pishow.tv/ott/live/1469/master.m3u8
TV,iptv-org News,Kalinga TV (720p),OK,HLS playlist + segment reachable,1.04,https://server.thelegitpro.in/kalingatv/kalingatv/index.m3u8
TV,iptv-org News,Kanak News (576p),UNVERIFIED,no route from test server (geo-lock/IPv6/timeout) - test on the TV box,10.82,https://mumbai-edge.smartplaytv.in/kanaknews/index.m3u8
TV,iptv-org News,Kapaz TV,UNVERIFIED,no route from test server (geo-lock/IPv6/timeout) - test on the TV box,10.01,http://85.132.78.122:8050/hls/stream/index.m3u8
TV,iptv-org News,Kashish News (720p),OK,HLS playlist + segment reachable,1.04,https://server.thelegitpro.in/kashishnews/kashishnews/index.m3u8
TV,iptv-org News,KBC News (1080p),OK,HLS playlist + segment reachable,1.62,https://stream.ottlive.co.in/kbcnews/index.m3u8
TV,iptv-org News,KBP Times (1080p),OK,HLS playlist + segment reachable,1.4,https://kbpnews.cloud/Kbptimes/Kbptimeslive/video.m3u8
TV,iptv-org News,Khabar Fast (576p),OK,HLS playlist + segment reachable,1.05,https://mumt04.tangotv.in/m18aqlK4KHABARFAST/index.m3u8
TV,iptv-org News,Khabrain Abhi Tak (576p),OK,HLS playlist + segment reachable,1.05,https://mumt05.tangotv.in/87NeALx2KHABRAINABHITAK/index.m3u8
TV,iptv-org News,Kin24,UNVERIFIED,no route from test server (geo-lock/IPv6/timeout) - test on the TV box,10.01,http://51.254.199.122:8080/kin24/index.m3u8
TV,iptv-org News,Kohavision (720p),FAIL,HTTP 403,0.24,http://5.254.89.106/8705/index.m3u8
TV,iptv-org News,Kohenoor News (576p),UNVERIFIED,no route from test server (geo-lock/IPv6/timeout) - test on the TV box,10.01,http://103.250.28.74:8000/play/a00r/index.m3u8
TV,iptv-org News,Kolalnas TV,UNVERIFIED,no route from test server (geo-lock/IPv6/timeout) - test on the TV box,11.42,https://htvint.mada.ps/kolalnas/index.m3u8
TV,iptv-org News,Kolkata TV (1080p),OK,HLS playlist + segment reachable,1.97,https://cdn.ottlive.co.in/kolkatatv/index.m3u8
TV,iptv-org News,Kompas TV [Geo-blocked],UNVERIFIED,no route from test server (geo-lock/IPv6/timeout) - test on the TV box,0.31,https://op-group1-swiftservehd-1.dens.tv/h/h234/index.m3u8
TV,iptv-org News,KTN News (360p),UNVERIFIED,no route from test server (geo-lock/IPv6/timeout) - test on the TV box,6.06,https://vodzong.mjunoon.tv:8087/streamtest/KTNNews-151/playlist.m3u8
TV,iptv-org News,KTV 2 (1080p),OK,HLS playlist + segment reachable,0.56,https://kwtktv2ta.cdn.mangomolo.com/ktv2/smil:ktv2.stream.smil/chunklist.m3u8
TV,iptv-org News,KTV (South Korea) (1080p),OK,HLS playlist + segment reachable,2.27,https://hlive.ktv.go.kr/live/klive_h.stream/playlist.m3u8
TV,iptv-org News,KTV News (1080p),OK,application/vnd.apple.mpegurl,0.57,https://kwtkbta.cdn.mangomolo.com/kb/smil:kb.stream.smil/chunklist.m3u8
TV,iptv-org News,Kurdistan 24 (1080p),OK,HLS playlist + segment reachable,0.52,https://hlspackager.akamaized.net/live/DB/K24/HLS/K24.m3u8
TV,iptv-org News,Kurdsat News (1080p),OK,HLS playlist + segment reachable,0.47,https://hlspackager.akamaized.net/live/DB/KURDSAT_NEWS/HLS/KURDSAT_NEWS.m3u8
TV,iptv-org News,Kyiv (1080p),OK,HLS playlist + segment reachable,1.37,https://api-tv.ipnet.ua/api/v1/manifest/1293296300.m3u8
TV,iptv-org News,L'altro Corriere TV,OK,HLS playlist + segment reachable,0.53,https://52ee6512fee4427889eba89957975fa0.msvdn.net/live/S24350460/BEj8ZmQiQ9UG/playlist.m3u8
TV,iptv-org News,LaC News 24 (720p),OK,HLS playlist + segment reachable,0.49,https://f5842579ff984c1c98d63b8d789673eb.msvdn.net/live/S27391994/HVvPMzy/playlist.m3u8
TV,iptv-org News,Lahore News (720p) [Not 24/7],OK,HLS playlist + segment reachable,0.98,https://vcdn.dunyanews.tv/lahorelive/ngrp:lnews_1_all/playlist.m3u8
TV,iptv-org News,Lahore Rang (1080p),UNVERIFIED,no route from test server (geo-lock/IPv6/timeout) - test on the TV box,10.01,http://103.250.28.74:8000/play/a01q/index.m3u8
TV,iptv-org News,Lanzhou Comprehensive News Channel,OK,HLS playlist + segment reachable,4.49,https://liveplus.lzr.com.cn/xwzh/HD/live.m3u8
TV,iptv-org News,Latina Noticias 24/7 (1080p),OK,HLS playlist + segment reachable,0.5,https://dai.google.com/linear/hls/event/oYQGDqEGTmGdHE_fz9oLlg/master.m3u8
TV,iptv-org News,LCI HD (1080p),FAIL,HTTP 403,0.24,http://145.239.5.177/368/index.m3u8
TV,iptv-org News,LCN [Geo-blocked],FAIL,HTTP 403,0.27,https://tvalive.akamaized.net/hls/live/2014213/tvan01/tvan01.m3u8
TV,iptv-org News,Le Monde en 24h,FAIL,HTTP 404,0.49,https://stream.berosat.live/hls/monde24h-tv-index/monde24h-tv-index.m3u8
TV,iptv-org News,Leman Bleu (1080p),FAIL,HTTP 403,1.94,http://livevideo.infomaniak.com/streaming/livecast/naxoo/playlist.m3u8
TV,iptv-org News,Lenca TV (720p) [Not 24/7],OK,HLS playlist + segment reachable,2.44,https://lencatelevision.com/hls/stream.m3u8
TV,iptv-org News,Libya Al Ahrar TV (1080p),FAIL,HTTP 404,0.4,https://stream-hls.castr.net/64490fcefe045f1b63012886/live_22d9a1f0c69c11ee9441219c2cc6d61f/index.fmp4.m3u8
TV,iptv-org News,Life TV (Turkiye) (720p) [Not 24/7],PARTIAL,"playlist OK, segment failed: HTTP Error 403: Forbidden",1.55,https://live.artidijitalmedya.com/artidijital_lifetv/lifetv/playlist.m3u8
TV,iptv-org News,Lindell TV (720p),PARTIAL,"playlist OK, segment failed: HTTP Error 404: Not Found",0.23,https://rumble.com/live-hls/6v67mu/playlist.m3u8
TV,iptv-org News,Lingkar TV,OK,HLS playlist + segment reachable,1.57,https://lingkartv.my.id/hls/lingkartv.m3u8
TV,iptv-org News,Linieros TV (480p) [Not 24/7],UNVERIFIED,no route from test server (geo-lock/IPv6/timeout) - test on the TV box,6.05,https://soportedvb.click:3017/live/linierostvlive.m3u8
TV,iptv-org News,Lira TV,OK,HLS playlist + segment reachable,0.66,https://a928c0678d284da5b383f29ecc5dfeec.msvdn.net/live/S57315730/8kTBWibNteJA/playlist.m3u8
TV,iptv-org News,Live Times (720p),OK,HLS playlist + segment reachable,1.41,https://stream.ottlive.co.in/livetimetv/index.m3u8
TV,iptv-org News,LiveNOW from FOX (720p),OK,HLS playlist + segment reachable,0.33,https://fox-foxnewsnow-vizio.amagi.tv/playlist.m3u8
TV,iptv-org News,Living India News (1080p),OK,HLS playlist + segment reachable,1.66,https://stream.ottlive.co.in/livingindia/index.m3u8
TV,iptv-org News,LN24SA (1080p),OK,HLS playlist + segment reachable,0.35,https://cdnstack.internetmultimediaonline.org/ln24/ln24.stream/playlist.m3u8
TV,iptv-org News,LN247 (1080p),FAIL,URLError: <urlopen error [SSL: CERTIFICATE_VERIFY_FAILED] certificate ,0.2,https://go5lmb6oyawb-hls-live.5centscdn.com/station/3dfd3752af3d7aec5c53992c2da3a316.sdp/playlist.m3u8
TV,iptv-org News,Lokshahi News (576p),OK,HLS playlist + segment reachable,1.03,https://mumt05.tangotv.in/87NeALx2LOKSAAHI/index.m3u8
TV,iptv-org News,Lolwe TV (576p) [Not 24/7],UNVERIFIED,no route from test server (geo-lock/IPv6/timeout) - test on the TV box,6.06,https://goliveafrica.media:9998/live/62580e144eb43/index.m3u8
TV,iptv-org News,LRT Radijas (1080p),OK,HLS playlist + segment reachable,0.39,https://stream-live.lrt.lt/radijas/master.m3u8
TV,iptv-org News,M1 (Hungary) HD,UNVERIFIED,no route from test server (geo-lock/IPv6/timeout) - test on the TV box,10.01,http://88.212.15.19/live/test_m_1_hungary_1200_atk/playlist.m3u8
TV,iptv-org News,M95 Television Marbella (1080p) [Not 24/7],OK,HLS playlist + segment reachable,0.7,https://limited2.todostreaming.es/live/m95-livestream.m3u8
TV,iptv-org News,M News (1080p),OK,HLS playlist + segment reachable,0.83,https://cdn.rabta.stream/M-News/index.m3u8
TV,iptv-org News,M-Net Info,FAIL,HTTP 500,0.84,https://live.mnet.mk/hls/mnet-info.m3u8
TV,iptv-org News,Madhimugam TV (576p),OK,HLS playlist + segment reachable,1.07,https://mumt01.tangotv.in/O5aw8Zn3MATHIMUGAMTV/index.m3u8
TV,iptv-org News,Mahaa News (1080p),OK,HLS playlist + segment reachable,1.03,https://mumbai-edge.smartplaytv.in/MahaNews/index.m3u8
TV,iptv-org News,Malai Murasu TV (576p),OK,HLS playlist + segment reachable,1.13,https://streams.tangotv.in/MALAIMURASUSEITHIGAL/ORIGIN/index.m3u8
TV,iptv-org News,Manorama News (1080p),OK,HLS playlist + segment reachable,1.05,https://mmtvnews1.akamaized.net/v1/master/673630b269b766886555eebfddd4f27f3de3ab50/mmtvNewsCampaign1/index.m3u8
TV,iptv-org News,Mantavya News (576p),OK,HLS playlist + segment reachable,0.54,https://d1msejlow1t3l4.cloudfront.net/fta/mantavya/playlist.m3u8
TV,iptv-org News,Mario Pinto TV (720p) [Not 24/7],UNVERIFIED,no route from test server (geo-lock/IPv6/timeout) - test on the TV box,6.06,https://eu1.servers10.com:8081/8028/index.m3u8
TV,iptv-org News,Mas Noticias Television (720p),UNVERIFIED,no route from test server (geo-lock/IPv6/timeout) - test on the TV box,6.05,https://www.amixtv.com:8081/mntvh/index.m3u8
TV,iptv-org News,Mashriq TV (576p),UNVERIFIED,no route from test server (geo-lock/IPv6/timeout) - test on the TV box,10.01,http://103.250.28.74:8000/play/a02s/index.m3u8
TV,iptv-org News,Mathrubhumi News (576p),OK,HLS playlist + segment reachable,1.16,https://streams.tangotv.in/MATHRUBHUMINEWS/ORIGIN/index.m3u8
TV,iptv-org News,Maya TV,UNVERIFIED,no route from test server (geo-lock/IPv6/timeout) - test on the TV box,6.05,https://media.streambrothers.com:19360/8036/8036.m3u8
TV,iptv-org News,Medi1TV Afrique (1080p),OK,HLS playlist + segment reachable,0.53,https://cdn.live.easybroadcast.io/abr_corp/83_medi1tv-afrique_tm7tu45/playlist.m3u8
TV,iptv-org News,Medi1TV Arabic (1080p),OK,HLS playlist + segment reachable,0.79,https://cdn.live.easybroadcast.io/abr_corp/83_medi1tv-arabic_g90v4ec/playlist.m3u8
TV,iptv-org News,Medi1TV Maghreb (1080p),OK,HLS playlist + segment reachable,0.47,https://cdn.live.easybroadcast.io/abr_corp/83_medi1tv-maghreb_jnbspmg/playlist.m3u8
TV,iptv-org News,Media One (720p),OK,HLS playlist + segment reachable,0.85,https://cdn.pishow.tv/ott/live/1481/master.m3u8
TV,iptv-org News,MediBizTV (720p),PARTIAL,"playlist OK, segment failed: <urlopen error Tunnel connection failed: 502 Bad Gateway>",2.22,https://43wrzjnpqoxe-hls-live.wmncdn.net/marinebiztvlive/marinebiztvlive/playlist.m3u8
TV,iptv-org News,Mega TV (Paraguay) (1080p),OK,HLS playlist + segment reachable,0.52,https://www.desde-paraguay.com/mega.m3u8
TV,iptv-org News,Meganoticias Ahora (1080p),UNVERIFIED,no route from test server (geo-lock/IPv6/timeout) - test on the TV box,10.04,http://cdn1tlinkgo.tlink.cl/meganoticias/mono.m3u8
TV,iptv-org News,Mekameleen TV (1080p),OK,HLS playlist + segment reachable,0.5,https://mn-nl.mncdn.com/mekameleen/smil:mekameleentv.smil/playlist.m3u8
TV,iptv-org News,Mercurio Noticias,OK,HLS playlist + segment reachable,0.25,https://videostream.shockmedia.com.ar/hls/mercuriotv/mercuriotv.m3u8
TV,iptv-org News,Mereja TV,UNVERIFIED,no route from test server (geo-lock/IPv6/timeout) - test on the TV box,10.07,https://g4wlkqp8l23a-hls-live.5centscdn.com/MerejaTV/955ad3298db330b5ee880c2c9e6f23a0.sdp/playlist.m3u8
TV,iptv-org News,Metro1 News (576p),UNVERIFIED,no route from test server (geo-lock/IPv6/timeout) - test on the TV box,10.01,http://103.250.28.74:8000/play/a04u/index.m3u8
TV,iptv-org News,Metro TV (Indonesia),UNVERIFIED,no route from test server (geo-lock/IPv6/timeout) - test on the TV box,3.08,https://edge.medcom.id/live-edge/smil:metro.smil/playlist.m3u8
TV,iptv-org News,Mh 1 News (576p),OK,HLS playlist + segment reachable,1.14,https://streams.tangotv.in/MHONENEWS/ORIGIN/index.m3u8
TV,iptv-org News,Mihan TV,OK,HLS playlist + segment reachable,0.39,https://iptv.mihantv.com/mihantv/playlist.m3u8
TV,iptv-org News,Milenio Television (720p),FAIL,HTTP 403,0.96,https://jmp2.uk/plu-652e922db4b047000825f975.m3u8
TV,iptv-org News,Minformo TV (720p),OK,HLS playlist + segment reachable,0.63,https://5db313b643fd8.streamlock.net/MinformoTV/MinformoTV/playlist.m3u8
TV,iptv-org News,Miracle Channel (1080p),OK,HLS playlist + segment reachable,0.67,https://live.miracleonline.org/hls/miracle1.m3u8
TV,iptv-org News,Mirame TV (360p) [Not 24/7],UNVERIFIED,no route from test server (geo-lock/IPv6/timeout) - test on the TV box,6.05,https://bit.controlstreams.com:5443/LiveApp/streams/mirametv.m3u8
TV,iptv-org News,Mirror Now (720p),OK,HLS playlist + segment reachable,0.66,https://dai.google.com/linear/hls/event/ClPOullTQky5vGPf7fMZ8g/master.m3u8
TV,iptv-org News,Mojo TV (576p),OK,HLS playlist + segment reachable,1.24,https://mumt07.tangotv.in/zHjX9OFlMOJOTV/index.m3u8
TV,iptv-org News,Momento24,OK,HLS playlist + segment reachable,0.51,https://backupmaxmedia.hvmultiplay.com/hls/stream2/momento24.m3u8
TV,iptv-org News,Monaco Info (1080p),OK,HLS playlist + segment reachable,0.66,https://webtv.monacoinfo.com/live/prod/index.m3u8
TV,iptv-org News,Mongolian News Channel (1080p),FAIL,HTTP 403,0.95,https://cdn4.skygo.mn/live/disk1/MNCTV/DASH-FTA/MNCTV.mpd
TV,iptv-org News,Moon TV (576p),OK,HLS playlist + segment reachable,0.35,https://d1msejlow1t3l4.cloudfront.net/fta/moontv/playlist.m3u8
TV,iptv-org News,MRTV News,UNVERIFIED,no route from test server (geo-lock/IPv6/timeout) - test on the TV box,11.28,https://mrtvott.com/cache/MRTV-NEWS-HD/master.m3u8
TV,iptv-org News,MS NOW (720p),FAIL,HTTP 404,0.31,http://cdn.haititivi.com/MSNBC/index.m3u8
TV,iptv-org News,MTV Uutiset (720p),OK,HLS playlist + segment reachable,1.22,https://live.streaming.a2d.tv/asset/20025962.isml/.m3u8
TV,iptv-org News,Munsif TV (576p),OK,HLS playlist + segment reachable,1.33,https://live1.ottlive.co.in/munsiftv/munsiftv/index.m3u8
TV,iptv-org News,My-Ukraina TV (1080p),OK,HLS playlist + segment reachable,0.32,http://stream.mcquack.net/442/index.m3u8
TV,iptv-org News,Nabaa TV (720p) [Not 24/7],UNVERIFIED,no route from test server (geo-lock/IPv6/timeout) - test on the TV box,10.01,http://31.14.40.237:1935/live/Nabaa/playlist.m3u8
TV,iptv-org News,Nablus TV (720p) [Not 24/7],UNVERIFIED,no route from test server (geo-lock/IPv6/timeout) - test on the TV box,10.25,http://htvmada.mada.ps:8888/nabluslive/index.m3u8
TV,iptv-org News,Nachrichten 360 (1080p) [Geo-blocked],OK,HLS playlist + segment reachable,0.77,https://cdn-apse1-prod.tsv2.amagi.tv/linear/amg01821-lovetvfast-nachrichten360-samsungde/playlist.m3u8
TV,iptv-org News,Naftemporiki TV (1080p),OK,HLS playlist + segment reachable,0.66,https://telmaco.ascdn.broadpeak.io/nafteboriki/default/index.m3u8
TV,iptv-org News,Nagaland TV (576p),FAIL,HTTP 404,1.04,https://mumt06.tangotv.in/qYyB8fXVNAGALANDTV/index.m3u8
TV,iptv-org News,NAN TV,FAIL,HTTP 404,0.4,https://app.ncare.live/c3VydmVyX8RpbEU9Mi8xNy8yMDE0GIDU6RgzQ6NTAgdEoaeFzbF92YWxIZTO0U0ezN1IzMyfvcGVMZEJCTEFWeVN3PTOmdFsaWRtaW51aiPhnPTI2/nantv.stream/live-orgin/nantv.stream/playlist.m3u8
TV,iptv-org News,Nanduti (1080p),OK,HLS playlist + segment reachable,0.29,https://nanduti.b-cdn.net/Source.m3u8
TV,iptv-org News,Nation News (720p),OK,HLS playlist + segment reachable,1.48,https://server.playontv.in/nationnews/index.m3u8
TV,iptv-org News,Nation TV,OK,HLS playlist + segment reachable,0.41,https://live-us1.thaimomo.com/live-as/chNation-3/playlist.m3u8
TV,iptv-org News,National Iranian Congress TV,OK,HLS playlist + segment reachable,0.89,https://tv.iraniancongress.com/stream/tv.m3u8
TV,iptv-org News,NBC News NOW (1080p),OK,HLS playlist + segment reachable,0.19,https://d1si3n1st4nkgb.cloudfront.net/10502/88896001/hls/master.m3u8?ads.xumo_channelId=88896001
TV,iptv-org News,NCTV (1080p),OK,HLS playlist + segment reachable,1.24,https://pantera1-100gb-cl-movistar.dps.live/nctv/nctv.smil/playlist.m3u8
TV,iptv-org News,NDTV 24x7 (720p),OK,HLS playlist + segment reachable,0.39,https://raw.githubusercontent.com/amazeyourself/adaptive-streams/refs/heads/main/streams/in/YuppTV/NDTV24x7.m3u8
TV,iptv-org News,NDTV India (720p),OK,HLS playlist + segment reachable,0.26,https://raw.githubusercontent.com/amazeyourself/adaptive-streams/refs/heads/main/streams/in/YuppTV/NDTVIndia.m3u8
TV,iptv-org News,NDTV Madhya Pradesh Chhattisgarh (1080p),OK,HLS playlist + segment reachable,0.58,https://ndtvregional.akamaized.net/hls/live/2102726-b/ndtvmpcg/master_1.m3u8
TV,iptv-org News,NDTV Marathi (1080p),OK,HLS playlist + segment reachable,0.32,https://web-ndtv-marathi.akamaized.net/hls/live/2110470/ndtvmarathi/master_1.m3u8
TV,iptv-org News,NDTV Rajasthan (1080p),PARTIAL,"playlist OK, segment failed: HTTP Error 404: Not Found",0.8,https://ndtvregional.akamaized.net/hls/live/2102726-b/ndtvraj/master_1.m3u8
TV,iptv-org News,NE News (576p),OK,HLS playlist + segment reachable,1.04,https://mumt05.tangotv.in/87NeALx2NENEWS/index.m3u8
TV,iptv-org News,Neo News (1080p),UNVERIFIED,no route from test server (geo-lock/IPv6/timeout) - test on the TV box,10.01,http://103.250.28.74:8000/play/a01p/index.m3u8
TV,iptv-org News,News1,OK,HLS playlist + segment reachable,0.24,https://live-us1.thaimomo.com/live-as/chnews1-2/playlist.m3u8
TV,iptv-org News,News 1 India (576p),OK,HLS playlist + segment reachable,1.05,https://mumt07.tangotv.in/zHjX9OFlNEWS1INDIA/index.m3u8
TV,iptv-org News,News 1st (576p),OK,HLS playlist + segment reachable,0.38,https://d1msejlow1t3l4.cloudfront.net/fta/News1st/playlist.m3u8
TV,iptv-org News,News 7 Tamil (576p),OK,HLS playlist + segment reachable,0.19,https://segment.yuppcdn.net/240122/news7/playlist.m3u8
TV,iptv-org News,News9Live (1080p),OK,HLS playlist + segment reachable,0.67,https://amg01106-amg01106c3-amgplt0844.playout.now3.amagi.tv/ts-ap-s1-n1/playlist/amg01106-amg01106c3-amgplt0844/playlist.m3u8
TV,iptv-org News,News12+ Connecticut (1080p) [Geo-blocked],FAIL,HTTP 416,0.35,https://mdc.ott.alticeusa.net/live4.ott.optimum.net/live4-uploads/N12PLUS_H_CT_A1/index_new.m3u8
TV,iptv-org News,News12+ Hudson Valley (1080p) [Geo-blocked],FAIL,HTTP 416,0.23,https://mdc.ott.alticeusa.net/live4.ott.optimum.net/live4-uploads/N12PLUS_H_WC_A1/index_new.m3u8
TV,iptv-org News,News12+ Long Island (1080p) [Geo-blocked],FAIL,HTTP 416,0.24,https://mdc.ott.alticeusa.net/live4.ott.optimum.net/live4-uploads/N12PLUS_H_LI_A1/index_new.m3u8
TV,iptv-org News,News12+ New Jersey (1080p) [Geo-blocked],FAIL,HTTP 416,0.29,https://mdc.ott.alticeusa.net/live4.ott.optimum.net/live4-uploads/N12PLUS_H_NJ_A1/index_new.m3u8
TV,iptv-org News,News12+ New York (1080p) [Geo-blocked],FAIL,HTTP 400,1.22,https://mdc.ott.alticeusa.net/live4.ott.optimum.net/live4-uploads/N12PLUS_H_NYC_A1/index_new.m3u8
TV,iptv-org News,News12 Bronx [Geo-blocked],FAIL,HTTP 408,6.57,https://mdc.ott.alticeusa.net/live4.ott.optimum.net/live4-uploads/N12XH_A1/index_new.m3u8?omap=https
TV,iptv-org News,News12 Brooklyn [Geo-blocked],FAIL,HTTP 416,0.23,https://mdc.ott.alticeusa.net/live4.ott.optimum.net/live4-uploads/N12KH_A1/index_new.m3u8?omap=https
TV,iptv-org News,News12 Conneticut [Geo-blocked],FAIL,HTTP 416,0.21,https://mdc.ott.alticeusa.net/live4.ott.optimum.net/live4-uploads/N12CH_FFLD_MILF_A1/index_new.m3u8?omap=https
TV,iptv-org News,News12 Hudson Valley [Geo-blocked],FAIL,HTTP 416,0.23,https://mdc.ott.alticeusa.net/live4.ott.optimum.net/live4-uploads/N12HH_A1/index_new.m3u8?omap=https
TV,iptv-org News,News12 Long Island (1080p) [Geo-blocked],FAIL,HTTP 408,6.51,https://mdc.ott.alticeusa.net/live4.ott.optimum.net/live4-uploads/N12LH_WEST_A1/index_new.m3u8?omap=https
TV,iptv-org News,News12 New Jersey [Geo-blocked],FAIL,HTTP 416,0.24,https://mdc.ott.alticeusa.net/live4.ott.optimum.net/live4-uploads/N12JH_CENT_A1/index_new.m3u8?omap=https
TV,iptv-org News,News12 New York (1080p),OK,HLS playlist + segment reachable,0.47,https://aegis-cloudfront-1.tubi.video/97fbb992-c212-4164-8406-abb6f731e517/playlist.m3u8
TV,iptv-org News,News12 Westchester [Geo-blocked],FAIL,HTTP 416,0.23,https://mdc.ott.alticeusa.net/live4.ott.optimum.net/live4-uploads/N12WH_A1/index_new.m3u8?omap=https
TV,iptv-org News,News18 Assam North-East (1080p),OK,HLS playlist + segment reachable,0.47,https://n18syndication.akamaized.net/bpk-tv/News18_Assam_North_East_NW18_MOB/output01/master.m3u8
TV,iptv-org News,News18 Bangla (1080p),OK,HLS playlist + segment reachable,0.5,https://n18syndication.akamaized.net/bpk-tv/News18_Bangla_NW18_MOB/output01/master.m3u8
TV,iptv-org News,News18 Bihar Jharkhand (1080p),OK,HLS playlist + segment reachable,1.14,https://n18syndication.akamaized.net/bpk-tv/News18_Bihar_Jharkhand_NW18_MOB/output01/master.m3u8
TV,iptv-org News,News18 Delhi NCR JK (1080p),OK,HLS playlist + segment reachable,0.87,https://n18syndication.akamaized.net/bpk-tv/News18_JKLH_NW18_MOB/output01/master.m3u8
TV,iptv-org News,News18 Gujarati (1080p),OK,HLS playlist + segment reachable,1.06,https://n18syndication.akamaized.net/bpk-tv/News18_Gujarati_NW18_MOB/output01/master.m3u8
TV,iptv-org News,News18 India (1080p),OK,HLS playlist + segment reachable,0.9,https://n18syndication.akamaized.net/bpk-tv/News18_India_NW18_MOB/output01/master.m3u8
TV,iptv-org News,News18 Kannada (1080p),OK,HLS playlist + segment reachable,1.21,https://n18syndication.akamaized.net/bpk-tv/News18_Kannada_NW18_MOB/output01/master.m3u8
TV,iptv-org News,News18 Kerala (1080p),OK,HLS playlist + segment reachable,1.21,https://n18syndication.akamaized.net/bpk-tv/News18_Kerala_NW18_MOB/output01/master.m3u8
TV,iptv-org News,News18 Madhya Pradesh/Chhattisgarh (1080p),OK,HLS playlist + segment reachable,0.9,https://n18syndication.akamaized.net/bpk-tv/News18_MP_Chhattisgarh_NW18_MOB/output01/master.m3u8
TV,iptv-org News,News18 Marathi (1080p),OK,HLS playlist + segment reachable,1.27,https://n18syndication.akamaized.net/bpk-tv/News18_Lokmat_NW18_MOB/output01/master.m3u8
TV,iptv-org News,News18 Odia (1080p),OK,HLS playlist + segment reachable,0.42,https://n18syndication.akamaized.net/bpk-tv/News18_Odia_NW18_MOB/output01/master.m3u8
TV,iptv-org News,News18 Punjab/Haryana/Himachal (1080p),OK,HLS playlist + segment reachable,1.01,https://n18syndication.akamaized.net/bpk-tv/News18_Punjab_Haryana_HP_NW18_MOB/output01/master.m3u8
TV,iptv-org News,News18 Rajasthan (1080p),OK,HLS playlist + segment reachable,1.25,https://n18syndication.akamaized.net/bpk-tv/News18_Rajasthan_NW18_MOB/output01/master.m3u8
TV,iptv-org News,News18 Tamil Nadu (1080p),OK,HLS playlist + segment reachable,1.29,https://n18syndication.akamaized.net/bpk-tv/News18_Tamil_Nadu_NW18_MOB/output01/master.m3u8
TV,iptv-org News,News18 Urdu (1080p),OK,HLS playlist + segment reachable,0.87,https://n18syndication.akamaized.net/bpk-tv/News18_Urdu_NW18_MOB/output01/master.m3u8
TV,iptv-org News,News18 Uttar Pradesh Uttarakhand (1080p),OK,HLS playlist + segment reachable,1.04,https://n18syndication.akamaized.net/bpk-tv/News18_UP_Uttarakhand_NW18_MOB/output01/master.m3u8
TV,iptv-org News,News 21 Bangla TV,UNVERIFIED,no route from test server (geo-lock/IPv6/timeout) - test on the TV box,10.01,http://103.190.133.68:1935/news21live/live/playlist.m3u8
TV,iptv-org News,News 24 (Albania) (392p),UNVERIFIED,no route from test server (geo-lock/IPv6/timeout) - test on the TV box,10.02,http://tv.balkanweb.com:8081/news24/livestream/playlist.m3u8
TV,iptv-org News,News24 (1080p),OK,HLS playlist + segment reachable,0.44,https://skynewsau-live-premium.akamaized.net/hls/live/2105299/skynews/live.m3u8
TV,iptv-org News,News 24 (India) (720p),FAIL,HTTP 404,0.65,https://vidcdn.vidgyor.com/news24-origin/liveabr/playlist.m3u8
TV,iptv-org News,News 24 MP & Chhattisgarh (576p),OK,HLS playlist + segment reachable,1.0,https://mumt04.tangotv.in/m18aqlK4NEWS24MPCG/index.m3u8
TV,iptv-org News,News Capital Gujarat (1080p),OK,HLS playlist + segment reachable,1.22,https://newscapital.com/hls/main4/stream.m3u8
TV,iptv-org News,News Central,UNVERIFIED,no route from test server (geo-lock/IPv6/timeout) - test on the TV box,6.05,https://wf.newscentral.ng:8443/hls/stream.m3u8
TV,iptv-org News,News Daily 24 (576p),OK,HLS playlist + segment reachable,1.3,https://mumt01.tangotv.in/O5aw8Zn3NEWSDAILY24/index.m3u8
TV,iptv-org News,News India 24x7,OK,HLS playlist + segment reachable,0.9,https://cdn.pishow.tv/ott/live/273/master.m3u8
TV,iptv-org News,News J (720p) [Not 24/7],OK,HLS playlist + segment reachable,0.88,https://cdn.pishow.tv/ott/live/1279/master.m3u8
TV,iptv-org News,News Live (576p),OK,HLS playlist + segment reachable,1.24,https://prideeast.thelegitpro.in/newslive/newslive/index.m3u8
TV,iptv-org News,News Live Bangla (576p),OK,HLS playlist + segment reachable,1.07,https://mumt06.tangotv.in/qYyB8fXVINDRADHANU/index.m3u8
TV,iptv-org News,News Marathi 24x7 (720p),OK,HLS playlist + segment reachable,1.43,https://live1.ottlive.co.in/newsmarathi/newsmarathi/index.m3u8
TV,iptv-org News,News Nation 81 (1080p),OK,HLS playlist + segment reachable,1.31,https://live.newsnation81.com/newsnation81/newsnation81/index.m3u8
TV,iptv-org News,News Nation (1080p),OK,HLS playlist + segment reachable,0.36,https://d3qs3d2rkhfqrt.cloudfront.net/out/v1/6cd2f649739a45ca9de1daf81cc7d0f2/index.m3u8
TV,iptv-org News,News of the World (720p),OK,HLS playlist + segment reachable,0.41,https://nowhls.wns.live/hls/stream.m3u8
TV,iptv-org News,News of the World Arabic (720p),OK,HLS playlist + segment reachable,0.49,https://live.nowtelly.com/now_arabic/live/playlist.m3u8
TV,iptv-org News,News of the World Spanish (1080p),OK,HLS playlist + segment reachable,0.27,https://live.nowtelly.com/now_spanish/live/playlist.m3u8
TV,iptv-org News,News of the World USA (1080p),OK,HLS playlist + segment reachable,0.27,https://live.nowtelly.com/now_usa/live_usa/playlist.m3u8
TV,iptv-org News,News One (720p),UNVERIFIED,no route from test server (geo-lock/IPv6/timeout) - test on the TV box,6.05,https://vodzong.mjunoon.tv:8087/streamtest/NEWS1-128/playlist.m3u8
TV,iptv-org News,News State MP & CHG (1080p),OK,HLS playlist + segment reachable,1.92,https://jmp2.uk/stvp-IN4000012ML
TV,iptv-org News,News State Punjab Haryana Himachal (1080p),OK,HLS playlist + segment reachable,1.89,https://jmp2.uk/stvp-IN300083R1
TV,iptv-org News,News State UP & UK (1080p),OK,HLS playlist + segment reachable,2.08,https://jmp2.uk/stvp-IN3000846P
TV,iptv-org News,News Tamil 24x7 (576p),OK,HLS playlist + segment reachable,0.85,https://cdn.pishow.tv/ott/live/1433/master.m3u8
TV,iptv-org News,Newsmax 2 (1080p),OK,HLS playlist + segment reachable,0.33,https://amg00217-newsmax-newsmax-zeasn-022k9.amagi.tv/playlist.m3u8
TV,iptv-org News,Newsmax 2 KPVM-LD,OK,HLS playlist + segment reachable,0.67,https://2-fss-2.streamhoster.com/pl_120/206858-4404556-1/playlist.m3u8
TV,iptv-org News,Newsmax Balkans (1080p),OK,HLS playlist + segment reachable,0.63,https://newsmaxadria.mts-si.tv/newsmaxadria/index.m3u8
TV,iptv-org News,Newsmax Spanish (1080p),OK,HLS playlist + segment reachable,0.27,https://n1ottesorkatv.akamaized.net/hls/live/2113795/Live_1/index.m3u8
TV,iptv-org News,Newsmax TV (720p),OK,HLS playlist + segment reachable,0.62,https://nmx1ota.akamaized.net/hls/live/2107010/Live_1/index.m3u8
TV,iptv-org News,NewsWorld (1080p),OK,HLS playlist + segment reachable,0.64,https://amg01076-lightning-amg01076c5-rakuten-us-1788.playouts.now.amagi.tv/playlist/amg01076-lightning-newsworld-rakutenus/playlist.m3u8
TV,iptv-org News,NewsX (720p),UNVERIFIED,no route from test server (geo-lock/IPv6/timeout) - test on the TV box,10.8,https://mumbai-edge.smartplaytv.in/NewsX/index.m3u8
TV,iptv-org News,NewsX World (576p),OK,HLS playlist + segment reachable,1.32,https://mumt03.tangotv.in/Dsly5z3HNEWSXWORLD/index.m3u8
TV,iptv-org News,Newsy (1080p),OK,HLS playlist + segment reachable,0.27,https://547f72e6652371c3.mediapackage.us-east-1.amazonaws.com/out/v1/e3e6e29095844c4ba7d887f01e44a5ef/index.m3u8
TV,iptv-org News,NH (1080p),OK,HLS playlist + segment reachable,0.93,https://takeoff.jetstre.am/?account=nhnieuws&file=live&output=playlist.m3u8&protocol=https&service=wowza&type=live
TV,iptv-org News,NHK World-Japan (1080p),OK,HLS playlist + segment reachable,0.98,https://masterpl.hls.nhkworld.jp/hls/w/live/smarttv.m3u8
TV,iptv-org News,NHK World-Japan HD (1080p),UNVERIFIED,no route from test server (geo-lock/IPv6/timeout) - test on the TV box,10.04,http://nmk.ioapk.com:5050/4gtv-live168/index.m3u8
TV,iptv-org News,NK TV 24x7 (1080p),PARTIAL,"playlist OK, segment failed: HTTP Error 403: Forbidden",1.32,https://nktv.smartstream.video/smartstream-us/nktvplus/nktvplus/chunks.m3u8
TV,iptv-org News,NK TV Bangla (1080p),OK,HLS playlist + segment reachable,1.29,https://nktv.smartstream.video/smartstream-us/nkbangla/nkbangla/playlist.m3u8
TV,iptv-org News,Nopola News (1080p) [Not 24/7],UNVERIFIED,no route from test server (geo-lock/IPv6/timeout) - test on the TV box,6.06,https://virta2.nopolanews.fi:8443/live/smil:Stream1.smil/playlist.m3u8
TV,iptv-org News,Norte Informativo TV (240p),UNVERIFIED,no route from test server (geo-lock/IPv6/timeout) - test on the TV box,6.06,https://videohd.live:19360/8076/8076.m3u8
TV,iptv-org News,Northeast Live (720p),UNVERIFIED,no route from test server (geo-lock/IPv6/timeout) - test on the TV box,10.83,https://server.thelegitpro.in/northeastlive/northeastlive/index.fmp4.m3u8
TV,iptv-org News,Noticias 16 (720p) [Not 24/7],OK,HLS playlist + segment reachable,0.33,https://edge.essastream.com/noticias16/playlist.m3u8
TV,iptv-org News,Noticias RCN (720p),FAIL,HTTP 403,0.93,https://jmp2.uk/plu-67d9b0ebc290c9499046e88f.m3u8
TV,iptv-org News,Noticiero 90 Minutos (1080p),OK,HLS playlist + segment reachable,0.84,https://play.cdn.enetres.net/621B146D29C541AFB1507809F038F471021/021/playlist.m3u8
TV,iptv-org News,Nova News,UNVERIFIED,no route from test server (geo-lock/IPv6/timeout) - test on the TV box,10.01,http://213.91.179.28:8000/play/a063
TV,iptv-org News,Novyny.Live,FAIL,URLError: <urlopen error unknown url type: rtmp>,0.0,rtmp://95.67.11.153/klive/stream
TV,iptv-org News,NowMedia Television (1080p),OK,HLS playlist + segment reachable,0.34,https://stream-204968.castr.net/64e0c91d08bff3041638aee3/live_a4243540d4b911f0b624bda5e9a32aa9/index.m3u8
TV,iptv-org News,NowMedia Television Spanish (1080p),OK,HLS playlist + segment reachable,0.34,https://stream-204968.castr.net/64e0c91d08bff3041638aee3/live_a16fa020f4c411f09ddaa1978319689a/index.m3u8
TV,iptv-org News,NPY (1080p),OK,HLS playlist + segment reachable,0.57,https://copacogen.desdeparaguay.net/npy/npy_py_alta/playlist.m3u8?admin=tvaccion
TV,iptv-org News,NRT TV (720p) [Not 24/7],UNVERIFIED,no route from test server (geo-lock/IPv6/timeout) - test on the TV box,6.07,https://media.streambrothers.com:1936/8226/8226/playlist.m3u8
TV,iptv-org News,NSC9 News (1080p),OK,HLS playlist + segment reachable,1.38,https://legitpro.co.in/nsc9/index.m3u8
TV,iptv-org News,NTD TV English (1080p),OK,HLS playlist + segment reachable,0.34,https://amg17596-ntdtv-amg17596c1-rakuten-gb-6741.playouts.now.amagi.tv/playlist/amg17596-newtangdynastytelevision-ntdtv-rakutengb/playlist.m3u8
TV,iptv-org News,NTD TV English UK (1080p),PARTIAL,unknown content-type application/x-mpegURL,0.62,https://ntd02.akamaized.net/NTD-UK/index.m3u8
TV,iptv-org News,NTN24 (576p),UNVERIFIED,no route from test server (geo-lock/IPv6/timeout) - test on the TV box,10.01,http://181.78.8.199:8000/play/a0a6/index.m3u8
TV,iptv-org News,ntv (720p),OK,HLS playlist + segment reachable,0.75,https://protokolldns.xyz/ntv.l.i.v.e5547892023/index.m3u8
TV,iptv-org News,NTV Telugu (1080p),OK,HLS playlist + segment reachable,1.03,https://mumbai-edge.smartplaytv.in/NTVTelugu/index.m3u8
TV,iptv-org News,NW Info 2 (576p),FAIL,HTTP 403,0.37,https://hls.newworldtv.com/nw-info-2/video/live.m3u8
TV,iptv-org News,NW Info (576p),FAIL,HTTP 403,0.2,https://hls.newworldtv.com/nw-info/video/live.m3u8
TV,iptv-org News,O'zbekiston 24 (1080p),OK,HLS playlist + segment reachable,0.81,https://stream8.cinerama.uz/1011/tracks-v1a1/playlist.m3u8
TV,iptv-org News,OAN Plus (1080p),OK,HLS playlist + segment reachable,0.27,https://oan-plus-tcl.amagi.tv/playlist.m3u8
TV,iptv-org News,OAN Plus KPVM-LD,OK,HLS playlist + segment reachable,0.32,https://2-fss-2.streamhoster.com/pl_118/206858-4404458-1/playlist.m3u8
TV,iptv-org News,Obieqtivi TV,FAIL,HTTP 403,0.26,https://live20.bozztv.com/dvrfl05/gin-obieqtivitv/index.m3u8
TV,iptv-org News,Obozrevatel TV,FAIL,HTTP 404,1.07,https://ext.cdn.nashnet.tv/228.0.0.148/index.m3u8
TV,iptv-org News,Observator News (360p),OK,HLS playlist + segment reachable,0.74,https://live77cdn2.antenaplay.ro/live_ObservatorNews/live_ObservatorNews.m3u8
TV,iptv-org News,OlayTurk TV (720p) [Geo-blocked],PARTIAL,"playlist OK, segment failed: HTTP Error 403: Forbidden",1.18,https://live.artidijitalmedya.com/artidijital_olayturk/olayturk/playlist.m3u8
TV,iptv-org News,Oman TV Mubashir (1080p),OK,HLS playlist + segment reachable,0.27,https://partwota.cdn.mgmlcdn.com/omlive/smil:omlive.stream.smil/chunklist.m3u8
TV,iptv-org News,ON News HD (576p),UNVERIFIED,no route from test server (geo-lock/IPv6/timeout) - test on the TV box,10.01,http://103.250.28.74:8000/play/a046/index.m3u8
TV,iptv-org News,Onda 15 TV (224p),UNVERIFIED,no route from test server (geo-lock/IPv6/timeout) - test on the TV box,6.05,https://cloudvideo.servers10.com:8081/8034/index.m3u8
TV,iptv-org News,Onda Valencia TV (720p),UNVERIFIED,no route from test server (geo-lock/IPv6/timeout) - test on the TV box,6.05,https://cloudvideo.servers10.com:8081/8116/index.m3u8
TV,iptv-org News,One America News Network (720p),UNVERIFIED,no route from test server (geo-lock/IPv6/timeout) - test on the TV box,10.01,http://23.237.104.106:8080/USA_OAN/index.m3u8
TV,iptv-org News,Online TV Nusantara (720p) [Not 24/7],FAIL,HTTP 404,1.29,https://5bf7b725107e5.streamlock.net/onlinetvnusantara/onlinetvnusantara/playlist.m3u8
TV,iptv-org News,Only Bharat (576p),OK,HLS playlist + segment reachable,1.02,https://mumt07.tangotv.in/zHjX9OFlONLYBHARAT/index.m3u8
TV,iptv-org News,Opinionsur (720p),FAIL,HTTP 404,0.25,https://183.bozztv.com/giatv/giatv-opinionsurc/opinionsurc/playlist.m3u8
TV,iptv-org News,Ora News (720p),OK,HLS playlist + segment reachable,0.81,https://live1.mediadesk.al/oranews.m3u8
TV,iptv-org News,OTV (Croatia) (720p) [Not 24/7],UNVERIFIED,no route from test server (geo-lock/IPv6/timeout) - test on the TV box,6.05,https://stream.agatin.hr:3559/live/otvlive.m3u8
TV,iptv-org News,Palestine Al Yawm (720p),OK,HLS playlist + segment reachable,0.7,https://live.paltodaytv.com/paltv/live/playlist_sfm4s.m3u8
TV,iptv-org News,Palestine Today (480p) [Geo-blocked],OK,HLS playlist + segment reachable,0.69,https://live.paltodaytv.com/paltv/live/playlist.m3u8
TV,iptv-org News,Palitra News (480p) [Not 24/7],OK,HLS playlist + segment reachable,0.75,https://live.palitranews.ge/hls/palitratv/index.m3u8
TV,iptv-org News,Panafrican Media TV (480p),OK,HLS playlist + segment reachable,0.28,https://live20.bozztv.com/giatv/giatv-pmtv/pmtv/playlist.m3u8
TV,iptv-org News,Panorama TV,UNVERIFIED,no route from test server (geo-lock/IPv6/timeout) - test on the TV box,6.05,https://159.69.221.56/panorama/livestream/playlist.m3u8
TV,iptv-org News,Payam TV (1080p),OK,HLS playlist + segment reachable,0.46,https://hlspackager.akamaized.net/live/DB/PAYAM_TV/HLS/PAYAM_TV.m3u8
TV,iptv-org News,Payvand TV (United States) (720p),PARTIAL,"playlist OK, segment failed: HTTP Error 403: Forbidden",0.3,https://tgn.bozztv.com/cus01/ucur1/Payvand/index.m3u8
TV,iptv-org News,PBO (1080p),OK,HLS playlist + segment reachable,0.31,http://190.93.224.42/PBO/index.m3u8
TV,iptv-org News,Pershiy XTV Media (576p),UNVERIFIED,no route from test server (geo-lock/IPv6/timeout) - test on the TV box,6.07,https://hls.xtvmedia.pp.ua:8443/hls/trk1tv.m3u8
TV,iptv-org News,Phoenix InfoNews Channel (720p),UNVERIFIED,no route from test server (geo-lock/IPv6/timeout) - test on the TV box,10.01,http://223.110.245.167/ott.js.chinamobile.com/PLTV/3/224/3221226923/index.m3u8
TV,iptv-org News,Pingxiang TV News Channel (576p) [Not 24/7],UNVERIFIED,no route from test server (geo-lock/IPv6/timeout) - test on the TV box,10.04,http://www.pxitv.com:8099/hls-live/livepkgr/_definst_/pxitvevent/pxtv1stream.m3u8
TV,iptv-org News,Plena TV (720p),OK,HLS playlist + segment reachable,1.0,https://cdn.jmvstream.com/w/LVW-9591/LVW9591_PmXtgATnaS/playlist.m3u8
TV,iptv-org News,Plus TV (Panama) (720p) [Not 24/7],UNVERIFIED,no route from test server (geo-lock/IPv6/timeout) - test on the TV box,6.05,https://vcp4.myplaytv.com:1936/plustv/plustv/playlist.m3u8
TV,iptv-org News,Pluto TV Record News (720p),FAIL,HTTP 403,0.94,https://jmp2.uk/plu-6102e04e9ab1db0007a980a1.m3u8
TV,iptv-org News,Polimer News (576p),OK,HLS playlist + segment reachable,0.17,https://segment.yuppcdn.net/110322/polimernews/playlist.m3u8
TV,iptv-org News,Polsat News 2 (1080p) [Geo-blocked],FAIL,HTTP 403,2.6,https://cdn-s-lb2.pluscdn.pl/lv/1533809/392/dash/3de17d4a/live.mpd
TV,iptv-org News,Polsat News (1080p) [Geo-blocked],FAIL,HTTP 403,2.21,https://cdn-s-lb2.pluscdn.pl/lv/1517830/349/hls/f03a76f3/masterlist.m3u8
TV,iptv-org News,Polsat News Polityka (1080p) [Geo-blocked],UNVERIFIED,no route from test server (geo-lock/IPv6/timeout) - test on the TV box,6.65,https://cdn-s-lb2.pluscdn.pl/lv/1511888/322/hls/bd3b0bfe/masterlist.m3u8
TV,iptv-org News,Power TV (India) (576p),OK,HLS playlist + segment reachable,0.96,https://powertvkannada.com/hls/stream.m3u8
TV,iptv-org News,Pradesh24 Gujarati (1080p),OK,HLS playlist + segment reachable,1.09,https://stream2.livebox.co.in/pradesh24hls/live.m3u8
TV,iptv-org News,Prag News (576p),OK,HLS playlist + segment reachable,1.14,https://streams.tangotv.in/PRAGNEWS/ORIGIN/index.m3u8
TV,iptv-org News,Prameya News7 (576p),OK,HLS playlist + segment reachable,1.02,https://mumt03.tangotv.in/Dsly5z3HPRAMEYANEWS7/index.m3u8
TV,iptv-org News,Pratham Khabar 24x7 (576p),OK,HLS playlist + segment reachable,1.3,https://livelegitpro.in/hls2/newstime/index.m3u8
TV,iptv-org News,Pratidin Time (576p),OK,HLS playlist + segment reachable,1.04,https://server.thelegitpro.in/pratidintime/pratidintime/index.fmp4.m3u8
TV,iptv-org News,Prensa Latina TV (1080p),UNVERIFIED,no route from test server (geo-lock/IPv6/timeout) - test on the TV box,6.15,https://eu1.servers10.com:8081/8192/index.m3u8
TV,iptv-org News,Press TV (720p),FAIL,HTTP 403,0.2,https://cloud.odysee.live/content/26bcbcc342a5b143578f27dbfaf000201f06e417/master.m3u8
TV,iptv-org News,Press TV French (1080p),FAIL,URLError: <urlopen error [SSL: CERTIFICATE_VERIFY_FAILED] certificate ,0.93,https://live4.presstv.ir/live/smil:presstvfr.smil/playlist.m3u8
TV,iptv-org News,Prima News,OK,HLS playlist + segment reachable,0.85,https://hls02ns.antenaplay.ro/hls/prima-news-hd/index.m3u8
TV,iptv-org News,Prime9 News (1080p),OK,HLS playlist + segment reachable,1.06,https://mumbai-edge.smartplaytv.in/Prime9News/index.m3u8
TV,iptv-org News,Prime News (1080p),OK,HLS playlist + segment reachable,1.38,https://stream.ottlive.co.in/primenews/index.m3u8
TV,iptv-org News,PRO TV Chisinau (480p),FAIL,URLError: <urlopen error [SSL: CERTIFICATE_VERIFY_FAILED] certificate ,0.68,https://stream.protv.md/live/sursa-1/index.m3u8
TV,iptv-org News,Probashi TV News (1080p),UNVERIFIED,no route from test server (geo-lock/IPv6/timeout) - test on the TV box,10.01,http://158.69.24.53:8080/probashi_tv/index.m3u8
TV,iptv-org News,PROTV News (1080p),OK,HLS playlist + segment reachable,1.27,https://cmero-ott-live.ssl.cdn.cra.cz/channels/cme-ro-voyo-news/playlist.m3u8?offsetSeconds=0&url=0
TV,iptv-org News,Prudent Media (1080p),OK,HLS playlist + segment reachable,0.51,https://prudentmcdn.rixcast.com/prudentm.m3u8
TV,iptv-org News,PSM News,PARTIAL,unknown content-type text/plain,0.35,https://customer-ujex1meek7koqd9x.cloudflarestream.com/21262545317dadfa20dab4f9bd37c7c2/manifest/video.m3u8
TV,iptv-org News,PSN (288p),OK,HLS playlist + segment reachable,0.48,https://srspsn.live/live/livestream.m3u8
TV,iptv-org News,PSN Canal 45.2 (288p),OK,HLS playlist + segment reachable,0.47,https://srspsn2.live/live/livestream.m3u8
TV,iptv-org News,PTC News (576p),OK,HLS playlist + segment reachable,1.19,https://streams.tangotv.in/PTCNEWS/ORIGIN/index.m3u8
TV,iptv-org News,PTV (Ukraine) (720p),OK,HLS playlist + segment reachable,0.73,https://cdn15.live-tv.cloud/ua_infinitas_tv/hrpl-abr/playlist.m3u8
TV,iptv-org News,PTV News (1080p),UNVERIFIED,no route from test server (geo-lock/IPv6/timeout) - test on the TV box,10.01,http://103.250.28.74:8000/play/a017/index.m3u8
TV,iptv-org News,Public News (1080p),UNVERIFIED,no route from test server (geo-lock/IPv6/timeout) - test on the TV box,10.01,http://103.250.28.74:8000/play/a04g/index.m3u8
TV,iptv-org News,Public TV (720p),OK,HLS playlist + segment reachable,0.82,https://cdn.pishow.tv/ott/live/439/master.m3u8
TV,iptv-org News,Pudhari News (576p),OK,HLS playlist + segment reachable,1.13,https://streams.tangotv.in/PUDHARINEWS/ORIGIN/index.m3u8
TV,iptv-org News,Puranoticia TV (720p),OK,HLS playlist + segment reachable,0.93,https://pnt.janusmedia.tv/hls/pnt.m3u8
TV,iptv-org News,Puthiya Thalaimurai (576p),OK,HLS playlist + segment reachable,1.15,https://mumt07.tangotv.in/zHjX9OFlPUTHIYAEXPRESS/index.m3u8
TV,iptv-org News,QBC (1080p),OK,HLS playlist + segment reachable,0.4,https://googlecdn1.alkassdigital.net/livestream/qbc4/main.m3u8
TV,iptv-org News,Qosqo Times (720p),UNVERIFIED,no route from test server (geo-lock/IPv6/timeout) - test on the TV box,8.45,https://live-evg5.tv360.bitel.com.pe/bitel/qosqo/playlist.m3u8
TV,iptv-org News,QTV-1,OK,HLS playlist + segment reachable,1.73,http://video10.qtv.com.cn/drm/qtv1at/manifest.m3u8
TV,iptv-org News,Quantica TV,UNVERIFIED,no route from test server (geo-lock/IPv6/timeout) - test on the TV box,6.05,https://videostream.shockmedia.com.ar:19360/quanticatv/quanticatv.m3u8
TV,iptv-org News,Raatdin Bangla (720p),OK,HLS playlist + segment reachable,1.5,https://server.playontv.in/raatdinbangla/index.m3u8
TV,iptv-org News,Radio Ancon (720p),UNVERIFIED,no route from test server (geo-lock/IPv6/timeout) - test on the TV box,6.15,https://www.streaming507.net:19360/anconvideo/anconvideo.m3u8
TV,iptv-org News,Radio Capital TiVu (720p),OK,HLS playlist + segment reachable,0.67,https://4c4b867c89244861ac216426883d1ad0.msvdn.net/live/S35394734/Z6U2wGoDYANk/playlist.m3u8
TV,iptv-org News,Radio Isla TV (720p),UNVERIFIED,no route from test server (geo-lock/IPv6/timeout) - test on the TV box,6.2,https://59a564764e2b6.streamlock.net/palestra/palestra/playlist.m3u8
TV,iptv-org News,Radio Uno Tacna (720p),UNVERIFIED,no route from test server (geo-lock/IPv6/timeout) - test on the TV box,8.48,https://live-evg7.tv360.bitel.com.pe/bitel/radiounotv/playlist.m3u8
TV,iptv-org News,Rai News 24 (720p),FAIL,HTTP 403,0.31,https://rainews1-live.akamaized.net/hls/live/598326/rainews1/rainews1/playlist.m3u8
TV,iptv-org News,Rai News 24 HD (1080p),OK,HLS playlist + segment reachable,0.25,https://d3k8wzt41aflvx.cloudfront.net/RAINEWS24/Live.m3u8
TV,iptv-org News,Raj News Kannada (576p),OK,HLS playlist + segment reachable,1.02,https://mumt03.tangotv.in/Dsly5z3HRAJNEWSKANDA/index.m3u8
TV,iptv-org News,Raj News Malayalam (576p),OK,HLS playlist + segment reachable,1.06,https://mumt04.tangotv.in/m18aqlK4RAJNEWSMALAYALAM/index.m3u8
TV,iptv-org News,Raj News Telugu (576p),OK,HLS playlist + segment reachable,1.29,https://mumt04.tangotv.in/m18aqlK4RAJNEWSTELUGU/index.m3u8
TV,iptv-org News,RCV TV (712p),OK,HLS playlist + segment reachable,0.19,https://59d39900ebfb8.streamlock.net/rcv/rcv/playlist.m3u8
TV,iptv-org News,RDN (1080p) [Not 24/7],OK,HLS playlist + segment reachable,0.26,https://edge.essastream.com/rdntv/tracks-v1a1/mono.m3u8
TV,iptv-org News,RDX Goa (720p) [Geo-blocked],FAIL,HTTP 401,0.34,https://g5nl6xoalpq6-hls-live.5centscdn.com/rdxgoa/d0dbe915091d400bd8ee7f27f0791303.sdp/playlist.m3u8
TV,iptv-org News,Real News Kerala (1080p) [Not 24/7],OK,HLS playlist + segment reachable,0.53,https://bk7l298nyx53-hls-live.5centscdn.com/realnews/e7dee419f91aa9e65939d3677fb9c4f5.sdp/playlist.m3u8
TV,iptv-org News,Realitatea TV (406p),PARTIAL,"playlist OK, segment failed: HTTP Error 404: Not Found",0.72,https://realitatealive.md/tv/rlive.m3u8
TV,iptv-org News,Record News (720p),OK,HLS playlist + segment reachable,0.31,http://45.162.64.114/RECORD_NEWS/index.m3u8
TV,iptv-org News,Red TV Lebanon (1080p),OK,HLS playlist + segment reachable,0.78,https://live.kwikmotion.com/redtvlive/redtv.smil/playlist.m3u8
TV,iptv-org News,Red+ (1080p),OK,HLS playlist + segment reachable,0.84,https://inforedvos.lcdn.claro.net.co/Content/HLS_HLS_DIR/Live/channel(REDMASHDWEB)/master.m3u8
TV,iptv-org News,Report TV (720p),UNVERIFIED,no route from test server (geo-lock/IPv6/timeout) - test on the TV box,10.06,https://deb10stream.duckdns.org/hls/stream.m3u8
TV,iptv-org News,Reporter (720p),UNVERIFIED,no route from test server (geo-lock/IPv6/timeout) - test on the TV box,10.17,http://cdn1.live-tv.od.ua:8081/31chod/31chod-abr/31chod/31chod/playlist.m3u8
TV,iptv-org News,Reporter TV (576p),OK,HLS playlist + segment reachable,0.18,https://segment.yuppcdn.net/050522/reporter/playlist.m3u8
TV,iptv-org News,Republic Bangla (1080p),PARTIAL,"playlist OK, segment failed: HTTP Error 504: Gateway Time-out",0.54,https://vg-republictvlive.akamaized.net/v1/master/611d79b11b77e2f571934fd80ca1413453772ac7/vglive-sk-456368/main.m3u8
TV,iptv-org News,Republic Bharat (1080p),PARTIAL,"playlist OK, segment failed: HTTP Error 404: Not Found",0.16,https://raw.githubusercontent.com/amazeyourself/adaptive-streams/refs/heads/main/streams/in/YuppTV/RepublicBharat.m3u8
TV,iptv-org News,Republic Kannada (720p),OK,HLS playlist + segment reachable,1.01,https://mumbai-edge.smartplaytv.in/republickannada/index.m3u8
TV,iptv-org News,Republic TV (1080p),PARTIAL,"playlist OK, segment failed: HTTP Error 404: Not Found",0.16,https://raw.githubusercontent.com/amazeyourself/adaptive-streams/refs/heads/main/streams/in/YuppTV/RepublicTV.m3u8
TV,iptv-org News,Reuters TV (1080p),OK,HLS playlist + segment reachable,0.3,https://amg00453-reuters-amg00453c1-rakuten-uk-2110.playouts.now.amagi.tv/playlist/amg00453-reuters-reuters-rakutenuk/playlist.m3u8
TV,iptv-org News,RNN (720p) [Not 24/7],OK,HLS playlist + segment reachable,0.28,https://2-fss-2.streamhoster.com/pl_138/206532-6829902-1/playlist.m3u8
TV,iptv-org News,RNN DOS (720p) [Not 24/7],OK,HLS playlist + segment reachable,0.25,https://2-fss-2.streamhoster.com/pl_138/206532-6829912-1/playlist.m3u8
TV,iptv-org News,Rozana Spokesman (1080p),OK,HLS playlist + segment reachable,1.3,https://live1.ottlive.co.in/spokesman/spokesman/index.m3u8
TV,iptv-org News,Roze News (576p),UNVERIFIED,no route from test server (geo-lock/IPv6/timeout) - test on the TV box,10.01,http://103.250.28.74:8000/play/a01k/index.m3u8
TV,iptv-org News,RPP TV (1080p),OK,HLS playlist + segment reachable,0.31,http://190.93.224.42/RPP/index.m3u8
TV,iptv-org News,RSelvaTV (720p),OK,HLS playlist + segment reachable,3.18,https://live-evg11.tv360.bitel.com.pe/bitel/selvaticaSRT/playlist.m3u8
TV,iptv-org News,RT (720p),UNVERIFIED,no route from test server (geo-lock/IPv6/timeout) - test on the TV box,10.01,http://212.5.144.156:8080/rt/index.m3u8
TV,iptv-org News,RT HD (1080p),UNVERIFIED,no route from test server (geo-lock/IPv6/timeout) - test on the TV box,10.01,http://31.148.48.15/RT_HD/index.m3u8
TV,iptv-org News,RT Arabic (1080p) [Geo-blocked],OK,HLS playlist + segment reachable,2.2,https://rt-arb.rttv.com/dvr/rtarab/playlist.m3u8
TV,iptv-org News,RT DE (1080p) [Not 24/7],OK,HLS playlist + segment reachable,1.22,https://rt-ger.rttv.com/dvr/rtdeutsch/playlist.m3u8
TV,iptv-org News,RT en Espanol (1080p),UNVERIFIED,no route from test server (geo-lock/IPv6/timeout) - test on the TV box,10.01,http://15.204.246.24:8080/RTHD/index.m3u8
TV,iptv-org News,RT France (1080p) [Geo-blocked],OK,HLS playlist + segment reachable,1.46,https://rt-fra.rttv.com/dvr/rtfrance/playlist.m3u8
TV,iptv-org News,RT India (1080p),OK,HLS playlist + segment reachable,1.44,https://rt-india.rttv.com/dvr/rtindia/playlist.m3u8
TV,iptv-org News,RTHK TV 35 (1080p) [Geo-blocked],FAIL,HTTP 403,0.27,https://rthktv35-live.akamaized.net/hls/live/2101643/RTHKTV35/master.m3u8
TV,iptv-org News,RTM ASEAN,FAIL,HTTP 403,0.18,https://d25tgymtnqzu8s.cloudfront.net/event/smil:event1/chunklist_b2596000_slENG.m3u8
TV,iptv-org News,RTP Noticias (720p) [Not 24/7],OK,application/x-mpegurl,0.37,https://streaming-live.rtp.pt/livetvhlsDVR/rtpnHDdvr.smil/playlist.m3u8
TV,iptv-org News,RTP Noticias SD (504p) [Not 24/7],OK,application/x-mpegurl,0.35,https://streaming-live.rtp.pt/livetvhlsDVR/rtpndvr.smil/playlist.m3u8
TV,iptv-org News,RTS Info (1080p),FAIL,HTTP 403,0.66,https://rtsinfo-d.akamaized.net/out/v1/2b7ae2e1ba3f43c6aba15bced153baf5/index.m3u8
TV,iptv-org News,RTSH 24 (1080p),UNVERIFIED,no route from test server (geo-lock/IPv6/timeout) - test on the TV box,10.01,http://178.33.11.6:8696/live/rtsh24/playlist.m3u8
TV,iptv-org News,RTU (1080p),UNVERIFIED,no route from test server (geo-lock/IPv6/timeout) - test on the TV box,10.01,http://45.224.97.181:9999/RTU/index.m3u8
TV,iptv-org News,Rudaw TV (1080p),OK,HLS playlist + segment reachable,0.45,https://hlspackager.akamaized.net/live/DB/RUDAW/HLS/RUDAW.m3u8
TV,iptv-org News,SABC Lehae [Geo-blocked],OK,HLS playlist + segment reachable,0.73,https://sabctretalh.cdn.mangomolo.com/lehae/smil:lehae.stream.smil/master.m3u8
TV,iptv-org News,SABC News (720p) [Geo-blocked],OK,HLS playlist + segment reachable,0.57,https://sabconetanw.cdn.mangomolo.com/news/smil:news.stream.smil/master.m3u8
TV,iptv-org News,Sach Bedhadak (576p),OK,HLS playlist + segment reachable,0.28,https://sbnews.nexcdn.online/sbnews/live/index.m3u8
TV,iptv-org News,Sadhna News Madhya Pradesh/Chhattisgarh (576p),OK,HLS playlist + segment reachable,1.32,https://mumt04.tangotv.in/m18aqlK4SADHNEWSPMRAJ/index.m3u8
TV,iptv-org News,Sadhna Plus News (720p),PARTIAL,"playlist OK, segment failed: <urlopen error _ssl.c:999: The handshake operation timed out",0.81,https://6n3yow8pl9ok-hls-live.5centscdn.com/sadhananewstv/live.stream/playlist.m3u8
TV,iptv-org News,Sahana News (576p),OK,HLS playlist + segment reachable,1.06,https://mumt03.tangotv.in/Dsly5z3HSAHANANEWS/index.m3u8
TV,iptv-org News,Sakshi TV (576p),OK,HLS playlist + segment reachable,0.39,https://yuppmedtaorire.akamaized.net/v1/master/a0d007312bfd99c47f76b77ae26b1ccdaae76cb1/sakshi_nim_https/240122/sakshi/playlist.m3u8
TV,iptv-org News,Salaam TV (720p),OK,HLS playlist + segment reachable,0.55,https://d2o3r1shda7xvv.cloudfront.net/index_5.m3u8
TV,iptv-org News,Salem News Channel (1080p),OK,HLS playlist + segment reachable,0.3,https://amg00732-salemmediagroup-snc-ono-ekp8j.amagi.tv/playlist/amg00732-salemmediagroup-snc-ono/playlist.m3u8
TV,iptv-org News,Samachar Plus 24x7 (576p),OK,HLS playlist + segment reachable,1.1,https://mumt05.tangotv.in/87NeALx2VERTENTSAMACHARPLUS/index.m3u8
TV,iptv-org News,Samay Kolkata (1080p),OK,HLS playlist + segment reachable,1.35,https://server.livelegitpro.in/samaykolkata/samaykolkata/index.m3u8
TV,iptv-org News,Sandesh News (576p),OK,HLS playlist + segment reachable,1.03,https://mumt01.tangotv.in/O5aw8Zn3SANDESHNEWS/index.m3u8
TV,iptv-org News,Sathiyam TV (576p),OK,HLS playlist + segment reachable,1.05,https://mumt07.tangotv.in/zHjX9OFlSATHIYAMTV/index.m3u8
TV,iptv-org News,SBS WorldWatch,UNVERIFIED,no route from test server (geo-lock/IPv6/timeout) - test on the TV box,10.01,http://44.32.200.142:5004/auto/v35
TV,iptv-org News,SBT News (720p),OK,HLS playlist + segment reachable,0.94,https://dai.google.com/linear/hls/event/1XSOdtQ0SH2G8OEmEfGgjQ/master.m3u8
TV,iptv-org News,SC Currents,OK,HLS playlist + segment reachable,0.45,https://reflect-communitytv.cablecast.tv/live-5/live/stream-3/live.m3u8
TV,iptv-org News,Scripps News (1080p),OK,HLS playlist + segment reachable,0.51,https://aegis-cloudfront-1.tubi.video/7e1c26b7-7975-4240-9a4f-480eaa8f3ea4/playlist.m3u8
TV,iptv-org News,Seraj TV (1080i),OK,HLS playlist + segment reachable,1.23,https://43869de4e1a0d641.servers.dvcloud.tv/hls/al_aqsa_channel/6udfi7v8a3eof6nlps6e9ovfrs65c7l7.m3u8
TV,iptv-org News,SET News (1080p) [Geo-blocked],FAIL,URLError: <urlopen error [Errno -2] Name or service not known>,0.0,http://seb.sason.top/sc/sllive_fhd.m3u8
TV,iptv-org News,Shams TV (Iraq) (1080p),OK,HLS playlist + segment reachable,0.45,https://stream.shams.tv/hls/stream.m3u8
TV,iptv-org News,SIC Noticias (1080p) [Geo-blocked],FAIL,HTTP 403,0.89,https://sicnot.live.impresa.pt/sicnot.m3u8
TV,iptv-org News,Silverbird News 24 (576p),OK,HLS playlist + segment reachable,0.95,https://viewmedia7219.bozztv.com/wmedia/viewmedia100/web_029/Stream/playlist.m3u8
TV,iptv-org News,Sindh TV News (1080p),UNVERIFIED,no route from test server (geo-lock/IPv6/timeout) - test on the TV box,10.01,http://103.250.28.74:8000/play/a00v/index.m3u8
TV,iptv-org News,SK 1 (720p),UNVERIFIED,no route from test server (geo-lock/IPv6/timeout) - test on the TV box,10.3,http://cdn10.live-tv.od.ua:8081/sk1zt/sk1zt720p/playlist.m3u8
TV,iptv-org News,Sky News,FAIL,HTTP 403,0.94,https://jmp2.uk/plu-55b285cd2665de274553d66f.m3u8
TV,iptv-org News,Sky News HD (1080p),OK,HLS playlist + segment reachable,0.35,https://xemzi.short.gy/1000018
TV,iptv-org News,Sky News Arabia (1080p),OK,HLS playlist + segment reachable,0.29,https://live-stream.skynewsarabia.com/c-horizontal-channel/horizontal-stream/index.m3u8
TV,iptv-org News,Sky News Arabia SD (1080p) [Not 24/7],OK,HLS playlist + segment reachable,0.28,https://stream.skynewsarabia.com/ott/ott.m3u8
TV,iptv-org News,Sky News Arabia Vertical (1080p),OK,HLS playlist + segment reachable,0.4,https://live-stream.skynewsarabia.com/c-vertical-channel/vertical-stream/index.m3u8
TV,iptv-org News,Sky News Arabia Vertical SD (1280p) [Not 24/7],OK,HLS playlist + segment reachable,0.33,https://stream.skynewsarabia.com/vertical/vertical.m3u8
TV,iptv-org News,Sky News Extra 1 (540p),OK,HLS playlist + segment reachable,1.03,https://skynewsau-live.akamaized.net/hls/live/2002689/skynewsau-extra1/master.m3u8
TV,iptv-org News,Sky News Extra 2 (540p) [Not 24/7],OK,HLS playlist + segment reachable,0.84,https://skynewsau-live.akamaized.net/hls/live/2002690/skynewsau-extra2/master.m3u8
TV,iptv-org News,Sky News Extra 3 (1080p),OK,HLS playlist + segment reachable,0.89,https://skynewsau-live.akamaized.net/hls/live/2002691/skynewsau-extra3/master.m3u8
TV,iptv-org News,Sky News Urdu (720p),FAIL,HTTP 404,0.4,https://lbgo.bozztv.com/ssh101/ssh101/skynews/playlist.m3u8
TV,iptv-org News,SNN TV [Not 24/7],UNVERIFIED,no route from test server (geo-lock/IPv6/timeout) - test on the TV box,10.64,https://live2.snn.ir/hls/snn2_hd720/index.m3u8
TV,iptv-org News,Star Kentrikis Elladas (1080p),OK,HLS playlist + segment reachable,0.56,https://telmaco-cdn.akamaized.net/starcgr/default/index.m3u8
TV,iptv-org News,Start TV (480p),OK,HLS playlist + segment reachable,0.98,https://live.cast-control.eu/StartMedia/StartMedia/playlist.m3u8
TV,iptv-org News,Sterk TV (1080p),OK,HLS playlist + segment reachable,0.54,https://hlspackager.akamaized.net/live/DB/STERK_TV/HLS/STERK_TV.m3u8
TV,iptv-org News,STZ TV (1080p),OK,HLS playlist + segment reachable,0.54,https://cdn.live.br1.jmvstream.com/webtv/AVJ-12952/playlist/playlist.m3u8
TV,iptv-org News,Suara Surabaya Visual Radio (720p),OK,HLS playlist + segment reachable,0.82,https://ssfm.siar.us/ssfm/live/playlist.m3u8
TV,iptv-org News,Suceso TV (720p) [Not 24/7],UNVERIFIED,no route from test server (geo-lock/IPv6/timeout) - test on the TV box,6.05,https://live.enhdtv.com:8081/8060/index.m3u8
TV,iptv-org News,Such TV,OK,HLS playlist + segment reachable,0.69,https://video.primexsports.com/suchnews/live/playlist.m3u8
TV,iptv-org News,Sudarshan News (1080p),PARTIAL,"playlist OK, segment failed: HTTP Error 404: Not Found",1.32,https://ott.livelegitpro.in/sudarshannews/sudarshannews/tracks-v1/index.fmp4.m3u8
TV,iptv-org News,Suno News HD (1080p),UNVERIFIED,no route from test server (geo-lock/IPv6/timeout) - test on the TV box,10.01,http://103.250.28.74:8000/play/a02a/index.m3u8
TV,iptv-org News,SunuLabel TV (480p) [Not 24/7],UNVERIFIED,no route from test server (geo-lock/IPv6/timeout) - test on the TV box,6.06,https://live3.acangroup.org:1929/publiclive/sunulabel/playlist.m3u8
TV,iptv-org News,Suvarna News SD (576p),OK,HLS playlist + segment reachable,1.09,https://streams.tangotv.in/SUVARNANEWS/ORIGIN/index.m3u8
TV,iptv-org News,Swadesh News (720p),OK,HLS playlist + segment reachable,0.85,https://cdn.pishow.tv/ott/live/465/master.m3u8
TV,iptv-org News,Swaraj Express SMBC (576p),OK,HLS playlist + segment reachable,0.49,https://d1msejlow1t3l4.cloudfront.net/fta/swarajexpresssmbc/playlist.m3u8
TV,iptv-org News,Swatantra TV (1080p),OK,HLS playlist + segment reachable,1.06,https://mumbai-edge.smartplaytv.in/SwatantraTV/index.m3u8
TV,iptv-org News,Syri (720p),OK,HLS playlist + segment reachable,0.69,https://stream.syritv.al/live/syritv/playlist.m3u8
TV,iptv-org News,Syria TV (1080p),OK,HLS playlist + segment reachable,0.47,https://live.kwikmotion.com/syriatvlive/syriatv.smil/playlist_dvr.m3u8
TV,iptv-org News,T13 En Vivo (1080p),OK,HLS playlist + segment reachable,1.6,https://redirector.dps.live/hls/t13/playlist.m3u8
TV,iptv-org News,T News (720p),OK,HLS playlist + segment reachable,0.88,https://cdn.pishow.tv/ott/live/385/master.m3u8
TV,iptv-org News,Tamil Janam (576p),OK,HLS playlist + segment reachable,1.03,https://mumt01.tangotv.in/O5aw8Zn3JANAMTVTAMIL/index.m3u8
TV,iptv-org News,TCM 10 HD (1080p),PARTIAL,"playlist OK, segment failed: HTTP Error 404: Not Found",1.17,https://live.tcm10.com.br/tcm10hd/stream.m3u8
TV,iptv-org News,TDM Information (720p) [Not 24/7],UNVERIFIED,no route from test server (geo-lock/IPv6/timeout) - test on the TV box,10.67,https://live3.tdm.com.mo/ch5/info_ch5.live/playlist.m3u8
TV,iptv-org News,Telecanal (720p),UNVERIFIED,no route from test server (geo-lock/IPv6/timeout) - test on the TV box,10.01,http://45.232.210.1:8029/play/a00s/index.m3u8
TV,iptv-org News,Telecanal Santa Cruz (720p),FAIL,HTTP 403,0.23,https://origin-us.streaminghd.cl/telecanal/telecanal/playlist.m3u8
TV,iptv-org News,TeleCauquenes (720p),OK,HLS playlist + segment reachable,0.31,https://lbgo.bozztv.com/ssh101/ssh101/telecauquenestv/playlist.m3u8
TV,iptv-org News,Telegela 647,FAIL,HTTP 404,0.63,https://64b16f23efbee.streamlock.net/telegela/telegela/playlist.m3u8
TV,iptv-org News,Telejato (720p),FAIL,URLError: <urlopen error [SSL: CERTIFICATE_VERIFY_FAILED] certificate ,0.47,https://telejato.liberotratto.com/hls/0/stream.m3u8
TV,iptv-org News,TeleMoldova + [Geo-blocked],UNVERIFIED,no route from test server (geo-lock/IPv6/timeout) - test on the TV box,6.12,https://vdo.ssl-stream.com:3247/stream/play.m3u8
TV,iptv-org News,Telenews TV,UNVERIFIED,no route from test server (geo-lock/IPv6/timeout) - test on the TV box,6.06,https://hilandofinotv.essastream.com:3480/live/telenewscanallive.m3u8
TV,iptv-org News,Telesur (720p),UNVERIFIED,no route from test server (geo-lock/IPv6/timeout) - test on the TV box,10.14,http://bantel-cdn1.iptvperu.tv:1935/btnscrtn/telesur.stream/playlist.m3u8
TV,iptv-org News,Telesur English (480p),OK,HLS playlist + segment reachable,0.26,https://mblenmain01.telesur.ultrabase.net/mblivev3/480p/playlist.m3u8
TV,iptv-org News,Telesur English HD (1080p),OK,HLS playlist + segment reachable,0.32,https://mblenmain01.telesur.ultrabase.net/mblivev3/hd/playlist.m3u8
TV,iptv-org News,Telesur HD (1080p),OK,HLS playlist + segment reachable,0.43,https://mblesmain01.telesur.ultrabase.net/mbliveMain/hd/playlist.m3u8
TV,iptv-org News,Television del Este (1080p) [Not 24/7],OK,HLS playlist + segment reachable,0.32,https://edge.essastream.com/televisiondeleste/tracks-v1a1/mono.m3u8
TV,iptv-org News,Ternopil 1 (720p),UNVERIFIED,no route from test server (geo-lock/IPv6/timeout) - test on the TV box,10.48,https://ott.columbus.te.ua/ternopil1/index.m3u8
TV,iptv-org News,TGCom24 (720p),OK,HLS playlist + segment reachable,0.19,https://d3k8wzt41aflvx.cloudfront.net/TGCOM24/Live.m3u8
TV,iptv-org News,TGRT Haber (720p),OK,HLS playlist + segment reachable,0.55,https://canli.tgrthaber.com/tgrt.m3u8
TV,iptv-org News,Thanthi TV (576p),OK,HLS playlist + segment reachable,1.14,https://streams.tangotv.in/THANTHITV/ORIGIN/index.m3u8
TV,iptv-org News,The First TV (1080p),OK,HLS playlist + segment reachable,0.27,https://thefirst-oando.amagi.tv/playlist.m3u8
TV,iptv-org News,The Voice TV (1080p),OK,HLS playlist + segment reachable,1.31,https://legitpro.co.in/thevoicetv/thevoicetv/index.m3u8
TV,iptv-org News,The Young Turks (720p),OK,HLS playlist + segment reachable,0.36,https://tyt-samsungus.amagi.tv/playlist.m3u8
TV,iptv-org News,ticker News (1080p),OK,HLS playlist + segment reachable,0.92,https://live-hls-7agy.livepush.io/live_abr_cdn/nsitWAl1pTZtwca/emnmZbKZcO8RfwJR/index.m3u8
TV,iptv-org News,Times Brasil (720p),OK,application/vnd.apple.mpegurl;charset=utf-8,0.67,https://ssai2-ads.api.leiniao.com/global-adinsertion-api/hls/live/v2/21fdb6dd7491406bba86497a24390a25/playlist.m3u8
TV,iptv-org News,Times Now (720p) [Geo-blocked],FAIL,HTTP 403,0.2,https://dztlhgid9me95.cloudfront.net/live-tv/Vidgyor/timesnow/timesnow_master.m3u8
TV,iptv-org News,Times Now Navbharat (1080p),OK,HLS playlist + segment reachable,0.15,https://raw.githubusercontent.com/amazeyourself/adaptive-streams/refs/heads/main/streams/in/YuppTV/TimesNowNavbharat.m3u8
TV,iptv-org News,Times Now Navbharat HD (1080p),OK,HLS playlist + segment reachable,0.48,https://yupprestreamliveus.akamaized.net/v1/vglive-sk-717514/main.m3u8
TV,iptv-org News,TN23 (720p),FAIL,HTTP 403,0.17,https://d3qt8k30mpy8xx.cloudfront.net/ts:abr.m3u8
TV,iptv-org News,TN (1080p),UNVERIFIED,no route from test server (geo-lock/IPv6/timeout) - test on the TV box,10.01,http://15.204.246.24:8080/TNHD/index.m3u8
TV,iptv-org News,TNP News (1080p),OK,HLS playlist + segment reachable,1.02,https://server.thelegitpro.in/tnpnews/tnpnews/index.m3u8
TV,iptv-org News,TODAY All Day (1080p),OK,HLS playlist + segment reachable,0.33,https://d37kx062o4ii0p.cloudfront.net/master.m3u8
TV,iptv-org News,TOI Global (1080p),OK,HLS playlist + segment reachable,1.02,https://live.sli.ke/live/npnhm84gz9/master.m3u8
TV,iptv-org News,TOLOnews (720p),PARTIAL,"playlist OK, segment failed: HTTP Error 403: Forbidden",0.29,https://tgn.bozztv.com/eshgtv-dvrfl05/gin-tolonews/index.m3u8
TV,iptv-org News,Tonghua TV (1080p),FAIL,HTTP 567,1.05,http://lsfb.avap.jilintv.cn/zqvk7vpj/channel/43ea5771aa44421591f9dfd2b71f1b9b/index.m3u8
TV,iptv-org News,Top News (720p),OK,HLS playlist + segment reachable,1.85,https://live.topnews.co.th/hls/topnews_a_720.m3u8
TV,iptv-org News,Top News Marathi (1080p),OK,HLS playlist + segment reachable,1.33,https://live1.ottlive.co.in/topnewsmarathi/topnewsmarathi/index.m3u8
TV,iptv-org News,Top Stories by Newsy (720p),OK,HLS playlist + segment reachable,0.51,https://content.uplynk.com/channel/33c48f602cfd4474b957eb4ad999caf8.m3u8
TV,iptv-org News,Tra Vinh TV (1080p),OK,HLS playlist + segment reachable,5.27,https://freem3u.xyz/api/live/play.m3u8?vid=91
TV,iptv-org News,Trailers UK (1080p),OK,HLS playlist + segment reachable,0.44,https://amg01821-lovetvchannels-lovemagazineuk-samsungse-p1sf1.amagi.tv/playlist/amg01821-lovetvchannels-lovemagazineuk-samsungse/playlist.m3u8
TV,iptv-org News,Tribuna TV (720p) [Not 24/7],UNVERIFIED,no route from test server (geo-lock/IPv6/timeout) - test on the TV box,6.06,https://cloudflare.streamgato.us:3300/live/tribunatvlive.m3u8
TV,iptv-org News,TRT (Greece) (720p),PARTIAL,"playlist OK, segment failed: HTTP Error 404: Not Found",2.15,https://av.hellasnet.tv/rst/trt/main_stream.m3u8
TV,iptv-org News,TRT Arabi (1080p) [Not 24/7],OK,HLS playlist + segment reachable,0.67,https://tv-trtarabi.medya.trt.com.tr/master.m3u8
TV,iptv-org News,TRT Haber (720p),OK,HLS playlist + segment reachable,0.82,https://tv-trthaber.medya.trt.com.tr/master.m3u8
TV,iptv-org News,TRT World (720p),OK,HLS playlist + segment reachable,1.01,https://mumbai-edge.smartplaytv.in/TRTWorld/index.m3u8
TV,iptv-org News,TRT World HD,OK,HLS playlist + segment reachable,0.56,https://dash2.antik.sk/live/test_trt_world_atktv/playlist.m3u8
TV,iptv-org News,TSi,UNVERIFIED,no route from test server (geo-lock/IPv6/timeout) - test on the TV box,10.01,http://181.114.57.246:4000/play/9w2G3HTtuTmrtgPZ/index.m3u8
TV,iptv-org News,TSN TeleSondrio News (480p) [Not 24/7],UNVERIFIED,no route from test server (geo-lock/IPv6/timeout) - test on the TV box,10.05,https://59d8c0cee6f3d.streamlock.net/tsn/tsn_mobile/playlist.m3u8
TV,iptv-org News,TurkHaber TV (720p),PARTIAL,"playlist OK, segment failed: HTTP Error 403: Forbidden",1.17,https://edge1.socialsmart.tv/turkhaber/bant1/playlist.m3u8
TV,iptv-org News,Turno (720p),OK,HLS playlist + segment reachable,1.43,https://redirector.dps.live/hls/turno/playlist.m3u8
TV,iptv-org News,TV5 Kannada (576p),OK,HLS playlist + segment reachable,1.01,https://mumt07.tangotv.in/zHjX9OFlTV5KANNADA/index.m3u8
TV,iptv-org News,TV5Monde Info (1080p) [Geo-blocked],FAIL,HTTP 403,0.53,https://ott.tv5monde.com/Content/HLS/Live/channel(info)/variant.m3u8
TV,iptv-org News,TV5 News (576p),OK,HLS playlist + segment reachable,0.46,https://yuppmedtaorire.akamaized.net/v1/master/a0d007312bfd99c47f76b77ae26b1ccdaae76cb1/tv5_nim_https/110322/tv5/playlist.m3u8
TV,iptv-org News,TV9 Bangla (720p),OK,HLS playlist + segment reachable,0.82,https://dyjmyiv3bp2ez.cloudfront.net/pub-iotv9banaen8yq/liveabr/playlist.m3u8
TV,iptv-org News,TV9 Bharatvarsh (720p),OK,HLS playlist + segment reachable,1.02,https://dyjmyiv3bp2ez.cloudfront.net/pub-iotv9hinjzgtpe/liveabr/playlist.m3u8
TV,iptv-org News,TV9 Gujarati (720p),OK,HLS playlist + segment reachable,1.11,https://dyjmyiv3bp2ez.cloudfront.net/pub-iotv9guj3ki8lu/liveabr/playlist.m3u8
TV,iptv-org News,TV9 Kannada (576p),OK,HLS playlist + segment reachable,1.36,https://streams.tangotv.in/TV9KANNADA/ORIGIN/index.m3u8
TV,iptv-org News,TV9 Marathi (720p),OK,HLS playlist + segment reachable,0.83,https://dyjmyiv3bp2ez.cloudfront.net/pub-iotv9marlygv8h/liveabr/playlist.m3u8
TV,iptv-org News,tv9 Telemaremma (576p),OK,HLS playlist + segment reachable,0.31,https://rtmp-live-ingest-us-east-1-universe-dacast-com.akamaized.net/transmuxv1/streams/2095a288-1384-ed2e-5da0-278ccbb72295.m3u8
TV,iptv-org News,TV9 Telugu (720p),OK,HLS playlist + segment reachable,0.76,https://dyjmyiv3bp2ez.cloudfront.net/pub-iotv9telcmjhcs/liveabr/playlist.m3u8
TV,iptv-org News,TV13 Gujarati (480p),UNVERIFIED,no route from test server (geo-lock/IPv6/timeout) - test on the TV box,7.36,https://live.wrencdn.in/wrencdn/hls/tv13_web/index.m3u8
TV,iptv-org News,TV27 News (360p),OK,HLS playlist + segment reachable,1.26,https://mumt04.tangotv.in/m18aqlK4TV27/index.m3u8
TV,iptv-org News,TV30 India (1080p),OK,HLS playlist + segment reachable,0.91,https://stream.tv30bharat.com/hls/shree/bhattji.m3u8
TV,iptv-org News,TV45 (1080p),OK,HLS playlist + segment reachable,1.32,https://server.livelegitpro.in/bnews24/bnews24/video.m3u8
TV,iptv-org News,TV A Folha (720p),OK,HLS playlist + segment reachable,1.23,https://video01.logicahost.com.br/tvafolha/tvafolha/playlist.m3u8
TV,iptv-org News,TV Arta (720p),OK,HLS playlist + segment reachable,0.43,https://gjirafa-video-live.gjirafa.net/gjvideo-live/mps-vgx-u9p-qv1/index.m3u8
TV,iptv-org News,TV Brusque (720p),OK,HLS playlist + segment reachable,1.0,https://5ad482a77183d.streamlock.net/rodrigotvbrusque.com.br/5d880199c902eb4a1e8df00d/playlist.m3u8
TV,iptv-org News,TV Jadran (720p) [Not 24/7],UNVERIFIED,no route from test server (geo-lock/IPv6/timeout) - test on the TV box,6.05,https://tvjadran.stream.agatin.hr:3412/live/tvjadranlive.m3u8
TV,iptv-org News,TV Natal (1080p),UNVERIFIED,no route from test server (geo-lock/IPv6/timeout) - test on the TV box,10.01,http://185.228.163.146:8000/play/a01y/index.m3u8
TV,iptv-org News,TV Paraense (720p),OK,HLS playlist + segment reachable,1.28,https://video09.logicahost.com.br/tvparaense/tvparaense/playlist.m3u
TV,iptv-org News,TV Peru Noticias (1080p),OK,HLS playlist + segment reachable,0.31,http://190.93.224.42/TV-PERU-NOTICIAS/index.m3u8
TV,iptv-org News,TV Punjab (720p) [Geo-blocked],OK,HLS playlist + segment reachable,0.5,https://932y483pdjv8-hls-live.5centscdn.com/stream/deb10bae362f810630ec3abedcae5894.sdp/playlist.m3u8
TV,iptv-org News,TV Sim Cachoeiro (720p),OK,HLS playlist + segment reachable,0.54,https://5cf4a2c2512a2.streamlock.net/8104/8104/playlist.m3u8
TV,iptv-org News,TV Sim Sao Mateus (720p),FAIL,HTTP 404,0.45,https://5cf4a2c2512a2.streamlock.net/8236/8236/playlist.m3u8
TV,iptv-org News,TV SUD (1080p) [Geo-blocked],FAIL,HTTP 403,0.35,https://stream2.live-stream.ro/WebRTCApp/streams/118334672595255049029831.m3u8
TV,iptv-org News,TV Zoom (720p),OK,HLS playlist + segment reachable,1.31,https://cdn.jmvstream.com/w/LVW-9730/LVW9730_LmUwslM8jt/playlist.m3u8
TV,iptv-org News,TVBS News [Geo-blocked],FAIL,URLError: <urlopen error [Errno -2] Name or service not known>,0.24,http://seb.sason.top/sc/tvbsxw_fhd.m3u8
TV,iptv-org News,TVideoNews (720p) [Not 24/7],OK,HLS playlist + segment reachable,1.24,https://video01.logicahost.com.br/tvideonews/tvideonews/playlist.m3u8
TV,iptv-org News,TVK Stella (576p),OK,HLS playlist + segment reachable,0.72,https://stream.tvkstella.pl/stella/stella.m3u8
TV,iptv-org News,TVM El Salvador (720p),FAIL,returned HTML page (geo-block / dead),3.02,https://twitch-m3u8.bastypro112.workers.dev/tvm_esa/index.m3u8
TV,iptv-org News,TVMnews+ [Geo-blocked],UNVERIFIED,no route from test server (geo-lock/IPv6/timeout) - test on the TV box,10.01,http://80.79.6.221:25461/smash/public/20
TV,iptv-org News,TVN24 (720p) [Not 24/7],OK,HLS playlist + segment reachable,0.36,https://edge.essastream.com/vozzmedia/index.m3u8
TV,iptv-org News,TVP World,OK,HLS playlist + segment reachable,0.61,https://dash2.antik.sk/live/test_tvp_world/playlist.m3u8
TV,iptv-org News,TVR Info,OK,HLS playlist + segment reachable,0.5,https://tvr-info.lg.mncdn.com/tvrinfo/smil:tvrinfo.smil/playlist.m3u8
TV,iptv-org News,UMSA TVU LP (720p),OK,HLS playlist + segment reachable,0.28,https://edge.enhdtv.com/8190/index.m3u8
TV,iptv-org News,UN Web TV (540p),OK,HLS playlist + segment reachable,0.4,https://cdnapi.kaltura.com/p/2503451/sp/250345100/playManifest/entryId/1_gb6tjmle/protocol/https/format/applehttp/a.m3u8
TV,iptv-org News,UNE TV (720p),UNVERIFIED,no route from test server (geo-lock/IPv6/timeout) - test on the TV box,6.05,https://amixtv.com:8081/unetvhn/tracks-v1a1/mono.m3u8
TV,iptv-org News,UNews (1080p),OK,HLS playlist + segment reachable,0.74,https://cdn.catiacast.video/abr/9436b5ab3c1171ab04a59af11951292f/playlist.m3u8
TV,iptv-org News,Unicanal,UNVERIFIED,no route from test server (geo-lock/IPv6/timeout) - test on the TV box,10.01,http://45.170.130.224:8000/play/a04y/index.m3u8?hls
TV,iptv-org News,Unifranz (720p),OK,HLS playlist + segment reachable,0.54,https://edge.enhdtv.com/8192/index.m3u8
TV,iptv-org News,USA TODAY (1080p),OK,HLS playlist + segment reachable,0.53,https://cdn-ue1-prod.tsv2.amagi.tv/linear/amg00731-gannettcoinc-usatodaynews-plex/playlist.m3u8
TV,iptv-org News,V6 News (576p),OK,HLS playlist + segment reachable,0.37,https://yuppmedtaorire.akamaized.net/v1/master/a0d007312bfd99c47f76b77ae26b1ccdaae76cb1/v6news_nim_https/140622/v6news/playlist.m3u8
TV,iptv-org News,VEJA+ TV (1080p),OK,HLS playlist + segment reachable,0.16,https://gpa-vja.otteravision.com/gpa/vja/vja.m3u8
TV,iptv-org News,Velicham TV (576p),OK,HLS playlist + segment reachable,1.22,https://mumt05.tangotv.in/87NeALx2VALICHAMPLUS/index.m3u8
TV,iptv-org News,Vergina TV (1080p),UNVERIFIED,no route from test server (geo-lock/IPv6/timeout) - test on the TV box,6.11,https://verginanews.gr:8443/hls_live/stream1.m3u8
TV,iptv-org News,Vinh Long TV 1 (720p),OK,HLS playlist + segment reachable,2.18,https://dethich.pw/thvl1/index.m3u8
TV,iptv-org News,VIP News (360p),FAIL,HTTP 401,1.42,https://live.vipnews24x7.co.in/vipnews24x7/d0dbe915091d400bd8ee7f27f0791303.sdp/playlist.m3u8
TV,iptv-org News,Visir (1080p),OK,HLS playlist + segment reachable,0.95,https://live.visir.is/hls-live/visir.smil/playlist.m3u8
TV,iptv-org News,Vistaar News (1080p),OK,HLS playlist + segment reachable,0.54,https://stream.ottlive.co.in/vistaartv/index.m3u8
TV,iptv-org News,VNP,UNVERIFIED,no route from test server (geo-lock/IPv6/timeout) - test on the TV box,6.14,https://videoserver.tmcreativos.com:19360/visionnoticias/visionnoticias.m3u8
TV,iptv-org News,VoA TV (1080p),OK,HLS playlist + segment reachable,0.6,https://voa-ingest.akamaized.net/hls/live/2033874/tvmc06/playlist.m3u8
TV,iptv-org News,VoA TV Persian (1080p),OK,HLS playlist + segment reachable,0.48,https://voa-ingest.akamaized.net/hls/live/2033876/tvmc07/playlist.m3u8
TV,iptv-org News,Voice of Lebanon (1080p),OK,HLS playlist + segment reachable,0.61,https://svs.itworkscdn.net/vdltvlive/vdltv.smil/playlist.m3u8
TV,iptv-org News,Vouli TV (1080p) [Not 24/7],FAIL,HTTP 403,0.76,https://dev.aftermind.xyz/edge-hls/unitrust/voulitv/index.m3u8?token=8TXWzhY3h6jrzqEqx
TV,iptv-org News,VR Live (720p),OK,HLS playlist + segment reachable,7.01,https://channel.vrlivegujarat.com/hls/vrchannel.m3u8
TV,iptv-org News,VSH News (576p),UNVERIFIED,no route from test server (geo-lock/IPv6/timeout) - test on the TV box,10.01,http://103.250.28.74:8000/play/a00w/index.m3u8
TV,iptv-org News,VTV (Maldives),OK,HLS playlist + segment reachable,0.52,https://sunplay-cdn.bitratelabs.com/live/local-channel/vtv-7a0f24809c234ea78d972b1f336ac1b9/index.m3u8
TV,iptv-org News,VTV News (576p),OK,HLS playlist + segment reachable,1.28,https://live1.ottlive.co.in/vtvgujarati/vtvgujarati/index.m3u8
TV,iptv-org News,W14DK-D 14.2,OK,HLS playlist + segment reachable,0.39,https://2-fss-2.streamhoster.com/pl_118/204972-1954106-1/playlist.m3u8
TV,iptv-org News,Welat TV (1080i),OK,HLS playlist + segment reachable,0.57,https://stream.badinan.xyz/welat/tv/playlist.m3u8
TV,iptv-org News,WELT,OK,HLS playlist + segment reachable,0.55,https://dash4.antik.sk/live/test_welt_tizen/playlist.m3u8
TV,iptv-org News,WION (1080p),OK,HLS playlist + segment reachable,0.47,http://vg-zeefta.akamaized.net/ptnr-yupptv/title-wion/v1/master/611d79b11b77e2f571934fd80ca1413453772ac7/20c3c0d9-0256-43fe-bca6-70fdd490b957/main.m3u8
TV,iptv-org News,World Punjabi TV (1080p),OK,HLS playlist + segment reachable,1.25,https://live1.ottlive.co.in/worldpunjabitv/worldpunjabitv/index.m3u8
TV,iptv-org News,WPLG 10.1 (720p),PARTIAL,"playlist OK, segment failed: HTTP Error 404: Not Found",0.54,https://pubads.g.doubleclick.net/ssai/event/tQD6w9OJQVOobcyV3Dammw/master.m3u8
TV,iptv-org News,WSOC Now (1080p) [Geo-blocked],OK,HLS playlist + segment reachable,0.27,https://amg00327-coxmediagroup-wsocbreaking-plex-t51et.amagi.tv/playlist/amg00327-coxmediagroup-wsocbreaking-plex/playlist.m3u8
TV,iptv-org News,Zee 24 Ghanta (576p),OK,HLS playlist + segment reachable,0.96,https://tvsen6.aynaott.com/DpPnXP9r/index.m3u8
TV,iptv-org News,Zee 24 Kalak (720p),OK,HLS playlist + segment reachable,0.56,https://vg-zeefta.akamaized.net/ptnr-yupptv/title-zee24kalak/v1/manifest/611d79b11b77e2f571934fd80ca1413453772ac7/497f7199-758d-495d-9d2f-a5489231c428/14b7c8ec-16da-47f2-8d7e-5bbaec67b3e2/3.m3u8
TV,iptv-org News,Zee 24 Taas (720p),OK,HLS playlist + segment reachable,0.76,https://dgrvlduwztkd4.cloudfront.net/index_5.m3u8
TV,iptv-org News,Zee Bharat (720p),OK,HLS playlist + segment reachable,1.08,https://vg-zeefta.akamaized.net/ptnr-yupptv/title-zeehindustan/v1/master/611d79b11b77e2f571934fd80ca1413453772ac7/96bbab12-582e-4540-af70-510ab6824581/main.m3u8
TV,iptv-org News,Zee Bihar Jharkhand (720p),OK,HLS playlist + segment reachable,0.33,https://raw.githubusercontent.com/amazeyourself/adaptive-streams/refs/heads/main/streams/in/YuppTV/ZeeBiharJharkhand.m3u8
TV,iptv-org News,Zee Delhi NCR Haryana (720p),OK,HLS playlist + segment reachable,0.81,https://vg-zeefta.akamaized.net/ptnr-yupptv/title-zeedelhincr/v1/master/611d79b11b77e2f571934fd80ca1413453772ac7/cc483a15-1b39-4642-872d-5d08d362ed01/main.m3u8
TV,iptv-org News,Zee Kannada News (720p),OK,HLS playlist + segment reachable,0.81,https://d3vzwoqcbpfm8p.cloudfront.net/index_4.m3u8
TV,iptv-org News,Zee Madhya Pradesh Chhattisgarh (720p),OK,HLS playlist + segment reachable,1.45,https://vg-zeefta.akamaized.net/ptnr-yupptv/title-zeemadhyachhattisgarh/v1/master/611d79b11b77e2f571934fd80ca1413453772ac7/2ab17056-6187-4f0e-a34d-f436ac479d6c/main.m3u8
TV,iptv-org News,Zee News (1080p),OK,HLS playlist + segment reachable,0.18,https://dknttpxmr0dwf.cloudfront.net/index_57.m3u8
TV,iptv-org News,Zee Punjab Haryana Himachal (720p),OK,HLS playlist + segment reachable,0.66,https://vg-zeefta.akamaized.net/ptnr-yupptv/title-zeepunjabharyanahima/v1/master/611d79b11b77e2f571934fd80ca1413453772ac7/65eed269-2f3a-4dd0-ac89-d18959af28e3/main.m3u8
TV,iptv-org News,Zee Rajasthan (720p),OK,HLS playlist + segment reachable,0.55,https://vg-zeefta.akamaized.net/ptnr-yupptv/title-zeerajashthannews/v1/master/611d79b11b77e2f571934fd80ca1413453772ac7/8e864b9a-1681-41a0-99a6-387490bc5b24/main.m3u8
TV,iptv-org News,Zee Tamil News (720p),PARTIAL,"playlist OK, segment failed: <urlopen error Tunnel connection failed: 502 Bad Gateway>",0.15,https://raw.githubusercontent.com/amazeyourself/adaptive-streams/refs/heads/main/streams/in/ZMCL/ZeeTamilNews.m3u8
TV,iptv-org News,Zee Telugu News (720p),OK,HLS playlist + segment reachable,0.85,https://d116gfrn8orazi.cloudfront.net/index.m3u8?akes=eyJ0eXAiOiJKV1QiLCJhbGciOiJIUzI1NiJ9.eyJleHAiOjE3NjcxOTc5NzJ9.O4qmdMPbHwKrCg6hFXvD70vjSPWKQd0a7NrjmFdeMB8
TV,iptv-org News,Zee Uttar Pradesh/Uttarakhand (720p),OK,HLS playlist + segment reachable,0.75,https://duw35ict5q7th.cloudfront.net/index_3.m3u8
TV,iptv-org News,ZillarBarta News,OK,HLS playlist + segment reachable,1.34,https://server.zillarbarta.com/zillarbarta/index.m3u8
TV,iptv-org News,Zoom News (720p),FAIL,HTTP 403,0.21,https://live.zoomnews.info/live/Zoom_playlist.m3u8
TV,iptv-org Music,3ABN Praise Him Music Network,PARTIAL,"playlist OK, segment failed: HTTP Error 403: Forbidden",0.34,https://3abn.bozztv.com/3abn1/PraiseHim/smil:PraiseHim.smil/playlist.m3u8
TV,iptv-org Music,4ever Music (1080p),OK,HLS playlist + segment reachable,0.17,http://stream.mcquack.net/257/index.m3u8
TV,iptv-org Music,4 Fun TV (576i) [Not 24/7],UNVERIFIED,no route from test server (geo-lock/IPv6/timeout) - test on the TV box,6.06,https://stream.4fun.tv:8888/hls/4f_high/index.m3u8
TV,iptv-org Music,4Kurd,OK,HLS playlist + segment reachable,0.48,https://4kuhls.persiana.live/hls/stream.m3u8
TV,iptv-org Music,4 Music,OK,HLS playlist + segment reachable,0.43,https://musichls.persiana.live/hls/stream.m3u8
TV,iptv-org Music,7 RadioVisione (720p),OK,HLS playlist + segment reachable,0.86,https://stream10.xdevel.com/video1s976543-1932/stream/playlist.m3u8
TV,iptv-org Music,7S Music (576p),OK,HLS playlist + segment reachable,0.84,https://cdn.pishow.tv/ott/live/1257/master.m3u8
TV,iptv-org Music,8XM (576p),UNVERIFIED,no route from test server (geo-lock/IPv6/timeout) - test on the TV box,10.0,http://115.42.65.142:9981/stream/channelid/582886861
TV,iptv-org Music,8XM HD,UNVERIFIED,no route from test server (geo-lock/IPv6/timeout) - test on the TV box,6.05,https://cdn4.mjunoon.tv:8087/streamtest/135M/chunks.m3u8
TV,iptv-org Music,9X Jalwa (1080p),OK,HLS playlist + segment reachable,0.31,https://wiselp.wiseplayout.com/9X_Jalwa/master.m3u8
TV,iptv-org Music,9X Jhakaas (1080p),OK,HLS playlist + segment reachable,0.37,https://amg01281-9xmediapvtltd-9xjhakaas-samsungin-ci2cs.amagi.tv/playlist/amg01281-9xmediapvtltd-9xjhakaas-samsungin/playlist.m3u8
TV,iptv-org Music,9X Tashan (1080p),OK,HLS playlist + segment reachable,0.34,https://amg01281-9xmediapvtltd-9xtashan-samsungin-xz1sd.amagi.tv/playlist/amg01281-9xmediapvtltd-9xtashan-samsungin/playlist.m3u8
TV,iptv-org Music,9XM (1080p),OK,HLS playlist + segment reachable,0.69,https://9xjio.wiseplayout.com/9XM/master.m3u8
TV,iptv-org Music,13 Festival (1080p),OK,HLS playlist + segment reachable,0.89,https://origin.dpsgo.com/ssai/event/Nftd0fM2SXasfDlRphvUsg/master.m3u8
TV,iptv-org Music,30A Music (720p),OK,HLS playlist + segment reachable,0.82,https://30a-tv.com/music.m3u8
TV,iptv-org Music,51 Radio TV (480p) [Geo-blocked],OK,HLS playlist + segment reachable,0.44,http://wms.shared.streamshow.it/canale51/canale51/playlist.m3u8
TV,iptv-org Music,70-80 TV,OK,HLS playlist + segment reachable,0.69,https://585b674743bbb.streamlock.net/9050/9050/playlist.m3u8
TV,iptv-org Music,88 Stereo (720p) [Not 24/7],OK,HLS playlist + segment reachable,0.24,http://k3.usastreams.com/CableLatino/88stereo/playlist.m3u8
TV,iptv-org Music,98.1 Pearl FM (720p),OK,HLS playlist + segment reachable,0.27,https://live2.tensila.com/pearl-v-1.pearlfm/hls/live/mystream.m3u8
TV,iptv-org Music,360TuneBox (1080p),OK,HLS playlist + segment reachable,0.65,https://dash3.antik.sk/live/test_360_tunebox_medium_atk/playlist.m3u8
TV,iptv-org Music,¡Viva Latino! (1080p),OK,HLS playlist + segment reachable,0.17,http://stream.mcquack.net/285/index.m3u8
TV,iptv-org Music,A2i Music (720p) [Not 24/7],FAIL,HTTP 404,0.84,https://stream.sen-gt.com/A2iMusic/myStream/playlist.m3u8
TV,iptv-org Music,Aaryaa TV (1080p),OK,HLS playlist + segment reachable,1.72,https://stream.ottlive.co.in/aryatvtamil/index.m3u8
TV,iptv-org Music,Abdulmajeed Abdullah (1080p),PARTIAL,"playlist OK, segment failed: HTTP Error 404: Not Found",0.42,https://d2hng5r56zpsbw.cloudfront.net/out/v1/9c4c990f44bb4767bb46271f326dd574/index.m3u8
TV,iptv-org Music,ACE Country Radio KPVM-LD,OK,HLS playlist + segment reachable,0.3,https://2-fss-1.streamhoster.com/pl_122/206858-4412960-1/playlist.m3u8
TV,iptv-org Music,Activa TV (720p),OK,HLS playlist + segment reachable,0.93,https://streamtv.mediasector.es/hls/activatv/index.m3u8
TV,iptv-org Music,ACW UG TV (480p),UNVERIFIED,no route from test server (geo-lock/IPv6/timeout) - test on the TV box,0.07,https://live.acwugtv.com/hls/stream.m3u8
TV,iptv-org Music,Adria Music Television,UNVERIFIED,no route from test server (geo-lock/IPv6/timeout) - test on the TV box,10.06,https://adriaapp.b-cdn.net/1080p/index.m3u8
TV,iptv-org Music,AE Radio TV (720p) [Not 24/7],OK,HLS playlist + segment reachable,0.84,https://tls-cl.cdnz.cl/aeradio/live/playlist.m3u8
TV,iptv-org Music,AFN TV,OK,HLS playlist + segment reachable,0.2,https://bozztv.com/1gbw5/tintv2/tintv2/playlist.m3u8
TV,iptv-org Music,Afrobeat TV Entertainment (1080p),OK,HLS playlist + segment reachable,0.75,https://stream.ecable.tv/afrobeats/index.m3u8
TV,iptv-org Music,Aghani Aghani TV (1080p),OK,HLS playlist + segment reachable,0.51,https://cdn.streamlane.tv/hls/aghanitv/index.m3u8
TV,iptv-org Music,AlbKanale Music TV HD (1080p),OK,HLS playlist + segment reachable,0.53,https://albportal.net/albkanalemusic.m3u8
TV,iptv-org Music,Alcance FM PLAY TV,UNVERIFIED,no route from test server (geo-lock/IPv6/timeout) - test on the TV box,6.14,https://video.wilohosting.com:19360/alcancefmtv/alcancefmtv.m3u8
TV,iptv-org Music,Alegria TV (720p),OK,HLS playlist + segment reachable,0.47,https://lbgo.bozztv.com/ssh101/ssh101/confirmatv/playlist.m3u8
TV,iptv-org Music,AMC (Afghanistan) (1080p),FAIL,URLError: <urlopen error [SSL: CERTIFICATE_VERIFY_FAILED] certificate ,0.34,https://amchls.wns.live/hls/stream.m3u8
TV,iptv-org Music,AMusic Channel (720p),FAIL,HTTP 503,0.76,http://mn-nl.mncdn.com/amusictv/amusicsrt.stream/playlist.m3u8
TV,iptv-org Music,Andina RTV (720p),FAIL,HTTP 404,2.57,https://live-evg8.tv360.bitel.com.pe/bitel/andinatvSRT/playlist.m3u8
TV,iptv-org Music,Andy Haryana (576p),OK,HLS playlist + segment reachable,1.01,https://mumt03.tangotv.in/Dsly5z3HANDYHARYANA/index.m3u8
TV,iptv-org Music,Antenne Kaernten (720p),OK,HLS playlist + segment reachable,0.44,https://60efd7a2b4d02.streamlock.net/a_kaernten/ngrp:livestream_all/playlist.m3u8
TV,iptv-org Music,Antenne Steiermark (720p),OK,HLS playlist + segment reachable,0.44,https://60efd7a2b4d02.streamlock.net/a_steiermark/ngrp:livestream_all/playlist.m3u8
TV,iptv-org Music,Antenne Vorarlberg (720p) [Not 24/7],UNVERIFIED,no route from test server (geo-lock/IPv6/timeout) - test on the TV box,6.22,https://5857db5306b83.streamlock.net/antennevorarlberg-live/_definst_/mp4:livestream/playlist.m3u8
TV,iptv-org Music,Arabica TV (720p),UNVERIFIED,no route from test server (geo-lock/IPv6/timeout) - test on the TV box,10.07,http://istream.binarywaves.com:8081/hls/arabica/playlist.m3u8
TV,iptv-org Music,ARY Musik (1080p),FAIL,HTTP 403,1.37,https://arymusik.aryzap.com/3fd38b2c62d0c3bbd74aedabb533c03a/6459fa78/v1/01847ac7a4930b8ed5aa6ed04aba/01847ac8f5f70b8ed5aa6ed04abd/main.m3u8
TV,iptv-org Music,ATN Music (360p),OK,HLS playlist + segment reachable,0.58,https://app.ncare.live/c3VydmVyX8RpbEU9Mi8xNy8yMDE0GIDU6RgzQ6NTAgdEoaeFzbF92YWxIZTO0U0ezN1IzMyfvcGVMZEJCTEFWeVN3PTOmdFsaWRtaW51aiPhnPTI/atnmusic.stream/playlist.m3u8
TV,iptv-org Music,Atomic Academy TV (480p),OK,HLS playlist + segment reachable,2.14,https://atomic.streamnet.ro/academia.m3u8
TV,iptv-org Music,Atomic TV (360p),OK,HLS playlist + segment reachable,2.05,https://atomic.streamnet.ro/atomictv.m3u8
TV,iptv-org Music,Audiokiss (1080p),OK,HLS playlist + segment reachable,0.47,https://master.tucableip.com/audiokisstv/index.m3u8
TV,iptv-org Music,Avang TV (1080p),OK,HLS playlist + segment reachable,0.47,https://hls.avang.live/hls/stream.m3u8
TV,iptv-org Music,AXS TV (720p),UNVERIFIED,no route from test server (geo-lock/IPv6/timeout) - test on the TV box,10.01,http://23.239.31.26:8989/axstv/index.m3u8
TV,iptv-org Music,Azahares Radiovisual Multimedia (720p),OK,HLS playlist + segment reachable,0.24,https://streamyes.alsolnet.com/azaharesfm/live/playlist.m3u8
TV,iptv-org Music,B4U Music (576p),OK,HLS playlist + segment reachable,0.87,https://cdn.pishow.tv/ott/live/415/master.m3u8
TV,iptv-org Music,Balle Balle (576p),OK,HLS playlist + segment reachable,1.11,https://streams.tangotv.in/BALLEBALLE/ORIGIN/index.m3u8
TV,iptv-org Music,Balle Balle HD (720p),OK,HLS playlist + segment reachable,0.22,https://mcncdndigital.com/balleballetv/index.m3u8
TV,iptv-org Music,Baraza TV (1080p),UNVERIFIED,no route from test server (geo-lock/IPv6/timeout) - test on the TV box,6.07,https://eco.streams.ovh:8081/barazatv/tracks-v1a1/mono.m3u8
TV,iptv-org Music,Baraza TV Deep House (720p),UNVERIFIED,no route from test server (geo-lock/IPv6/timeout) - test on the TV box,6.05,https://rtmp.streams.ovh:1936/barazarelax/barazazararelax/barazarelax/playlist.m3u8
TV,iptv-org Music,Baraza TV Relaxing (720p),UNVERIFIED,no route from test server (geo-lock/IPv6/timeout) - test on the TV box,6.05,https://rtmp.streams.ovh:1936/barazarelax/barazarelax/playlist.m3u8
TV,iptv-org Music,Beats Radio (480p),UNVERIFIED,no route from test server (geo-lock/IPv6/timeout) - test on the TV box,6.05,https://videostream.shockmedia.com.ar:19360/beatsradio/beatsradio.m3u8
TV,iptv-org Music,BEATTV (1080p),OK,HLS playlist + segment reachable,0.45,https://tv.beatfm.nl/live.m3u8
TV,iptv-org Music,Bel RTL (1080p),FAIL,HTTP 400,0.48,https://bel-live-hls.akamaized.net/hls/live/2038650/BEL-Live-HLS/master.m3u8
TV,iptv-org Music,Best of Dance TV (1080p),OK,HLS playlist + segment reachable,0.91,https://m1b2.worldcast.tv/dancetelevisionone/dancetelevisionone.m3u8
TV,iptv-org Music,Bibel TV Musik (720p),PARTIAL,"playlist OK, segment failed: HTTP Error 403: Forbidden",1.32,https://bibeltv03.iptv-playoutcenter.de/bibeltv03/bibeltv03.stream_1/playlist.m3u8
TV,iptv-org Music,BIZ Music (1080p),OK,HLS playlist + segment reachable,1.8,https://fl.biztv.media/music_720_QAKpGmVUjaPApCNjpsgBxrdqNihAkl/index.m3u8
TV,iptv-org Music,Black (1080p),OK,HLS playlist + segment reachable,0.32,http://stream.mcquack.net/283/index.m3u8
TV,iptv-org Music,BOKTV (720p) [Not 24/7],OK,HLS playlist + segment reachable,1.51,https://livestream2.bokradio.co.za/hls/Bok5c.m3u8
TV,iptv-org Music,Boogle Bollywood (720p),OK,HLS playlist + segment reachable,0.27,https://yuppnimrestreammum.akamaized.net/181224/smil:bogglebollywood.smil/playlist.m3u8?hdnts=st=1735898689~exp=1835898688~acl=*~hmac=f5fe24724fe05481e3841f9eb5ab8efdee0a3dd83645ae9dcf45703f525bab7b
TV,iptv-org Music,Boom TV (1080p),OK,HLS playlist + segment reachable,1.03,https://tvboom.ro/live-tv/live.m3u8
TV,iptv-org Music,BOX TV,UNVERIFIED,no route from test server (geo-lock/IPv6/timeout) - test on the TV box,10.01,http://213.91.179.28:8000/play/a0an
TV,iptv-org Music,BPX TV Radio,UNVERIFIED,no route from test server (geo-lock/IPv6/timeout) - test on the TV box,6.05,https://video1.getstreamhosting.com:1936/8212/8212/playlist.m3u8
TV,iptv-org Music,BTA TV (720p),OK,HLS playlist + segment reachable,0.56,https://cloud.fastchannel.es/manifiest/hls/prog9/btatv.m3u8
TV,iptv-org Music,Buenisima Radio TV,OK,HLS playlist + segment reachable,0.59,https://canal.mediaserver.com.co/live/buenisimatv.m3u8
TV,iptv-org Music,Busuioc TV,UNVERIFIED,no route from test server (geo-lock/IPv6/timeout) - test on the TV box,0.09,https://tt.nfthost.net/static/streaming-playlists/hls/bb907ca9-5cb5-49dd-b276-d77721a9bc6d/master.m3u8
TV,iptv-org Music,Cadena Elite (720p) [Not 24/7],UNVERIFIED,no route from test server (geo-lock/IPv6/timeout) - test on the TV box,6.05,https://cloudvideo.servers10.com:8081/8004/index.m3u8
TV,iptv-org Music,California Music Channel (1080p),OK,HLS playlist + segment reachable,0.29,https://cmc-cmctv-cineverse.amagi.tv/playlist.m3u8
TV,iptv-org Music,Canal 3 KMK TV (720p),OK,HLS playlist + segment reachable,0.4,https://live20.bozztv.com/giatv/giatv-KMKTV/KMKTV/chunks.m3u8
TV,iptv-org Music,CCTV-11 (720p),UNVERIFIED,no route from test server (geo-lock/IPv6/timeout) - test on the TV box,10.01,http://74.91.26.218:82/live/cctv11hd.m3u8
TV,iptv-org Music,CCTV-15 (1080p),PARTIAL,"playlist OK, segment failed: The read operation timed out",0.17,https://xykt-fix.github.io/play/a02e/index.m3u8
TV,iptv-org Music,CCTV-Storm Music (1080p),UNVERIFIED,no route from test server (geo-lock/IPv6/timeout) - test on the TV box,10.01,http://38.75.136.137:98/gslb/dsdqpub/fyyy.m3u8?auth=testpub
TV,iptv-org Music,Chamame TV,OK,HLS playlist + segment reachable,0.45,https://srv4.zcast.com.br/chamametv/chamametv/playlist.m3u8
TV,iptv-org Music,Chocolate FM (720p),UNVERIFIED,no route from test server (geo-lock/IPv6/timeout) - test on the TV box,6.1,https://5eaccbab48461.streamlock.net:1936/8180/8180/playlist.m3u8
TV,iptv-org Music,City TV (Bulgaria) (576p) [Not 24/7],OK,HLS playlist + segment reachable,0.64,https://tv.city.bg/play/tshls/citytv/index.m3u8
TV,iptv-org Music,CKNO-FM (616p),OK,HLS playlist + segment reachable,0.63,https://videostream.jpbgdigital.com/NOWTV.m3u8
TV,iptv-org Music,Classica (720p),FAIL,HTTP 403,1.02,https://jmp2.uk/plu-5f779951372da90007fd45e8.m3u8
TV,iptv-org Music,Clubbing TV France,FAIL,HTTP 504,0.52,https://d1j2csarxnwazk.cloudfront.net/v1/master/3722c60a815c199d9c0ef36c5b73da68a62b09d1/cc-uze1m6xh4fiyr-ssai-prd/master.m3u8
TV,iptv-org Music,Clubbing TV UK (720p),OK,HLS playlist + segment reachable,0.44,https://a-cdn.klowdtv.com/live3/clubbingtv_720p/playlist.m3u8
TV,iptv-org Music,CMC TV (1080p),UNVERIFIED,no route from test server (geo-lock/IPv6/timeout) - test on the TV box,6.11,https://stream.cmctv.hr:49998/cmc/live.m3u8
TV,iptv-org Music,CMC-USA Country Music Channel (720p),OK,HLS playlist + segment reachable,0.36,https://hwlive.streamingmediahosting.com/14215-live/0_obd393sh/playlist.m3u8
TV,iptv-org Music,CMT (720p),UNVERIFIED,no route from test server (geo-lock/IPv6/timeout) - test on the TV box,10.01,http://23.237.104.106:8080/USA_CMT/index.m3u8
TV,iptv-org Music,CMT Equal Play (720p),FAIL,HTTP 403,0.92,https://jmp2.uk/plu-5f68f53eb1e5800007390bf8.m3u8
TV,iptv-org Music,Company TV (720p),OK,HLS playlist + segment reachable,0.43,https://5929b138b139d.streamlock.net/CompanyTV/smil:CompanyTV.smil/master.m3u8
TV,iptv-org Music,Concert Channel (720p),FAIL,HTTP 403,1.95,https://jmp2.uk/plu-6868152657543d1f8be4ece3.m3u8
TV,iptv-org Music,Conecta TV (720p),UNVERIFIED,no route from test server (geo-lock/IPv6/timeout) - test on the TV box,6.05,https://stream8.mexiserver.com:19360/conectatvx/conectatvx.m3u8
TV,iptv-org Music,Cool FM 98.9 (720p),OK,HLS playlist + segment reachable,0.37,https://live2.tensila.com/cool-v-1.arubara/hls/master.m3u8
TV,iptv-org Music,Corazon TV,OK,HLS playlist + segment reachable,0.42,https://sistemastr.tropicalmoonmedia.com/live/7FFCFEC3978B68D1A2ED0A38DE96AF76/12.m3u8
TV,iptv-org Music,Couleur 3 (720p),FAIL,HTTP 403,0.7,https://visualradio-rts-couleur3-d.akamaized.net/out/v1/6a1472634ad745f59a9e63ee8adbbc00/index.m3u8
TV,iptv-org Music,Cumbia Mix (720p),OK,HLS playlist + segment reachable,0.55,https://cloud.tvomix.com/CUMBIAMIX/index.m3u8
TV,iptv-org Music,D Music (1280p) [Not 24/7],UNVERIFIED,no route from test server (geo-lock/IPv6/timeout) - test on the TV box,10.01,http://43.252.18.195:5080/live/streams/WCVNews.playlist.m3u8
TV,iptv-org Music,Dance FM (720p),UNVERIFIED,no route from test server (geo-lock/IPv6/timeout) - test on the TV box,6.06,https://5eaccbab48461.streamlock.net:1936/dancefm_1/dancefm_1/playlist.m3u8
TV,iptv-org Music,Dance Television (1080p),OK,HLS playlist + segment reachable,0.77,https://m1b2.worldcast.tv/dancetelevisionone/2/dancetelevisionone.m3u8
TV,iptv-org Music,Dance TV [Geo-blocked],UNVERIFIED,no route from test server (geo-lock/IPv6/timeout) - test on the TV box,0.3,https://op-group1-swiftservehd-1.dens.tv/h/h250/index.m3u8
TV,iptv-org Music,DanceTV Algorhythm (1080p),UNVERIFIED,no route from test server (geo-lock/IPv6/timeout) - test on the TV box,6.05,https://m2b2.worldcast.tv:7443/dancetelevisionfour/dancetelevisionfour.m3u8
TV,iptv-org Music,DanceTV Deep House District (1080p),OK,HLS playlist + segment reachable,0.9,https://m1b2.worldcast.tv/dancetelevisiontwo/dancetelevisiontwo.m3u8
TV,iptv-org Music,DanceTV EDM Mainstage (1080p),FAIL,HTTP 404,0.83,https://mbit1.worldcast.tv/dancetelevisionseven/multibit.m3u8
TV,iptv-org Music,DanceTV House Floor (1080p),UNVERIFIED,no route from test server (geo-lock/IPv6/timeout) - test on the TV box,6.05,https://m2b2.worldcast.tv:7443/dancetelevisionfive/dancetelevisionfive.m3u8
TV,iptv-org Music,DanceTV Minimal Tech (1080p),FAIL,HTTP 404,0.89,https://mbit1.worldcast.tv/dancetelevisionsix/multibit.m3u8
TV,iptv-org Music,DanceTV Techno Warehouse (1080p),UNVERIFIED,no route from test server (geo-lock/IPv6/timeout) - test on the TV box,6.12,https://m2b2.worldcast.tv:7443/dancetelevisionthree/dancetelevisionthree.m3u8
TV,iptv-org Music,DASDING 90.8 (720p),OK,HLS playlist + segment reachable,0.76,https://swrdasdingvr-hls.akamaized.net/hls/live/2018681/dasdingvr/master.m3u8
TV,iptv-org Music,DBM TV (1080p),OK,HLS playlist + segment reachable,2.07,https://dbmtv.vedge.infomaniak.com/livecast/dbmtv/playlist.m3u8
TV,iptv-org Music,Deep House District (1080p),OK,HLS playlist + segment reachable,1.54,https://eu-nl-012.worldcast.tv/dancetelevisiontwo/dancetelevisiontwo.m3u8
TV,iptv-org Music,Deewana HD (540p),OK,HLS playlist + segment reachable,0.22,https://live20.bozztv.com/giatvplayout7/giatv-209592/index.m3u8
TV,iptv-org Music,Dega TV (720p) [Not 24/7],FAIL,HTTP 404,0.19,https://59d39900ebfb8.streamlock.net/saintlouisltv/saintlouisltv/playlist.m3u8
TV,iptv-org Music,Deluxe Dance (1080p),OK,HLS playlist + segment reachable,0.94,https://sdn-global-live-streaming-packager-cache.3qsdn.com/64733/64733_264_live.m3u8
TV,iptv-org Music,Deluxe Lounge (720p),OK,HLS playlist + segment reachable,1.25,https://jmp2.uk/stvp-CHAJ0500413A
TV,iptv-org Music,Deluxe Music (720p),OK,HLS playlist + segment reachable,1.1,https://sdn-global-live-streaming-packager-cache.3qsdn.com/13456/13456_264_live.m3u8
TV,iptv-org Music,Deluxe Rap (1080p),OK,HLS playlist + segment reachable,0.87,https://sdn-global-live-streaming-packager-cache.3qsdn.com/65183/65183_264_live.m3u8
TV,iptv-org Music,Dhamaal (576p),OK,HLS playlist + segment reachable,0.43,http://107.167.16.138/dhamaal/index.m3u8?token=test
TV,iptv-org Music,Dhool TV (576p),OK,HLS playlist + segment reachable,0.61,https://d1msejlow1t3l4.cloudfront.net/fta/subhartitv/playlist.m3u8
TV,iptv-org Music,Dhoom Music (720p),OK,HLS playlist + segment reachable,0.82,https://cdn.pishow.tv/ott/live/1456/master.m3u8
TV,iptv-org Music,Disco Polo Music (1080p),UNVERIFIED,no route from test server (geo-lock/IPv6/timeout) - test on the TV box,10.01,http://185.227.34.179:8080/disco-polo-music/index.m3u8
TV,iptv-org Music,Dismar Radio TV (720p),OK,HLS playlist + segment reachable,0.3,https://rds3.desdeparaguay.net/dismartv/dismartv/playlist.m3u8
TV,iptv-org Music,DM Sat (576p),PARTIAL,"playlist OK, segment failed: <urlopen error _ssl.c:999: The handshake operation timed out",0.65,https://shift03.isp.bg/DMSat/index.m3u8
TV,iptv-org Music,DMF (1080p) [Not 24/7],PARTIAL,"playlist OK, segment failed: HTTP Error 403: Forbidden",1.15,https://d-m-f.iptv-playoutcenter.de/dmf/dmf1/playlist.m3u8
TV,iptv-org Music,Dream Turk (720p),OK,HLS playlist + segment reachable,0.72,https://live.duhnet.tv/S2/HLS_LIVE/dreamturknp/playlist.m3u8
TV,iptv-org Music,DSTV (Bulgaria) (614p) [Not 24/7],UNVERIFIED,no route from test server (geo-lock/IPv6/timeout) - test on the TV box,10.01,http://46.249.95.140:8081/hls/data.m3u8
TV,iptv-org Music,E40 (1080p),OK,HLS playlist + segment reachable,0.51,https://copacotf.desdeparaguay.net/e40tv/e40tv_py_alta/playlist.m3u8?admin=tvaccion
TV,iptv-org Music,EBS Musika (720p),OK,HLS playlist + segment reachable,0.29,https://rpn.bozztv.com/ebstv/ebsmusika/index.m3u8
TV,iptv-org Music,EcuaMundo Radio TV (720p) [Not 24/7],UNVERIFIED,no route from test server (geo-lock/IPv6/timeout) - test on the TV box,6.06,https://pacific.direcnode.com:3353/live/ecuamundotvlive.m3u8
TV,iptv-org Music,El Radio 9090 FM (480p),OK,HLS playlist + segment reachable,0.46,https://9090video.mobtada.com/hls/stream.m3u8
TV,iptv-org Music,El Sol Network TV (1080p),UNVERIFIED,no route from test server (geo-lock/IPv6/timeout) - test on the TV box,6.06,https://tv.wracanal10.com:3025/live/elsoltvlive.m3u8
TV,iptv-org Music,Ellinikos FM (720p),UNVERIFIED,no route from test server (geo-lock/IPv6/timeout) - test on the TV box,6.11,https://rtmp.win:3603/live/ellinikosfmlive.m3u8
TV,iptv-org Music,Elrodi TV (576p),FAIL,HTTP 403,0.24,http://5.254.89.106/8718/index.m3u8
TV,iptv-org Music,EMI TV,OK,HLS playlist + segment reachable,1.31,https://astra.emitv.ro/hls/emi/index.m3u8
TV,iptv-org Music,EnerGeek Radio (1080p),OK,HLS playlist + segment reachable,0.63,https://backend.energeek.cl/webtv/egradioweb/index.m3u8?token=ZZDemoIPTVGH
TV,iptv-org Music,Epic Music (576p),OK,HLS playlist + segment reachable,1.03,https://mumt04.tangotv.in/m18aqlK4EPICMUSIC/index.m3u8
TV,iptv-org Music,Epic Music Digital (1080p),OK,HLS playlist + segment reachable,1.07,https://cc-3cyxq80qusspd.akamaized.net/v1/master/3722c60a815c199d9c0ef36c5b73da68a62b09d1/cc-3cyxq80qusspd/playlist.m3u8
TV,iptv-org Music,ETV Beats (1080p),OK,HLS playlist + segment reachable,1.87,https://jmp2.uk/stvp-IN4900002RV
TV,iptv-org Music,ETV Music (1080p),FAIL,HTTP 404,1.09,https://mumbai-edge.smartplaytv.in/ETVABHIRUCHI/index.m3u8
TV,iptv-org Music,EU Music (1080p),OK,HLS playlist + segment reachable,0.31,http://stream.mcquack.net/261/index.m3u8
TV,iptv-org Music,Euro Indie Music Chart TV (360p),UNVERIFIED,no route from test server (geo-lock/IPv6/timeout) - test on the TV box,10.01,http://178.33.224.197:1935/euroindiemusic/euroindiemusic/playlist.m3u8
TV,iptv-org Music,Exa TV,UNVERIFIED,no route from test server (geo-lock/IPv6/timeout) - test on the TV box,10.01,http://190.61.90.17:40000/play/a0hk/index.m3u8
TV,iptv-org Music,Fabulosa Estereo 100.5 FM (720p),UNVERIFIED,no route from test server (geo-lock/IPv6/timeout) - test on the TV box,6.06,https://www.streaming507.net:19360/videofabulosa/videofabulosa.m3u8
TV,iptv-org Music,Fairuz (1080p),OK,HLS playlist + segment reachable,0.24,https://shd-amg-fast.edgenextcdn.net/tx029/playlist.m3u8
TV,iptv-org Music,Falastini TV (1080p),OK,HLS playlist + segment reachable,0.49,https://rp.tactivemedia.com/palestiniantv_source/live/playlist.m3u8
TV,iptv-org Music,Famatv (1080p) [Not 24/7],UNVERIFIED,no route from test server (geo-lock/IPv6/timeout) - test on the TV box,6.06,https://tv2.fastcast4u.com:3310/live/famatvlive.m3u8
TV,iptv-org Music,Fame95 FM (480p),FAIL,HTTP 400,0.23,https://rjr-fame.akamaized.net/hls/live/2033820/RJR_FAME/master.m3u8
TV,iptv-org Music,Farra Play (576p),OK,HLS playlist + segment reachable,0.65,https://stream.farra.com.py/live/farra_low.m3u8
TV,iptv-org Music,Fiesta TV,UNVERIFIED,no route from test server (geo-lock/IPv6/timeout) - test on the TV box,6.06,https://panelvideo1.intermediahost.co:3286/live/ruzfpkqklive.m3u8
TV,iptv-org Music,Finest TV (288p) [Not 24/7],OK,HLS playlist + segment reachable,0.94,https://media.finest.tv/hls/live.m3u8
TV,iptv-org Music,Flex Studio Radio TV [Not 24/7],FAIL,HTTP 404,0.24,https://live20.bozztv.com/akamaissh101/ssh101/fsradiotv/playlist.m3u8
TV,iptv-org Music,FM ITALIA (1080p),PARTIAL,"playlist OK, segment failed: HTTP Error 403: Forbidden",0.96,https://stream2.xdevel.com/video0s975817-1183/stream/playlist.m3u8
TV,iptv-org Music,FM Mundo (1080p),OK,HLS playlist + segment reachable,0.42,https://video2.makrodigital.com/fmmundo/fmmundo/playlist.m3u8
TV,iptv-org Music,FM Plus TV (720p),OK,HLS playlist + segment reachable,0.5,https://v2.tustreaming.cl/fmplus/index.m3u8
TV,iptv-org Music,FMTV [Not 24/7],UNVERIFIED,no route from test server (geo-lock/IPv6/timeout) - test on the TV box,6.06,https://s2.tvdatta.com:3307/hybrid/play.m3u8
TV,iptv-org Music,Folk Klub TV (720p),UNVERIFIED,no route from test server (geo-lock/IPv6/timeout) - test on the TV box,10.4,http://tv1.intv.mk:1935/live2/folkklub/index.m3u8
TV,iptv-org Music,Folk TV (1080p) [Not 24/7],OK,HLS playlist + segment reachable,1.31,https://stream.nasatv.com.mk/folktv/hls/folktv_live.m3u8
TV,iptv-org Music,Folklore TV (720p),FAIL,URLError: <urlopen error [SSL: CERTIFICATE_VERIFY_FAILED] certificate ,0.55,https://play.folkloretv.pe/StreamSD/index.m3u8
TV,iptv-org Music,Folx Music Television,OK,HLS playlist + segment reachable,0.36,https://folxapp.b-cdn.net/1080p/index.m3u8
TV,iptv-org Music,Folx Slovenija,OK,HLS playlist + segment reachable,0.44,https://folxsloapp.b-cdn.net/1080p/index.m3u8
TV,iptv-org Music,FomixTV (1080p),OK,HLS playlist + segment reachable,0.45,https://stream.fomixmedia.nl/FomixTV/video.m3u8
TV,iptv-org Music,FTV (Uzbekistan) (576p),OK,HLS playlist + segment reachable,1.12,https://stream8.cinerama.uz/1018/playlist.m3u8
TV,iptv-org Music,Fuego TV [Not 24/7],UNVERIFIED,no route from test server (geo-lock/IPv6/timeout) - test on the TV box,6.06,https://streamunoapp.com:3553/live/cromtvlive.m3u8
TV,iptv-org Music,Fun Vision,OK,HLS playlist + segment reachable,1.67,https://funradiovisionhd.vedge.infomaniak.com/livecast/ik:funradiovisionhd/manifest.m3u8
TV,iptv-org Music,FUSION TV (1080p),OK,HLS playlist + segment reachable,1.14,https://edge20.vedge.infomaniak.com/livecast/ik:fusiontv/manifest.m3u8
TV,iptv-org Music,Galactica TV,FAIL,HTTP 404,0.22,https://stream.neux.site/memfs/e3f59eec-6b93-45e1-a2ab-c82381c2a9ec.m3u8
TV,iptv-org Music,Galaxy TV (720p) [Not 24/7],FAIL,HTTP 403,0.46,https://stream.castr.com/6463248048d6cd3e143655b2/live_43351ad0f3b411ed81c78fcc31887c54/index.fmp4.m3u8
TV,iptv-org Music,GEM 24B,FAIL,HTTP 403,0.19,https://ca-rt.onetv.app/gem24b/index-0.m3u8?token=onetv202
TV,iptv-org Music,GEM Mifa,FAIL,HTTP 403,0.28,https://ca-rt.onetv.app/gemmifa/index-0.m3u8?token=onetv202
TV,iptv-org Music,GEM Mifa +,FAIL,HTTP 403,0.3,https://ca-rt.onetv.app/gemmifaplus/index-0.m3u8?token=onetv202
TV,iptv-org Music,Genial TV (720p),OK,HLS playlist + segment reachable,0.83,https://v1.tustreaming.cl/genialtv/index.m3u8
TV,iptv-org Music,Gex TV (1080p),OK,HLS playlist + segment reachable,0.27,https://live20.bozztv.com/akamaissh101/ssh101/gextvaccess/playlist.m3u8
TV,iptv-org Music,Gigant FM (720p),UNVERIFIED,no route from test server (geo-lock/IPv6/timeout) - test on the TV box,6.05,https://video.uitzending.tv:19360/gigantfm/gigantfm.m3u8
TV,iptv-org Music,GMTV (1080p),FAIL,HTTP 404,0.65,https://livechannel.mdc.akamaized.net/stitch/livechannel/1341/master1400000.m3u8;session=live_stream_1341
TV,iptv-org Music,GO TV (720p),OK,HLS playlist + segment reachable,0.29,https://rds3.desdeparaguay.net/gotv/gotv/playlist.m3u8
TV,iptv-org Music,Gugak TV (1080p),UNVERIFIED,no route from test server (geo-lock/IPv6/timeout) - test on the TV box,7.54,https://mgugaklive.nowcdn.co.kr/gugakvideo/gugakvideo.stream/playlist.m3u8
TV,iptv-org Music,H!t Music Channel (480p),UNVERIFIED,no route from test server (geo-lock/IPv6/timeout) - test on the TV box,10.3,http://hitmusic.hu/hitmusic.m3u8
TV,iptv-org Music,Happy Radio TV (1080p),UNVERIFIED,no route from test server (geo-lock/IPv6/timeout) - test on the TV box,6.05,https://tv.mediacp.eu:8081/happyradio/index.m3u8
TV,iptv-org Music,Harmony Gospel Music TV (1080p),PARTIAL,"playlist OK, segment failed: HTTP Error 403: Forbidden",0.41,https://tgn.bozztv.com/watc57/watc57-harmony/watc57-harmony/index.m3u8
TV,iptv-org Music,Heart Radio Aruba,OK,HLS playlist + segment reachable,0.23,https://live2.tensila.com/heart-v-1.heartar/hls/live/mystream.m3u8
TV,iptv-org Music,HEi Now (1080p),OK,HLS playlist + segment reachable,0.5,https://copacogen.desdeparaguay.net/heitv/heitv_py_alta/playlist.m3u8?admin=nacion
TV,iptv-org Music,High Vision TV (1080p) [Not 24/7],OK,HLS playlist + segment reachable,0.44,https://streamer1.connectto.com/HIGHVISION_WEB_1205/index.m3u8
TV,iptv-org Music,Hit Mix Music,UNVERIFIED,no route from test server (geo-lock/IPv6/timeout) - test on the TV box,10.01,http://213.91.179.28:8000/play/a0cl
TV,iptv-org Music,Hitradio O3 (720p),OK,application/dash+xml,1.2,https://studiocam-oe3.mdn.ors.at/orf/studiocam_oe3/q6a/manifest.mpd
TV,iptv-org Music,Hits 360 TV (720p) [Not 24/7],UNVERIFIED,no route from test server (geo-lock/IPv6/timeout) - test on the TV box,10.04,http://cm.hostlagarto.com:8081/hits360tv/hits360HD.myStream/playlist.m3u8
TV,iptv-org Music,HMI PROMZ NEWS (720p),UNVERIFIED,no route from test server (geo-lock/IPv6/timeout) - test on the TV box,6.05,https://video1.getstreamhosting.com:1936/8326/8326/playlist.m3u8
TV,iptv-org Music,Hype Visual Radio (1080p),OK,HLS playlist + segment reachable,0.59,https://streammix.alsolnet.com/hyperadio/live/playlist.m3u8
TV,iptv-org Music,Identite Tele Caraibes (548p),UNVERIFIED,no route from test server (geo-lock/IPv6/timeout) - test on the TV box,6.05,https://vdo2.pro-fhi.net:3769/stream/play.m3u8
TV,iptv-org Music,Imagen FM 105.1 (720p) [Not 24/7],UNVERIFIED,no route from test server (geo-lock/IPv6/timeout) - test on the TV box,3.05,https://streaming.imagenfm105-1.com/hls/stream.m3u8
TV,iptv-org Music,Impact TV (Romania) (1080p),UNVERIFIED,no route from test server (geo-lock/IPv6/timeout) - test on the TV box,6.05,https://live.tvimpact.ro:8088/hevc/index.m3u8
TV,iptv-org Music,Impact TV Dance (1080p),OK,HLS playlist + segment reachable,0.5,https://online.tvimpact.live/hls/dancetv.m3u8
TV,iptv-org Music,Impact TV Manele (1080p),OK,HLS playlist + segment reachable,0.62,https://online.tvimpact.live/hls/impact_tv.m3u8
TV,iptv-org Music,Infinita TV (1080p),UNVERIFIED,no route from test server (geo-lock/IPv6/timeout) - test on the TV box,6.06,https://s2.tvdatta.com:3753/hybrid/play.m3u8
TV,iptv-org Music,InRating TV (1080p),OK,HLS playlist + segment reachable,0.16,http://stream.mcquack.net/147/index.m3u8
TV,iptv-org Music,Insync (576p),OK,HLS playlist + segment reachable,1.05,https://mumt04.tangotv.in/m18aqlK4INSYNC/index.m3u8
TV,iptv-org Music,Interradio TV,UNVERIFIED,no route from test server (geo-lock/IPv6/timeout) - test on the TV box,6.05,https://tv.arkeo.cl:1936/8002/8002/playlist.m3u8
TV,iptv-org Music,INTV Australia (720p),UNVERIFIED,no route from test server (geo-lock/IPv6/timeout) - test on the TV box,10.27,http://tv1.intv.mk:1935/live/intv/index.m3u8
TV,iptv-org Music,IQ Channel (720p),OK,HLS playlist + segment reachable,0.39,https://rtmp.info/iqtv/envivo/playlist.m3u8
TV,iptv-org Music,Isai Aruvi (396p),OK,HLS playlist + segment reachable,0.29,https://segment.yuppcdn.net/140622/isaiaruvi/playlist.m3u8
TV,iptv-org Music,Isango TV (480p) [Not 24/7],UNVERIFIED,no route from test server (geo-lock/IPv6/timeout) - test on the TV box,10.01,http://80.241.215.175:1935/isangostar/isangostar/playlist.m3u8
TV,iptv-org Music,Ishtar TV SD (1080p),OK,HLS playlist + segment reachable,0.53,https://stream.ishtartv.com/live/iShtarHD/playlist.m3u8
TV,iptv-org Music,Italianissimo (360p) [Not 24/7],FAIL,HTTP 404,0.32,https://vcp.myplaytv.com/italianissimo/italianissimo/playlist.m3u8
TV,iptv-org Music,Ivoire Channel (720p),UNVERIFIED,no route from test server (geo-lock/IPv6/timeout) - test on the TV box,6.06,https://video1.getstreamhosting.com:1936/8244/8244/playlist.m3u8
TV,iptv-org Music,Jalwa TV,UNVERIFIED,no route from test server (geo-lock/IPv6/timeout) - test on the TV box,10.01,http://119.156.228.231:9983/stream/channelid/1893273325?profile=pass&ticket=B3DB50D5930411D593B973B8404789C46D3559B8
TV,iptv-org Music,Jawhara TV (720p) [Not 24/7],UNVERIFIED,no route from test server (geo-lock/IPv6/timeout) - test on the TV box,10.05,http://streaming.toutech.net:1935/live/mp4:jawharafm.sdp/playlist.m3u8
TV,iptv-org Music,Jazz TV (1080p) [Not 24/7],OK,HLS playlist + segment reachable,1.08,https://stream.nasatv.com.mk/jazztv/hls/jazztv_live.m3u8
TV,iptv-org Music,Jeddah Radio (1080p),OK,HLS playlist + segment reachable,0.62,https://live.kwikmotion.com/sbrksajeddahradiolive/srpksajeddahradio/chunks.m3u8
TV,iptv-org Music,Joe FM (720p) [Not 24/7],UNVERIFIED,no route from test server (geo-lock/IPv6/timeout) - test on the TV box,0.08,https://dpp-streamlive-plain.medialaancdn.be/joe_kijklive/plain/hls_hd.m3u8
TV,iptv-org Music,JooMusic (720p),OK,HLS playlist + segment reachable,0.42,https://livecdn.live247stream.com/joomusic/tv/playlist.m3u8
TV,iptv-org Music,Jordan Songs (1080p),OK,HLS playlist + segment reachable,0.42,https://playlist.fasttvcdn.com/pl/cc0blorawy1ibohhrupraa/Song/playlist.m3u8
TV,iptv-org Music,JRTV Jarviradio (720p),OK,HLS playlist + segment reachable,0.89,https://streamer.radiotaajuus.fi/memfs/47f113bf-04ea-493b-a9d4-52945fd9db31.m3u8
TV,iptv-org Music,Juice TV (1080p) [Not 24/7],UNVERIFIED,no route from test server (geo-lock/IPv6/timeout) - test on the TV box,0.1,https://juicex.nz/hls/mystream.m3u8
TV,iptv-org Music,K100 (1080p),OK,HLS playlist + segment reachable,0.54,https://k100streymi.mbl.is/beint/k100/index.m3u8
TV,iptv-org Music,Kalika TV (576p),OK,HLS playlist + segment reachable,0.66,http://server.applelive.in/kalikatv/kalikatv.m3u8
TV,iptv-org Music,KandelaTV (480p),UNVERIFIED,no route from test server (geo-lock/IPv6/timeout) - test on the TV box,6.06,https://streamtv.intervenhosting.net:3718/live/kandelamedioslive.m3u8
TV,iptv-org Music,Karibena (720p),UNVERIFIED,no route from test server (geo-lock/IPv6/timeout) - test on the TV box,10.01,http://187.102.210.46/KARIBENA/index.m3u8
TV,iptv-org Music,Kayhan TV (720p),OK,HLS playlist + segment reachable,0.38,https://playout395.livestreamingcdn.com/live/Stream1/playlist.m3u8
TV,iptv-org Music,Kiss Kiss Napoli TV (720p),OK,HLS playlist + segment reachable,0.45,https://58f12ffd2447a.streamlock.net/KKTVNapoli/livestream/playlist.m3u8
TV,iptv-org Music,Kiss Kiss TV (1080p),OK,HLS playlist + segment reachable,0.47,https://58f12ffd2447a.streamlock.net/KKMulti/livestream/playlist.m3u8
TV,iptv-org Music,Kiss TV (1080p),OK,HLS playlist + segment reachable,0.96,https://tv.broadcasting.ro/kisstv/a629c031-2170-4ee9-a36d-87a891aa3131.m3u8
TV,iptv-org Music,Klape i Tambure TV (1080p),UNVERIFIED,no route from test server (geo-lock/IPv6/timeout) - test on the TV box,6.05,https://stream.cmctv.hr:49998/kit/live.m3u8
TV,iptv-org Music,Klara (720p),OK,HLS playlist + segment reachable,0.49,https://live.vrtcdn.be/groupb/live/9c429b62-e160-417a-b438-cdf985bcd352/live.isml/.m3u8
TV,iptv-org Music,KN Music TV,OK,HLS playlist + segment reachable,0.87,https://cdn4.yayin.com.tr/kntv/tracks-v1a1/mono.m3u8
TV,iptv-org Music,Kool TV (720p),FAIL,returned HTML page (geo-block / dead),2.97,https://twitch-m3u8.bastypro112.workers.dev/kooltvlive/index.m3u8
TV,iptv-org Music,KpopTV Play (576p),OK,HLS playlist + segment reachable,0.28,https://giatv.bozztv.com/giatv/giatv-kpoptvplay/kpoptvplay/playlist.m3u8
TV,iptv-org Music,Kral Pop TV (720p),PARTIAL,"playlist OK, segment failed: HTTP Error 403: Forbidden",0.68,https://dogus-live.daioncdn.net/kralpoptv/playlist.m3u8
TV,iptv-org Music,Kronehit (1080p),OK,HLS playlist + segment reachable,0.74,https://bitcdn-kronehit.bitmovin.com/v2/hls/playlist.m3u8
TV,iptv-org Music,Kuriakos Music (1080p),UNVERIFIED,no route from test server (geo-lock/IPv6/timeout) - test on the TV box,10.01,http://195.23.211.179:1935/kmusic/smil:kmusic.smil/playlist.m3u8
TV,iptv-org Music,La 98.1 TV (720p) [Not 24/7],UNVERIFIED,no route from test server (geo-lock/IPv6/timeout) - test on the TV box,6.06,https://6019dcac4147f.streamlock.net:9443/la98/Invosa/playlist.m3u8
TV,iptv-org Music,La 100 (1080p),OK,HLS playlist + segment reachable,0.16,https://mdstrm.com/live-stream-playlist/68b74fd1d6512526f1f7c75a.m3u8
TV,iptv-org Music,La Clave (720p),OK,HLS playlist + segment reachable,1.04,https://unlimited1-cl-isp.dps.live/laclavetv/laclavetv.smil/playlist.m3u8
TV,iptv-org Music,La Fabulosa TV (720p),UNVERIFIED,no route from test server (geo-lock/IPv6/timeout) - test on the TV box,6.05,https://eu1.servers10.com:8081/8004/index.m3u8
TV,iptv-org Music,La Granja TV,OK,HLS playlist + segment reachable,0.58,https://oracle.streaminghd.cl/8126/8126/playlist.m3u8
TV,iptv-org Music,La Hermandad Salsera (1080p) [Not 24/7],FAIL,HTTP 404,0.28,https://streamlov.alsolnet.com/hermandadsalsera/live/playlist.m3u8
TV,iptv-org Music,La Kalle (720p),OK,HLS playlist + segment reachable,1.19,https://mdstrm.com/live-stream-playlist/58d191f07290fbb058025843.m3u8
TV,iptv-org Music,La Morada Radio TV (720p),OK,HLS playlist + segment reachable,0.48,https://movil.ejeserver.com/live/lamoradatv.m3u8
TV,iptv-org Music,La Perla Radio TV (720p) [Not 24/7],UNVERIFIED,no route from test server (geo-lock/IPv6/timeout) - test on the TV box,6.05,https://eu1.servers10.com:8081/8068/index.m3u8
TV,iptv-org Music,La Que Buena Atlanta,FAIL,HTTP 404,0.24,https://streamyes.alsolnet.com/quebuenaatlanta/live/index.m3u8
TV,iptv-org Music,La Top 102.9 (720p),OK,HLS playlist + segment reachable,0.23,https://59d39900ebfb8.streamlock.net/top102/top102/playlist.m3u8
TV,iptv-org Music,La Top 107.7 (720p),FAIL,HTTP 404,0.22,https://59d39900ebfb8.streamlock.net/top107/top107/playlist.m3u8
TV,iptv-org Music,La Urban TV (1080p) [Not 24/7],UNVERIFIED,no route from test server (geo-lock/IPv6/timeout) - test on the TV box,6.12,https://urbanrevolution.es:8443/live/TV/playlist.m3u8
TV,iptv-org Music,La Voz del Tropico (480p) [Geo-blocked],UNVERIFIED,no route from test server (geo-lock/IPv6/timeout) - test on the TV box,6.05,https://ss2.tvrdomi.com:1936/lavozdeltropico/lavozdeltropico/playlist.m3u8
TV,iptv-org Music,La-X (720p),OK,HLS playlist + segment reachable,0.64,https://stream.eleden.com/livelax/ngrp:livelax_all/playlist.m3u8
TV,iptv-org Music,Lamore Rock Show WebTV (720p),OK,HLS playlist + segment reachable,0.99,https://a.cdni.live/rodrigo2364/rodrigo2364/playlist.m3u8
TV,iptv-org Music,LaPuraCrema Television,FAIL,HTTP 404,0.33,https://streamlov.alsolnet.com/lapuracrema/live/playlist.m3u8
TV,iptv-org Music,Lausitzwelle (1080p),OK,HLS playlist + segment reachable,1.15,https://h056.video-stream-hosting.de/easycast11-live/_definst_/mp4:livestreamhd2/playlist.m3u8?ref=
TV,iptv-org Music,LaXitosa Panama (360p) [Not 24/7],FAIL,URLError: <urlopen error [SSL: CERTIFICATE_VERIFY_FAILED] certificate ,0.61,https://stmvideo2.livecastv.com/lax953/lax953/playlist.m3u8
TV,iptv-org Music,LiraTV (720p),UNVERIFIED,no route from test server (geo-lock/IPv6/timeout) - test on the TV box,6.13,https://cloud2.streaminglivehd.com:1936/liratv/liratv/playlist.m3u8
TV,iptv-org Music,Littoral FM TV (720p),OK,HLS playlist + segment reachable,0.71,https://live.creacast.com/littoralfm-ch1/stream/playlist.m3u8
TV,iptv-org Music,Live99FM (1080p),UNVERIFIED,no route from test server (geo-lock/IPv6/timeout) - test on the TV box,6.13,https://media.streambrothers.com:1936/8014/8014/playlist.m3u8
TV,iptv-org Music,LIVExLIVE (1080p),OK,HLS playlist + segment reachable,0.77,https://livestream.liveone.com/lc1/p1.m3u8
TV,iptv-org Music,Lobo TV (720p),OK,HLS playlist + segment reachable,0.41,https://5ca3e84a76d30.streamlock.net/tvlobo/videotvlobo/playlist.m3u8
TV,iptv-org Music,Look Thoong TV (720p) [Not 24/7],OK,HLS playlist + segment reachable,0.36,https://livefta.malimarcdn.com/ftaedge00/lookthoongtv.sdp/playlist.m3u8
TV,iptv-org Music,Los Angeles TV Radio,OK,HLS playlist + segment reachable,0.33,https://stmv6.voxtvhd.com.br/losangeles/losangeles/playlist.m3u8
TV,iptv-org Music,Love TV (1080p) [Not 24/7],FAIL,HTTP 404,1.12,https://stream.nasatv.com.mk/lovetv/hls/lovetv_live.m3u8
TV,iptv-org Music,LRT Klasika (1080p),OK,HLS playlist + segment reachable,0.46,https://stream-live.lrt.lt/klasika/master.m3u8
TV,iptv-org Music,LRT Opus (1080p),OK,HLS playlist + segment reachable,0.69,https://stream-live.lrt.lt/opus/master.m3u8
TV,iptv-org Music,M1 (Ukraine) (1080p),OK,HLS playlist + segment reachable,0.32,http://stream.mcquack.net/218/index.m3u8
TV,iptv-org Music,M2 (Ukraine) (1080p),OK,HLS playlist + segment reachable,0.32,http://stream.mcquack.net/330/index.m3u8
TV,iptv-org Music,m2o TV (1080p),UNVERIFIED,no route from test server (geo-lock/IPv6/timeout) - test on the TV box,10.26,https://4c4b867c89244861ac216426883d1ad0.msvdn.net/live/S62628868/uhdWBlkC1AoO/playlist.m3u8
TV,iptv-org Music,M6 Music (720p),FAIL,HTTP 403,0.28,http://145.239.5.177/320/index.m3u8
TV,iptv-org Music,M-1 (480p),OK,HLS playlist + segment reachable,1.2,https://m-1.data.lt/m-1/smil:m-1.smil/playlist.m3u8
TV,iptv-org Music,Madras FM TV (1080p),OK,HLS playlist + segment reachable,1.01,https://edge12.vedge.infomaniak.com/livecast/ik:madrasfmtv/manifest.m3u8
TV,iptv-org Music,MagentaMusik 360 (1080p),FAIL,HTTP 403,0.65,https://streaming.magentamusik.de/csm/573870/magentamusik1/index.m3u8
TV,iptv-org Music,Magic TV (Bulgaria) (720p),OK,HLS playlist + segment reachable,0.89,https://bss1.neterra.tv/magictv/magictv.m3u8
TV,iptv-org Music,Magic TV (Romania) (720p),OK,HLS playlist + segment reachable,0.93,https://tv.broadcasting.ro/magictv/925f90db-5c88-4190-a53d-5163cdffe6f4.m3u8
TV,iptv-org Music,Maimon TV Canal 3 (720p) [Not 24/7],OK,HLS playlist + segment reachable,0.41,https://tele-stream.telecasa.net/live/st3/maimontv-hd/index.m3u8
TV,iptv-org Music,Majid Al Mohandis (1080p),OK,HLS playlist + segment reachable,0.35,https://shd-amg-fast.edgenextcdn.net/tx019/playlist.m3u8
TV,iptv-org Music,Makao TV (1080i),OK,HLS playlist + segment reachable,0.52,https://live.obslivestream.com/makaomux/index.m3u8
TV,iptv-org Music,Maqui TV,OK,HLS playlist + segment reachable,0.4,https://streamyes.alsolnet.com/maquiradio/live/playlist.m3u8
TV,iptv-org Music,Marina TV (1080p),FAIL,URLError: <urlopen error [SSL: CERTIFICATE_VERIFY_FAILED] certificate ,1.07,https://ffs.gulfsat.com/Marina-TV-HD/index.m3u8
TV,iptv-org Music,Mas23 TV,OK,HLS playlist + segment reachable,0.4,https://movil.ejeserver.com/live/mas23tv.m3u8
TV,iptv-org Music,Mas FM (720p),UNVERIFIED,no route from test server (geo-lock/IPv6/timeout) - test on the TV box,6.05,https://vivo.solumedia.com:19360/masfm/masfm.m3u8
TV,iptv-org Music,MasMusica FM (720p),OK,HLS playlist + segment reachable,0.3,https://movil.ejeserver.com/live/masmusica.m3u8
TV,iptv-org Music,Mastiii (576p),OK,HLS playlist + segment reachable,1.09,https://mumbai-edge.smartplaytv.in/MastiMusic/index.m3u8
TV,iptv-org Music,Mazzika (576p),UNVERIFIED,no route from test server (geo-lock/IPv6/timeout) - test on the TV box,10.01,http://149.100.11.235:8080/Mazzika/index.m3u8
TV,iptv-org Music,MBC America (1080p),OK,HLS playlist + segment reachable,0.35,https://cdn-us-east-prod-ingest-infra-dacast-com.akamaized.net/624ff8f9-db18-da92-4d42-896fa2ff3eb3/source/index.m3u8
TV,iptv-org Music,MBC FM (1080p),OK,HLS playlist + segment reachable,0.45,https://dbbv9umqcd7cs.cloudfront.net/out/v1/db15b75c3cc0400c91961468d6a232ac/index.m3u8
TV,iptv-org Music,MBC Loud,OK,HLS playlist + segment reachable,0.56,https://radio-loud-fm.mbc.net/radio-loud-fm_1.m3u8
TV,iptv-org Music,MBC Mood (1080p),OK,HLS playlist + segment reachable,0.48,https://shd-gcp-live.edgenextcdn.net/live/bitmovin-mbc-mood/78367bf48ccdba501d0d014a10c21031/index.m3u8
TV,iptv-org Music,MCM Top (576p),OK,HLS playlist + segment reachable,0.38,http://46.32.176.50/mcmtop/index.m3u8
TV,iptv-org Music,Med Muzik (1080p),OK,HLS playlist + segment reachable,0.24,http://54.36.110.140/live3/live3.m3u8
TV,iptv-org Music,MegaBox (720p) [Not 24/7],OK,video/x-flv,1.21,https://hdbox.chunklistv.com/live?stream=megabox
TV,iptv-org Music,Megogo Music,FAIL,HTTP 404,1.2,https://ext.cdn.nashnet.tv/228.0.2.214/index.m3u8
TV,iptv-org Music,Melody FM (720p) [Not 24/7],OK,HLS playlist + segment reachable,0.32,https://cdn3.wowza.com/1/OVRrOWxXUEswS2Yv/eGVxSWZy/hls/live/playlist.m3u8
TV,iptv-org Music,Messatida TV (720p),UNVERIFIED,no route from test server (geo-lock/IPv6/timeout) - test on the TV box,6.05,https://rtmp.streams.ovh:8081/mtv/index.m3u8
TV,iptv-org Music,Metaleitor TV,OK,HLS playlist + segment reachable,0.48,https://vs20.live.opencaster.com/metaleitortv_423d3342/index.m3u8
TV,iptv-org Music,Metropoli Medios TV (720p),UNVERIFIED,no route from test server (geo-lock/IPv6/timeout) - test on the TV box,6.05,https://eu1.servers10.com:8081/8214/index.m3u8
TV,iptv-org Music,Metropolitana del Cuzco,FAIL,HTTP 404,0.21,https://video1.earthcam.com/myearthcam/075ff02f78c35af55564cf3af3b3f750.flv/playlist.m3u8
TV,iptv-org Music,Mezzo (1080p),UNVERIFIED,no route from test server (geo-lock/IPv6/timeout) - test on the TV box,10.01,http://str2.iptvhd.ru:8080/Mezzo_HD/index.m3u8
TV,iptv-org Music,Mezzo Live (1080p),OK,application/vnd.apple.mpegurl,0.16,http://stream.mcquack.net/276/index.m3u8
TV,iptv-org Music,mfm (1080p),OK,HLS playlist + segment reachable,0.65,https://hms.pfs.gdn/hms/v1/broadcast/hlmvmp2hfriode891/playlist.m3u8
TV,iptv-org Music,Mh 1 Music (720p),OK,HLS playlist + segment reachable,0.3,https://livestream.jswk.online/playlisttest/live/playlist.m3u8
TV,iptv-org Music,Miel TV (720p),UNVERIFIED,no route from test server (geo-lock/IPv6/timeout) - test on the TV box,7.93,https://live-evg5.tv360.bitel.com.pe/bitel/mieltvSRT/playlist.m3u8
TV,iptv-org Music,Millenium 109 FM,UNVERIFIED,no route from test server (geo-lock/IPv6/timeout) - test on the TV box,6.06,https://videoserver.tmcreativos.com:19360/nqvnhujhrx/nqvnhujhrx.m3u8
TV,iptv-org Music,MNM (720p),FAIL,HTTP 400,0.27,https://live-radio-cf-vrt.akamaized.net/groupa/live/bac277a1-306d-44a0-8e2e-e5b9c07fa270/live.isml/.m3u8
TV,iptv-org Music,Mohammed Abdo (1080p),PARTIAL,"playlist OK, segment failed: HTTP Error 404: Not Found",0.3,https://d2ow8h651gs7dx.cloudfront.net/out/v1/371fb663da604e659a2fb99bf89d92d4/index.m3u8
TV,iptv-org Music,Molahits TV (720p),UNVERIFIED,no route from test server (geo-lock/IPv6/timeout) - test on the TV box,10.14,http://ventdelnord.tv:8080/mola/directe.m3u8
TV,iptv-org Music,Montones TV (1080p),OK,HLS playlist + segment reachable,0.25,https://lbgo.bozztv.com/ssh101/ssh101/montonestv1/playlist.m3u8
TV,iptv-org Music,Mooz Dance,OK,HLS playlist + segment reachable,0.68,https://tvextra-hls.b-cdn.net/moozdance/moozdance.m3u8
TV,iptv-org Music,Mooz Hits,OK,HLS playlist + segment reachable,0.65,https://tvextra-hls.b-cdn.net/moozhits/moozhits.m3u8
TV,iptv-org Music,Mooz Ro!,OK,HLS playlist + segment reachable,0.76,https://tvextra-hls.b-cdn.net/moozro/moozro.m3u8
TV,iptv-org Music,Mosaique FM (1080p),OK,HLS playlist + segment reachable,0.68,https://webcam.mosaiquefm.net/mosatv/_definst_/studio/playlist.m3u8?DVR
TV,iptv-org Music,Movie Music by Stingray (1080p),OK,HLS playlist + segment reachable,0.25,https://lotus.stingray.com/manifest/cmusic-cme004-montreal/samsungtvplus/master.m3u8
TV,iptv-org Music,MTV Biggest Pop (1080p),FAIL,HTTP 403,0.27,https://jmp2.uk/plu-5d14fd1a252d35decbc4080c.m3u8
TV,iptv-org Music,MTV Biggest Pop BR (1080p),FAIL,HTTP 403,0.94,https://jmp2.uk/plu-6047fbdbbb776a0007e7f2ff.m3u8
TV,iptv-org Music,MTV Biggest Pop CA (1080p),FAIL,HTTP 403,0.5,https://jmp2.uk/plu-65410176770cf1000866bf31.m3u8
TV,iptv-org Music,MTV Biggest Pop LatAm (1080p),FAIL,HTTP 403,1.0,https://jmp2.uk/plu-6047fabfce6e8e00070bcc9f.m3u8
TV,iptv-org Music,MTV Classic BR (720p),FAIL,HTTP 403,1.07,https://jmp2.uk/plu-66a01dcb8561260008b0a41d.m3u8
TV,iptv-org Music,MTV Classic CA (720p),FAIL,HTTP 403,0.28,https://jmp2.uk/plu-654100b4bdf3cf0008aa49c7.m3u8
TV,iptv-org Music,MTV Classic LatAm (720p),FAIL,HTTP 403,0.94,https://jmp2.uk/plu-66a11a21a79dea0008aa90ca.m3u8
TV,iptv-org Music,MTV Flow Latino (720p),FAIL,HTTP 403,0.29,https://jmp2.uk/plu-5d3609cd6a6c78d7672f2a81.m3u8
TV,iptv-org Music,MTV Flow Latino LatAm (720p),FAIL,HTTP 403,0.96,https://jmp2.uk/plu-62b218fc511d4b00070ddc0c.m3u8
TV,iptv-org Music,MTV Live (720p),UNVERIFIED,no route from test server (geo-lock/IPv6/timeout) - test on the TV box,10.01,http://23.237.104.106:8080/USA_MTV_LIVE/index.m3u8
TV,iptv-org Music,MTV Spankin' New (1080p),FAIL,HTTP 403,0.28,https://jmp2.uk/plu-5d14fdb8ca91eedee1633117.m3u8
TV,iptv-org Music,MTV Spankin' New CA (1080p),FAIL,HTTP 403,0.92,https://jmp2.uk/plu-6541010f770cf1000866be98.m3u8
TV,iptv-org Music,Music Box Brazil (720p),OK,HLS playlist + segment reachable,0.31,http://168.197.104.22/MUSIC/index.m3u8
TV,iptv-org Music,Music Box Classic,UNVERIFIED,no route from test server (geo-lock/IPv6/timeout) - test on the TV box,10.01,http://88.212.15.19/live/mb_classic/index.m3u8
TV,iptv-org Music,Music Box Dance,UNVERIFIED,no route from test server (geo-lock/IPv6/timeout) - test on the TV box,10.01,http://88.212.15.19/live/mb_dance/index.m3u8
TV,iptv-org Music,Music Box Hits,UNVERIFIED,no route from test server (geo-lock/IPv6/timeout) - test on the TV box,10.01,http://88.212.15.19/live/mb_hits/index.m3u8
TV,iptv-org Music,Music Box Polska Ukraine,PARTIAL,"playlist OK, segment failed: HTTP Error 401: Unauthorized",0.7,http://777905.live.tvstitch.com/playlist.m3u8?source=aHR0cHM6Ly9obHMtY2RuMS5keXZ5YXBwLmNvbS9NdXNpYy1Cb3gvdHJhY2tzLXYxYTEvbW9uby50cy5tM3U4P3Rva2VuPWV5SmhiR2NpT2lKSVV6STFOaUlzSW5SNWNDSTZJa3BYVkNKOS5leUpqYUdGdWJtVnNYMmxrSWpvMU55d2lZMmhoYm01bGJGOXVZVzFsSWpvaVRYVnphV01nUW05NElpd2lhWEFpT2lJeE56Z3VNVE0yTGpReUxqSXlNQ0lzSW1OdmRXNTBjbmtpT2lKVmEzSmhhVzVsSWl3aWRYTmxjbDlwWkNJNk56UXdOeXdpZFhObGNsOXdhRzl1WlNJNklpc3pPREE1TXpBNU5qYzBNak1pTENKMWMyVnlYM0p2YkdWeklqcGJJbU5zYVdWdWRDSmRMQ0p3Y205bWFXeGxYMmxrSWpvMk5EY3hMQ0p6WlhOemFXOXVYMmxrSWpvaVpEQXdPVFppWmpndE1qTmxOUzAwWldVMkxXSmxNelV0Wmpnd09ETTVaV1k1WkRnMElpd2laVzUyYVhKdmJtMWxiblFpT2lKd2NtOWtkV04wYVc5dUlpd2ljR3hoZEdadmNtMGlPaUpFWlhOcmRHOXdJaXdpZFhObGNsOWhaMlZ1ZENJNklrMXZlbWxzYkdGY0x6VXVNQ0FvVjJsdVpHOTNjeUJPVkNBeE1DNHdPeUJYYVc0Mk5Ec2dlRFkwS1NCQmNIQnNaVmRsWWt0cGRGd3ZOVE0zTGpNMklDaExTRlJOVEN3Z2JHbHJaU0JIWldOcmJ5a2dRMmh5YjIxbFhDOHhOVEl1TUM0d0xqQWdVMkZtWVhKcFhDODFNemN1TXpZaUxDSmxlSEFpT2pFM09EZ3hPRFV4TmpkOS5nYUo1WGRxTjJ3djY2SnFxYldnX0dGUzY3V3lZVEVOc0JQa3VpcU1sNTVN&master=57
TV,iptv-org Music,Music Box Sexy,UNVERIFIED,no route from test server (geo-lock/IPv6/timeout) - test on the TV box,10.01,http://88.212.15.19/live/mb_sexy/index.m3u8
TV,iptv-org Music,Music India (576p),OK,HLS playlist + segment reachable,1.18,https://streams.tangotv.in/MUSICINDIA/ORIGIN/index.m3u8
TV,iptv-org Music,Music Information Channel (720p),OK,HLS playlist + segment reachable,0.93,https://mic.siar.us/mic/live/mic.m3u8
TV,iptv-org Music,Music TV Granada (1080p) [Not 24/7],UNVERIFIED,no route from test server (geo-lock/IPv6/timeout) - test on the TV box,6.06,https://cloudvideo.servers10.com:8081/8032/index.m3u8
TV,iptv-org Music,MusicTop (1080p),FAIL,HTTP 400,1.13,https://stream-gtlc.telecentro.net.ar/hls/musictophls/0/playlist.m3u8
TV,iptv-org Music,Muz TV Uzbekistan,OK,HLS playlist + segment reachable,0.63,https://stream8.cinerama.uz/1063/tracks-v1a1/mono.m3u8
TV,iptv-org Music,Muzangala TV (1080p),OK,HLS playlist + segment reachable,0.47,https://5cf4a2c2512a2.streamlock.net/tvmuzangala/tvmuzangala/playlist.m3u8
TV,iptv-org Music,Muzsika TV,UNVERIFIED,no route from test server (geo-lock/IPv6/timeout) - test on the TV box,10.01,http://88.212.15.19/live/test_muzsika_hungary_1200_atk/playlist.m3u8
TV,iptv-org Music,Muzvar (1080p),OK,HLS playlist + segment reachable,0.79,https://cdn15.live-tv.cloud/ua_infinitas_tv/muzvar-abr/playlist.m3u8
TV,iptv-org Music,My Music (576p),FAIL,HTTP 403,0.24,http://5.254.89.106:80/8821/index.m3u8
TV,iptv-org Music,Nande Portetepe TV,UNVERIFIED,no route from test server (geo-lock/IPv6/timeout) - test on the TV box,6.05,https://video.hostingcaaguazu.com:19360/nandeportetepe/nandeportetepe.m3u8
TV,iptv-org Music,NASHE Music (720p),OK,HLS playlist + segment reachable,0.71,https://cdn15.live-tv.cloud/ua_infinitas_tv/nashemus-abr/playlist.m3u8
TV,iptv-org Music,Navahang TV (720p),OK,HLS playlist + segment reachable,0.43,https://hls.navahang.live/hls/stream.m3u8
TV,iptv-org Music,NEW K-POP (1080p),PARTIAL,"playlist OK, segment failed: HTTP Error 400: Bad Request",2.69,https://ads.its-newid.net/api/manifest.m3u8?ads.service_id=GB17000088V&channel_id=newid_086&tp=samsung_tvplus
TV,iptv-org Music,NH BollyRaga (1080p),OK,HLS playlist + segment reachable,1.41,https://jmp2.uk/stvp-IN460001373
TV,iptv-org Music,Nidae AlIslam Radio (1080p),OK,HLS playlist + segment reachable,0.89,https://live.kwikmotion.com/sbrksanedaradiolive/srpksanedaradio/playlist.m3u8
TV,iptv-org Music,NogoumFMTV (672p) [Not 24/7],OK,HLS playlist + segment reachable,0.32,https://nogoumtv.nrpstream.com/hls/stream.m3u8
TV,iptv-org Music,Noroc TV,OK,HLS playlist + segment reachable,0.83,https://media.noroc.tv/noroc/bitrate_1080p.m3u8
TV,iptv-org Music,Now 70s (720p),OK,HLS playlist + segment reachable,0.87,https://lightningnow70-samsungau.amagi.tv/playlist.m3u8
TV,iptv-org Music,Now 80s (1080p),OK,HLS playlist + segment reachable,1.07,https://lightningnow80-samsungau.amagi.tv/playlist.m3u8
TV,iptv-org Music,Now 90s00s (1080p),OK,HLS playlist + segment reachable,0.43,https://amg01076-amg01076c19-rakuten-gb-8653.playouts.now.amagi.tv/playlist/amg01076-lightning-now90s00s-rakutengb/playlist.m3u8
TV,iptv-org Music,NOW Rock (1080p),OK,HLS playlist + segment reachable,0.94,https://lightning-now90s-samsungnz.amagi.tv/playlist.m3u8
TV,iptv-org Music,NPC Radio e TV (720p),FAIL,HTTP 403,0.79,https://stmv5.samcast.com.br/nasciparacantartv/nasciparacantartv/playlist.m3u8
TV,iptv-org Music,NRG 91 (720p) [Not 24/7],UNVERIFIED,no route from test server (geo-lock/IPv6/timeout) - test on the TV box,10.21,http://tv.nrg91.gr:1935/onweb/live/master.m3u8
TV,iptv-org Music,NRJ Hits,UNVERIFIED,no route from test server (geo-lock/IPv6/timeout) - test on the TV box,0.46,https://test.946985.filegear-sg.me/proxy/a23981548880f405
TV,iptv-org Music,Nueva Vida FM (720p),UNVERIFIED,no route from test server (geo-lock/IPv6/timeout) - test on the TV box,6.05,https://stream.nuevavidafm.net:3937/live/nuevavidalive.m3u8
TV,iptv-org Music,Number 1 Ask (720p),OK,HLS playlist + segment reachable,1.57,https://b01c02nl.mediatriple.net/videoonlylive/mtkgeuihrlfwlive/u_stream_5c9e18f9cea15_1/playlist.m3u8
TV,iptv-org Music,Number 1 Damar (720p),OK,HLS playlist + segment reachable,2.23,https://b01c02nl.mediatriple.net/videoonlylive/mtkgeuihrlfwlive/u_stream_5c9e198784bdc_1/playlist.m3u8
TV,iptv-org Music,Number 1 Dance (720p),OK,HLS playlist + segment reachable,2.35,https://b01c02nl.mediatriple.net/videoonlylive/mtkgeuihrlfwlive/u_stream_5c9e2aa8acf44_1/playlist.m3u8
TV,iptv-org Music,Number 1 TV (720p),OK,HLS playlist + segment reachable,1.57,https://b01c02nl.mediatriple.net/videoonlylive/mtkgeuihrlfwlive/broadcast_5c9e17cd59e8b.smil/playlist.m3u8
TV,iptv-org Music,Ocko (540p),OK,HLS playlist + segment reachable,1.2,https://ocko-live-dash.ssl.cdn.cra.cz/cra_live2/ocko.stream.1.smil/playlist.m3u8
TV,iptv-org Music,Ocko Black,OK,HLS playlist + segment reachable,0.62,https://dash2.antik.sk/live/test_ocko_black/playlist.m3u8
TV,iptv-org Music,Ocko Expres (540p),OK,HLS playlist + segment reachable,1.05,https://ocko-live.ssl.cdn.cra.cz/channels/ocko_expres/playlist.m3u8
TV,iptv-org Music,Ocko Gold (540p),OK,HLS playlist + segment reachable,1.13,https://ocko-live.ssl.cdn.cra.cz/channels/ocko_gold/playlist.m3u8
TV,iptv-org Music,Ocko Star,OK,HLS playlist + segment reachable,0.55,https://dash4.antik.sk/live/test_ocko_star/playlist.m3u8
TV,iptv-org Music,ON FM (720p),OK,HLS playlist + segment reachable,0.46,https://5ce9406b73c33.streamlock.net/ONFM/livestream/playlist.m3u8
TV,iptv-org Music,Ondambiental TV (360p),FAIL,HTTP 403,0.54,https://stmv4.voxtvhd.com.br/ondastereo/ondastereo/playlist.m3u8
TV,iptv-org Music,One Adria,OK,HLS playlist + segment reachable,0.27,https://oneadriaapp.b-cdn.net/1080p/index.m3u8
TV,iptv-org Music,One Music Television,OK,HLS playlist + segment reachable,0.5,https://oneapp.b-cdn.net/1080p/index.m3u8
TV,iptv-org Music,One TV (720p) [Not 24/7],OK,HLS playlist + segment reachable,0.6,https://hms.pfs.gdn/v1/broadcast/one/playlist.m3u8
TV,iptv-org Music,OneFM (720p) [Not 24/7],OK,HLS playlist + segment reachable,0.65,https://hms.pfs.gdn/v1/broadcast/onefm/playlist.m3u8
TV,iptv-org Music,Orange Bangla TV (720p),OK,HLS playlist + segment reachable,0.92,https://cdn.pishow.tv/ott/live/1499/master.m3u8
TV,iptv-org Music,Oxigeno TV (360p) [Not 24/7],FAIL,HTTP 404,0.33,https://vcp.myplaytv.com/oxigenotv/oxigenotv/playlist.m3u8
TV,iptv-org Music,Oxygen Music (1080p),UNVERIFIED,no route from test server (geo-lock/IPv6/timeout) - test on the TV box,6.06,https://oxygenmusic.hu:2443/hls/oxygenmusic.m3u8
TV,iptv-org Music,P2M TV (720p),UNVERIFIED,no route from test server (geo-lock/IPv6/timeout) - test on the TV box,6.05,https://vdo2.pro-fhi.net:3207/stream/play.m3u8
TV,iptv-org Music,Pamir TV (1080p) [Not 24/7],OK,HLS playlist + segment reachable,0.47,http://live.stream.cdn.pamirtv.com/ptv/d0dbe915091d400bd8ee7f27f0791303.sdp/index.m3u8
TV,iptv-org Music,Panik TV (1080p),UNVERIFIED,no route from test server (geo-lock/IPv6/timeout) - test on the TV box,6.06,https://livetv.streams.ovh:1936/paniktv/paniktv/playlist.m3u8
TV,iptv-org Music,Panorama FM (1080p),OK,HLS playlist + segment reachable,0.49,https://d6izdil55uftn.cloudfront.net/out/v1/0a06d1d6377c47edbd48721ed724bd08/index.m3u8
TV,iptv-org Music,Parranda Vallenata (720p),OK,HLS playlist + segment reachable,0.51,https://backupmaxmedia.hvmultiplay.com/hls/stream3/parrandavallenata.m3u8
TV,iptv-org Music,Patagonia Radio TV (720p),OK,HLS playlist + segment reachable,1.03,https://video01.logicahost.com.br/grupomedia/grupomedia/playlist.m3u8
TV,iptv-org Music,Pauta (1080p),OK,HLS playlist + segment reachable,0.84,https://redirector.rudo.video/hls-video/ey6283je82983je9823je8jowowiekldk9838274/pautatv/pautatv.smil/playlist.m3u8
TV,iptv-org Music,Peppers TV (751p),OK,HLS playlist + segment reachable,0.83,https://cdn.pishow.tv/ott/live/1383/master.m3u8
TV,iptv-org Music,Pequeradio (720p) [Not 24/7],FAIL,HTTP 404,0.72,https://canadaremar2.todostreaming.es/live/peque-pequetv.m3u8
TV,iptv-org Music,Persiana Folk,OK,HLS playlist + segment reachable,0.42,https://sonhls.persiana.live/hls/stream.m3u8
TV,iptv-org Music,Persiana Nostalgia,OK,HLS playlist + segment reachable,0.66,https://noshls.persiana.live/hls/stream.m3u8
TV,iptv-org Music,Persiana Vibe,OK,HLS playlist + segment reachable,0.51,https://raphls.persiana.live/hls/stream.m3u8
TV,iptv-org Music,Pindin TV,PARTIAL,"playlist OK, segment failed: HTTP Error 404: Not Found",0.43,https://sistemastr.tropicalmoonmedia.com/live/7C452409423F57ADC960F6405635267F/7.m3u8
TV,iptv-org Music,Planet 100.9 FM (1080p),OK,HLS playlist + segment reachable,0.22,https://streamlov.alsolnet.com/planet1009fm/live/playlist.m3u8
TV,iptv-org Music,Play TV (Cameroon) (720p) [Not 24/7],UNVERIFIED,no route from test server (geo-lock/IPv6/timeout) - test on the TV box,10.03,http://connectiktv.ddns.net:5000/playtv/@playtv/playlist.m3u8
TV,iptv-org Music,Play TV (Greece) (480p) [Not 24/7],UNVERIFIED,no route from test server (geo-lock/IPv6/timeout) - test on the TV box,10.01,http://web.onair-radio.eu:1935/Alpha-Host/Alpha-Host/playlist.m3u8
TV,iptv-org Music,Pluto TV Karaoke por Stingray (720p),FAIL,HTTP 403,0.92,https://jmp2.uk/plu-604b99d633a72b00078e05ad.m3u8
TV,iptv-org Music,Pluto TV Karaoke por Stingray LatAm (720p),FAIL,HTTP 403,0.28,https://jmp2.uk/plu-5f85cf621d6d2200079f1de0.m3u8
TV,iptv-org Music,Pluto TV Shows por Stingray (720p),FAIL,HTTP 403,1.97,https://jmp2.uk/plu-604b91e0692f770007d9f33f.m3u8
TV,iptv-org Music,PMC,OK,HLS playlist + segment reachable,0.73,https://pmchls.wns.live/hls/stream.m3u8
TV,iptv-org Music,PMC Royale (1080p),OK,HLS playlist + segment reachable,0.47,https://pmcrohls.wns.live/hls/stream.m3u8
TV,iptv-org Music,POP World TV (720p),UNVERIFIED,no route from test server (geo-lock/IPv6/timeout) - test on the TV box,6.06,https://janus.xpbroadcasting.com:8443/hls/popworld.m3u8
TV,iptv-org Music,Power 101.7 FM (720p),OK,HLS playlist + segment reachable,0.39,https://vcp11.myplaytv.com/powerfm/powerfm/playlist.m3u8
TV,iptv-org Music,Power Dance (1080p),OK,HLS playlist + segment reachable,1.5,https://livetv.powerapp.com.tr/dance/dance.smil/playlist.m3u8
TV,iptv-org Music,Power Hit Radio (576p),FAIL,HTTP 403,1.45,https://cdnlb.tvplayhome.lt/live/eds/PWR_LTU_Live/GO3_LIVE_HLS/PWR_LTU_Live.m3u8
TV,iptv-org Music,Power Love (1080p),PARTIAL,"playlist OK, segment failed: HTTP Error 403: Forbidden",1.64,https://livetv.powerapp.com.tr/plove/love.smil/playlist.m3u8
TV,iptv-org Music,PowerTurk Akustik (1080p),PARTIAL,"playlist OK, segment failed: HTTP Error 403: Forbidden",1.72,https://livetv.powerapp.com.tr/pturkakustik/akustik.smil/playlist.m3u8
TV,iptv-org Music,PowerTurk Slow (1080p),PARTIAL,"playlist OK, segment failed: HTTP Error 403: Forbidden",1.47,https://livetv.powerapp.com.tr/pturkslow/slow.smil/playlist.m3u8
TV,iptv-org Music,PowerTurk Taptaze (1080p),PARTIAL,"playlist OK, segment failed: HTTP Error 403: Forbidden",1.6,https://livetv.powerapp.com.tr/pturktaptaze/taptaze.smil/playlist.m3u8
TV,iptv-org Music,Prattel TV (720p),FAIL,HTTP 404,0.25,https://183.bozztv.com/ssh101/ssh101/pratteltvperu/playlist.m3u8
TV,iptv-org Music,PRIDEtv LATAM (1080p),FAIL,HTTP 404,0.54,https://backend.energeek.cl/webtv/pridetvweb/index.m3u8?token=ZZDemoIPTVGH
TV,iptv-org Music,PTC Chakde (720p),OK,HLS playlist + segment reachable,0.99,https://cdn.pishow.tv/ott/live/449/master.m3u8
TV,iptv-org Music,PTC Music (720p),OK,HLS playlist + segment reachable,0.88,https://d2lk5u59tns74c.cloudfront.net/out/v1/f913cf893c594f73b114216e74a2efbc/index.m3u8
TV,iptv-org Music,Public Music (576p),OK,HLS playlist + segment reachable,1.06,https://mumt04.tangotv.in/m18aqlK4PUBLICMUSIC/index.m3u8
TV,iptv-org Music,Punjabi Hits (1080p),OK,HLS playlist + segment reachable,1.68,https://stream.ottlive.co.in/punjabihits/index.m3u8
TV,iptv-org Music,Q-Music (1080p),FAIL,HTTP 403,0.35,https://live-video.dpgmedia.net/e087512ad0c32643/out/v1/82d59bbe343b4d0896f829c59da82dc0/index.m3u8
TV,iptv-org Music,Qello Concerts by Stingray (1080p),OK,HLS playlist + segment reachable,0.25,https://lotus.stingray.com/manifest/qello-qello001-montreal/samsungtvplus/master.m3u8
TV,iptv-org Music,Qmusic (720p),OK,HLS playlist + segment reachable,1.29,https://stream.qmusic.nl/qmusic/videohls.m3u8
TV,iptv-org Music,Qwest TV (1080p),OK,HLS playlist + segment reachable,0.63,https://qwestjazz-rakuten.amagi.tv/hls/amagi_hls_data_rakutenAA-qwestjazz-rakuten/CDN/master.m3u8
TV,iptv-org Music,Qwest TV Jazz & Beyond (1080p),OK,HLS playlist + segment reachable,0.33,https://samsungau-qwestjazz-samsungtv-zw2jc.amagi.tv/playlist/samsungau-qwestjazz-samsungtv/playlist.m3u8
TV,iptv-org Music,Rabeh Saqer (1080p),OK,HLS playlist + segment reachable,0.24,https://shd-amg-fast.edgenextcdn.net/tx004/playlist.m3u8
TV,iptv-org Music,Radio 21 TV (720p),FAIL,HTTP 403,0.69,https://live.creacast.com/radio21/smil:radio21.smil/playlist.m3u8
TV,iptv-org Music,Radio Bonita 106.7 (720p),UNVERIFIED,no route from test server (geo-lock/IPv6/timeout) - test on the TV box,6.11,https://cloudvideo.servers10.com:8081/8154/index.m3u8
TV,iptv-org Music,Radio Carnaval TV (720p) [Not 24/7],UNVERIFIED,no route from test server (geo-lock/IPv6/timeout) - test on the TV box,6.06,https://eu1.servers10.com:8081/8116/index.m3u8
TV,iptv-org Music,Radio Chalaca,UNVERIFIED,no route from test server (geo-lock/IPv6/timeout) - test on the TV box,6.06,https://servilive.com:3414/hybrid/play.m3u8
TV,iptv-org Music,Radio Chisinau (576p),OK,HLS playlist + segment reachable,0.43,https://radiochisinau.md/hls/RChisinau.m3u8
TV,iptv-org Music,Radio Clasica TV (720p),UNVERIFIED,no route from test server (geo-lock/IPv6/timeout) - test on the TV box,6.05,https://ares.disfrutaenlared.com:1936/clasica/clasica/playlist.m3u8
TV,iptv-org Music,Radio Colmenar 92.5 FM,UNVERIFIED,no route from test server (geo-lock/IPv6/timeout) - test on the TV box,6.06,https://tvdatta.com:3041/live/colmenarlive.m3u8
TV,iptv-org Music,Radio Conexion Web TV (720p),UNVERIFIED,no route from test server (geo-lock/IPv6/timeout) - test on the TV box,6.06,https://tuvideoonline.com.ar:3391/live/radioconexionlive.m3u8
TV,iptv-org Music,Radio Contact (1080p),FAIL,HTTP 400,0.31,https://contact-live-hls.akamaized.net/hls/live/2038650/CONTACT-Live-HLS/master.m3u8
TV,iptv-org Music,Radio Cuenca Estereo (720p),UNVERIFIED,no route from test server (geo-lock/IPv6/timeout) - test on the TV box,6.06,https://eu1.servers10.com:8081/8074/index.m3u8
TV,iptv-org Music,RADIO DISCOunt TV (1080p),OK,HLS playlist + segment reachable,0.66,https://585b674743bbb.streamlock.net/9030/9030/playlist.m3u8
TV,iptv-org Music,Radio Duna (720p),OK,HLS playlist + segment reachable,0.2,https://mdstrm.com/live-stream-playlist/67ed8a8d6db4af9a0188555c.m3u8
TV,iptv-org Music,Radio Edelweiss (720p),OK,HLS playlist + segment reachable,0.29,https://vmix.dyndns.biz/Edelweiss/index.m3u8
TV,iptv-org Music,Radio Fantastica 98.9 FM (1080p),UNVERIFIED,no route from test server (geo-lock/IPv6/timeout) - test on the TV box,10.01,http://190.107.232.9:8082/livestream/stream.m3u8
TV,iptv-org Music,Radio Fiessta (720p),UNVERIFIED,no route from test server (geo-lock/IPv6/timeout) - test on the TV box,6.06,https://www.cloudscriptdog.cl:19360/fiesta-video-01/fiesta-video-01.m3u8
TV,iptv-org Music,Radio Fx Net (720p),OK,HLS playlist + segment reachable,0.23,https://streamlov.alsolnet.com/radiofxnet/live/playlist.m3u8
TV,iptv-org Music,Radio Hit FM TV (720p),OK,HLS playlist + segment reachable,0.52,https://peer2.tdiradio.com/static/streaming-playlists/hls/bab99862-ec1c-474f-9a02-4f8c8677d565/0.m3u8
TV,iptv-org Music,Radio Ideal (720p) [Not 24/7],OK,HLS playlist + segment reachable,1.8,https://www.idealfm104-7.com/hls/0/stream.m3u8
TV,iptv-org Music,Radio JND (1080p),OK,HLS playlist + segment reachable,1.0,https://radiojnd.cdn.hostin.cc/radiojnd/playlist.m3u8
TV,iptv-org Music,Radio Karolina TV (720p),OK,HLS playlist + segment reachable,0.75,https://peer2.tdiradio.com/static/streaming-playlists/hls/4207de1d-52e8-4591-ad9e-218069b864d1/0.m3u8
TV,iptv-org Music,Radio La Serena TV (720p),OK,HLS playlist + segment reachable,0.93,https://5ff3d9babae13.streamlock.net/chrgkqgkyb/chrgkqgkyb/playlist.m3u8
TV,iptv-org Music,Radio Lola TV (720p) [Not 24/7],OK,HLS playlist + segment reachable,0.52,https://peer2.tdiradio.com/static/streaming-playlists/hls/7c3ea8d3-49dc-4e1b-8b1e-dc6fab71f5cf/0.m3u8
TV,iptv-org Music,Radio Master (720p),UNVERIFIED,no route from test server (geo-lock/IPv6/timeout) - test on the TV box,6.06,https://videoserver.tmcreativos.com:19360/radiomaster/radiomaster.m3u8
TV,iptv-org Music,Radio Moldova Muzical,UNVERIFIED,no route from test server (geo-lock/IPv6/timeout) - test on the TV box,6.05,https://radiolive.trm.md:8001/hls_rmm/muzical.m3u8
TV,iptv-org Music,Radio Monumental TV (720p) [Not 24/7],OK,HLS playlist + segment reachable,0.35,https://cloud37.ecuatel.com/monumentaltv/live/manifest.m3u8
TV,iptv-org Music,Radio Onda Digital (1080p),OK,HLS playlist + segment reachable,0.78,https://live.ondadigitaltv.com/RADIOODTV/index.m3u8
TV,iptv-org Music,Radio Piter Pan TV (720p) [Not 24/7],OK,HLS playlist + segment reachable,0.42,https://58d921499d3d3.streamlock.net/RadioPiterpanTV/livestream/playlist.m3u8
TV,iptv-org Music,Radio Pudahuel (720p),OK,HLS playlist + segment reachable,0.88,https://unlimited2-cl-isp.dps.live/pudahueltv/pudahueltv.smil/playlist.m3u8
TV,iptv-org Music,Radio RAM (1080p),FAIL,HTTP 404,0.17,https://1888165924.rsc.cdn77.org/live/RadioRAM/playlist.m3u8
TV,iptv-org Music,Radio Realpolitik (720p),UNVERIFIED,no route from test server (geo-lock/IPv6/timeout) - test on the TV box,6.05,https://vivo.solumedia.com:19360/realpolitik/realpolitik.m3u8
TV,iptv-org Music,Radio Romania 3Net (480p),FAIL,URLError: <urlopen error [SSL: CERTIFICATE_VERIFY_FAILED] certificate ,0.59,https://media.3netmedia.ro/hls/stream.m3u8
TV,iptv-org Music,Radio Romania Antena Satelor (720p) [Not 24/7],OK,HLS playlist + segment reachable,1.28,https://stream3.srr.ro/live/AntenaSatelor/playlist.m3u8
TV,iptv-org Music,Radio Rumba TV (720p),OK,HLS playlist + segment reachable,2.38,https://live-evg7.tv360.bitel.com.pe/bitel/rumba/playlist.m3u8
TV,iptv-org Music,Radio San Borja TV (1080p),FAIL,HTTP 404,0.83,https://stream.mediacorp.pe/srt/3/playlist.m3u8
TV,iptv-org Music,Radio San Cristobal 88.7 FM,UNVERIFIED,no route from test server (geo-lock/IPv6/timeout) - test on the TV box,6.06,https://video.wilohosting.com:19360/sancristobalfm/sancristobalfm.m3u8
TV,iptv-org Music,Radio Stad den Haag (720p),FAIL,HTTP 523,3.42,https://rsdh.cloud-streams.com/rsdh/rsdh/playlist.m3u8
TV,iptv-org Music,Radio Suyai TV (1080p),OK,HLS playlist + segment reachable,0.69,https://cl-2.backend.energeek.cl/RadioSuyai-Neo/index.m3u8
TV,iptv-org Music,Radio SWH TV (1080p),OK,HLS playlist + segment reachable,0.72,https://00ff00.latnet.media/edge/swh_tv.smil/playlist.m3u8
TV,iptv-org Music,Radio Tele Hit (480p),OK,HLS playlist + segment reachable,0.17,https://59d39900ebfb8.streamlock.net/RadioTelehit/RadioTelehit/playlist.m3u8
TV,iptv-org Music,Radio Tele Kajou (480p) [Not 24/7],FAIL,HTTP 404,0.23,https://59d39900ebfb8.streamlock.net/RadioTelekAJOU/RadioTelekAJOU/playlist.m3u8
TV,iptv-org Music,Radio Tropical (480p) [Not 24/7],UNVERIFIED,no route from test server (geo-lock/IPv6/timeout) - test on the TV box,6.05,https://videoserver.tmcreativos.com:19360/raditropical/raditropical.m3u8
TV,iptv-org Music,Radio Weser TV Bremen (576p),OK,HLS playlist + segment reachable,0.65,https://5857499ee635b.streamlock.net/radiowesertv-live/_definst_/mp4:livestreamTV/playlist.m3u8
TV,iptv-org Music,Radio Zeta (1080p),OK,HLS playlist + segment reachable,0.85,https://dd782ed59e2a4e86aabf6fc508674b59.msvdn.net/live/S9346184/XEx1LqlYbNic/playlist_video.m3u8
TV,iptv-org Music,Radio Zona 90.3 (720p),UNVERIFIED,no route from test server (geo-lock/IPv6/timeout) - test on the TV box,6.19,https://live.tvcontrolcp.com:8081/radiozona/index.m3u8
TV,iptv-org Music,Radiofreccia (1080p),OK,HLS playlist + segment reachable,0.69,https://dd782ed59e2a4e86aabf6fc508674b59.msvdn.net/live/S3160845/0tuSetc8UFkF/playlist_video.m3u8
TV,iptv-org Music,RadioNL TV (1080p) [Not 24/7],FAIL,URLError: <urlopen error [SSL: CERTIFICATE_VERIFY_FAILED] certificate ,1.15,https://stream.radionl.tv/radionltv/radionltv/playlist.m3u8
TV,iptv-org Music,Raj Musix Kannada (576p),OK,HLS playlist + segment reachable,1.03,https://mumt01.tangotv.in/O5aw8Zn3RAJMUSIXKANDA/index.m3u8
TV,iptv-org Music,Raj Musix Malayalam (576p),OK,HLS playlist + segment reachable,0.85,https://cdn.pishow.tv/ott/live/1073/master.m3u8
TV,iptv-org Music,Raj Musix Tamil (1080p),OK,HLS playlist + segment reachable,1.64,https://livestream.rajtv.tv/hlslive/Admin/px08241087/live/Raj_Musix/master_1.m3u8
TV,iptv-org Music,Raj Musix Telugu (720p),OK,HLS playlist + segment reachable,1.03,https://cdn.pishow.tv/ott/live/1213/master.m3u8
TV,iptv-org Music,Rararadio (720p),FAIL,URLError: <urlopen error [SSL: CERTIFICATE_VERIFY_FAILED] certificate ,0.49,https://58c04fb1d143f.streamlock.net/rararadio/rararadio/playlist.m3u8
TV,iptv-org Music,Rashid AlMajed (1080p),PARTIAL,"playlist OK, segment failed: HTTP Error 404: Not Found",0.5,https://dphwv2ufgnfsq.cloudfront.net/out/v1/59cd80dfe93a479eb8b4d79bc6f225ca/index.m3u8
TV,iptv-org Music,Retro Music TV (360p),OK,HLS playlist + segment reachable,0.92,https://stream.mediawork.cz/retrotv/retrotvHQ1/playlist.m3u8
TV,iptv-org Music,Retro Plus 2 (720p),OK,HLS playlist + segment reachable,1.0,https://tls-cl.cdnz.cl/retroplustvuno/live/playlist.m3u8
TV,iptv-org Music,Retroclub (720p),OK,HLS playlist + segment reachable,1.07,https://video03.logicahost.com.br/retroclub02/retroclub02/playlist.m3u8
TV,iptv-org Music,Retromusica Television (720p),UNVERIFIED,no route from test server (geo-lock/IPv6/timeout) - test on the TV box,6.07,https://vdochile.com:3864/stream/play.m3u8
TV,iptv-org Music,Rewind TV (1080p),OK,HLS playlist + segment reachable,0.64,https://tls-cl.cdnz.cl/rewindtv/live/playlist.m3u8
TV,iptv-org Music,Reyali (614p),UNVERIFIED,no route from test server (geo-lock/IPv6/timeout) - test on the TV box,6.05,https://eu1.servers10.com:8081/8090/index.m3u8
TV,iptv-org Music,RFPtv (360p),OK,HLS playlist + segment reachable,0.82,https://video03.logicahost.com.br/rfptv/rfptv/playlist.m3u8
TV,iptv-org Music,RHT Guadeloupe (720p),OK,HLS playlist + segment reachable,1.24,https://edge12.vedge.infomaniak.com/livecast/ik:livehautetension/manifest.m3u8
TV,iptv-org Music,Ritoque TV (720p),OK,HLS playlist + segment reachable,0.69,https://streaming.purum.cl/ritoquetv/index.m3u8
TV,iptv-org Music,RJTV (1080p),OK,HLS playlist + segment reachable,0.49,https://rjtvhls.wns.live/hls/stream.m3u8
TV,iptv-org Music,Rock TV (North Macedonia) (1080p) [Not 24/7],UNVERIFIED,no route from test server (geo-lock/IPv6/timeout) - test on the TV box,6.85,https://stream.nasatv.com.mk/rocktv/hls/rocktv_live.m3u8
TV,iptv-org Music,Rock TV (Romania) (720p),OK,HLS playlist + segment reachable,1.07,https://tv.broadcasting.ro/rocktv/85c83a80-4f71-4f2d-a8d6-43f676896bcb.m3u8
TV,iptv-org Music,Rotana FM KSA (720p),FAIL,URLError: <urlopen error unknown url type: rtmp>,0.0,rtmp://live.restream.io/pull/play_320121_94512612fd0e084bd284
TV,iptv-org Music,Rotana Khalijia (1080p) [Geo-blocked],OK,HLS playlist + segment reachable,0.53,https://rotana.hibridcdn.net/rotananet/khaleejiya_net-7Y83PP5adWixDF93/playlist.m3u8
TV,iptv-org Music,Rotana Music (1080p) [Geo-blocked],OK,HLS playlist + segment reachable,0.63,https://rotana.hibridcdn.net/rotananet/music_net-7Y83PP5adWixDF93/playlist.m3u8
TV,iptv-org Music,RTL 102.5 Best (1080p),OK,HLS playlist + segment reachable,0.63,https://dd782ed59e2a4e86aabf6fc508674b59.msvdn.net/live/S76960628/OEPHRUIctA0M/playlist_video.m3u8
TV,iptv-org Music,RTL 102.5 Bro&Sis (1080p),OK,HLS playlist + segment reachable,0.45,https://dd782ed59e2a4e86aabf6fc508674b59.msvdn.net/live/S75007890/MUGHuxc9dQ3b/playlist_video.m3u8
TV,iptv-org Music,RTL 102.5 Caliente (1080p),OK,HLS playlist + segment reachable,0.53,https://dd782ed59e2a4e86aabf6fc508674b59.msvdn.net/live/S8448465/zTYa1Z5Op9ue/playlist_video.m3u8
TV,iptv-org Music,RTL 102.5 Disco (1080p),OK,HLS playlist + segment reachable,0.74,https://dd782ed59e2a4e86aabf6fc508674b59.msvdn.net/live/S51100361/0Fb4R3k82b5Z/playlist_video.m3u8
TV,iptv-org Music,RTL 102.5 Napule (1080p),OK,HLS playlist + segment reachable,0.46,https://dd782ed59e2a4e86aabf6fc508674b59.msvdn.net/live/S27134503/0f9AhuwKlhnZ/playlist_video.m3u8
TV,iptv-org Music,RTL 102.5 Traffic (1080p),OK,HLS playlist + segment reachable,0.51,https://dd782ed59e2a4e86aabf6fc508674b59.msvdn.net/live/S38122967/2lyQRIAAGgRR/playlist_video.m3u8
TV,iptv-org Music,RTL 102.5 TV (1080p),OK,HLS playlist + segment reachable,0.48,https://dd782ed59e2a4e86aabf6fc508674b59.msvdn.net/live/S97044836/tbbP8T1ZRPBL/playlist_video.m3u8
TV,iptv-org Music,RTL Gold (Luxembourg) (1080p),OK,HLS playlist + segment reachable,0.42,https://stream.rtl.lu/data/live/tele/rtlgold/playlist.m3u8
TV,iptv-org Music,RTS Muzika (576p),FAIL,HTTP 404,0.44,https://de1.dstv.cx/RTSMuzika/index.m3u8
TV,iptv-org Music,RTV Glas Drine (404p) [Not 24/7],UNVERIFIED,no route from test server (geo-lock/IPv6/timeout) - test on the TV box,10.2,http://glasdrine.cutuk.net:8081/433ssdsw/GlasDrineSD/playlist.m3u8
TV,iptv-org Music,RTV Vida (1080p),OK,HLS playlist + segment reachable,0.72,https://vidartv2.todostreaming.es/live/radiovida-emisiontvhd.m3u8
TV,iptv-org Music,Rumba TV (1080p),FAIL,HTTP 400,0.31,http://45.162.193.35/RUMBATV/index.m3u8
TV,iptv-org Music,RumbaMix TV (720p),PARTIAL,"playlist OK, segment failed: <urlopen error [Errno 104] Connection reset by peer>",4.44,https://live-evg5.tv360.bitel.com.pe/bitel/mixtvSRT/playlist.m3u8
TV,iptv-org Music,Sabor TV (720p),OK,HLS playlist + segment reachable,0.55,https://v1.tustreaming.cl/sabortv/index.m3u8
TV,iptv-org Music,Salsa Gorda Television (1080p) [Not 24/7],OK,HLS playlist + segment reachable,0.22,https://live20.bozztv.com/akamaissh101/ssh101/qMUAZEy/playlist.m3u8
TV,iptv-org Music,Salto Brasa Music (1080p),OK,HLS playlist + segment reachable,0.5,https://salto-streams.nl/hls/sotv1.m3u8
TV,iptv-org Music,Sana Plus (1080p),OK,HLS playlist + segment reachable,1.03,https://mumbai-edge.smartplaytv.in/SanaPlusHD/index.m3u8
TV,iptv-org Music,Sangeet Bangla (720p),OK,HLS playlist + segment reachable,0.84,https://cdn.pishow.tv/ott/live/1143/master.m3u8
TV,iptv-org Music,Sangeet Bhojpuri (576p),OK,HLS playlist + segment reachable,1.03,https://mumt01.tangotv.in/O5aw8Zn3SANGEETBHOJPURI/index.m3u8
TV,iptv-org Music,Sangeet Marathi (720p),OK,HLS playlist + segment reachable,0.94,https://cdn.pishow.tv/ott/live/1229/master.m3u8
TV,iptv-org Music,Scorch TV (1080p),OK,HLS playlist + segment reachable,0.47,https://w6oy7x7jlxrg-hls-live.5centscdn.com/MandETV/955ad3298db330b5ee880c2c9e6f23a0.sdp/playlist.m3u8
TV,iptv-org Music,Sensacion Costa,OK,HLS playlist + segment reachable,0.68,https://tvcosta.gleeze.com/memfs/4d48db09-0b1e-4803-8da7-22be388bdd7e.m3u8
TV,iptv-org Music,ShowVen TV (720p),OK,HLS playlist + segment reachable,0.56,https://cdnbarinas.tvzamora.com/showven/index.m3u8
TV,iptv-org Music,Siembra TV (Dominican Republic) (720p),UNVERIFIED,no route from test server (geo-lock/IPv6/timeout) - test on the TV box,6.05,https://streamunoapp.com:3809/live/siembratvlive.m3u8
TV,iptv-org Music,Sky Folk TV (720p) [Not 24/7],OK,HLS playlist + segment reachable,0.77,https://eu.live.skyfolk.mk/live.m3u8
TV,iptv-org Music,Slager Muzika,OK,HLS playlist + segment reachable,1.0,https://stream-23.mazana.tv/slagrmuzika.m3u8s
TV,iptv-org Music,Slager Original,OK,HLS playlist + segment reachable,1.16,https://stream-13.mazana.tv/slagroriginal.m3u8s
TV,iptv-org Music,Slager TV,UNVERIFIED,no route from test server (geo-lock/IPv6/timeout) - test on the TV box,10.01,http://88.212.15.19/live/test_slager_tv_hungary_1200_atk/playlist.m3u8
TV,iptv-org Music,Sol Musica (720p),OK,HLS playlist + segment reachable,0.68,https://d2glyu450vvghm.cloudfront.net/v1/master/3722c60a815c199d9c0ef36c5b73da68a62b09d1/cc-21u4g5cjglv02/sm.m3u8
TV,iptv-org Music,Solo Bailalo (480p),OK,HLS playlist + segment reachable,1.02,https://5ff3d9babae13.streamlock.net/8000/8000/playlist.m3u8
TV,iptv-org Music,Songdew TV (396p),OK,HLS playlist + segment reachable,0.32,https://yuppnimrestreammum.akamaized.net/181224/smil:songdewtv.smil/playlist.m3u8?hdnts=st=1735898689~exp=1835898688~acl=*~hmac=f5fe24724fe05481e3841f9eb5ab8efdee0a3dd83645ae9dcf45703f525bab7b
TV,iptv-org Music,SOY Plancha TV (720p),OK,HLS playlist + segment reachable,0.5,https://59ef525c24caa.streamlock.net/vmtv/soyplancha/playlist.m3u8
TV,iptv-org Music,SpektraTV (720p),UNVERIFIED,no route from test server (geo-lock/IPv6/timeout) - test on the TV box,6.05,https://cloudvideo.servers10.com:8081/8026/tracks-v1a1/index.m3u8
TV,iptv-org Music,Spirit TV (720p) [Not 24/7],OK,HLS playlist + segment reachable,0.25,https://cdnlive.myspirit.tv/LS-ATL-43240-2/index.m3u8
TV,iptv-org Music,Star 101 FM [Not 24/7],OK,HLS playlist + segment reachable,0.25,https://live2.tensila.com/knut-v-1.choice/hls/master.m3u8
TV,iptv-org Music,Star Plus Televizija (1080p) [Not 24/7],UNVERIFIED,no route from test server (geo-lock/IPv6/timeout) - test on the TV box,0.18,https://live.muzickatv.mk/live/StarMusic2.m3u8
TV,iptv-org Music,Steelbird Music (720p) [Not 24/7],OK,HLS playlist + segment reachable,1.1,https://cdn2.in/SteelbirdMusicTVhls/live.m3u8
TV,iptv-org Music,Stingray Cityscapes (1080p),OK,HLS playlist + segment reachable,0.38,https://aka-live1050.delivery.roku.com/7572d640-7373-4137-8b14-a3afff395349/t2-origin/out/v1/live.m3u8
TV,iptv-org Music,Stingray Classic Rock (1080p),OK,HLS playlist + segment reachable,0.36,https://lotus.stingray.com/manifest/ose-101ads-montreal/samsungtvplus/master.m3u8
TV,iptv-org Music,Stingray Classica (1080p),OK,HLS playlist + segment reachable,0.37,https://lotus.stingray.com/manifest/classica-cla008-montreal/samsungtvplus/master.m3u8
TV,iptv-org Music,Stingray Cozy Cafe (1080p),OK,HLS playlist + segment reachable,0.67,https://aka-live1050.delivery.roku.com/372c813e-1fb9-41d4-a4d0-5fbd803659c5/t2-origin/out/v1/live.m3u8
TV,iptv-org Music,Stingray DJAZZ (1080p),OK,HLS playlist + segment reachable,0.29,https://lotus.stingray.com/manifest/djazz-djaads-montreal/samsungtvplus/master.m3u8
TV,iptv-org Music,Stingray Easy Listening (1080p),OK,HLS playlist + segment reachable,0.25,https://lotus.stingray.com/manifest/ose-137ads-montreal/samsungtvplus/master.m3u8
TV,iptv-org Music,Stingray Everything '80s (1080p),OK,HLS playlist + segment reachable,0.34,https://lotus.stingray.com/manifest/ose-128ads-montreal/samsungtvplus/master.m3u8
TV,iptv-org Music,Stingray Flashback 70's (1080p),OK,HLS playlist + segment reachable,0.21,https://lotus.stingray.com/manifest/ose-115ads-montreal/samsungtvplus/master.m3u8
TV,iptv-org Music,Stingray Greatest Holiday Hits,OK,HLS playlist + segment reachable,0.37,https://d39g1vxj2ef6in.cloudfront.net/v1/manifest/3fec3e5cac39a52b2132f9c66c83dae043dc17d4/prod-rakuten-stitched/54947915-6504-4548-aaef-eabd451f8607/1.m3u8
TV,iptv-org Music,Stingray Hit List (1080p),OK,HLS playlist + segment reachable,0.45,https://lotus.stingray.com/manifest/ose-107ads-montreal/samsungtvplus/master.m3u8
TV,iptv-org Music,Stingray Holiday Hits (1080p),OK,HLS playlist + segment reachable,0.32,https://lotus.stingray.com/manifest/ose-155ads-montreal/samsungtvplus/master.m3u8
TV,iptv-org Music,Stingray Holidayscapes (1080p),OK,HLS playlist + segment reachable,0.19,https://d10cyxntpn0bwm.cloudfront.net/master.m3u8
TV,iptv-org Music,Stingray Hot Country (1080p),OK,HLS playlist + segment reachable,0.24,https://lotus.stingray.com/manifest/ose-108ads-montreal/samsungtvplus/master.m3u8
TV,iptv-org Music,Stingray iConcerts HD (1080p),UNVERIFIED,no route from test server (geo-lock/IPv6/timeout) - test on the TV box,10.02,http://str2.iptvhd.ru:8080/iConcertsHD/index.m3u8
TV,iptv-org Music,Stingray Jukebox Oldies (1080p),OK,HLS playlist + segment reachable,0.26,https://lotus.stingray.com/manifest/ose-021ads-montreal/samsungtvplus/master.m3u8
TV,iptv-org Music,Stingray Karaoke (1080p),OK,HLS playlist + segment reachable,0.38,https://lotus.stingray.com/manifest/karaoke-kar000-montreal/samsungtvplus/master.m3u8
TV,iptv-org Music,Stingray Naturescape (1080p),OK,HLS playlist + segment reachable,0.24,https://lotus.stingray.com/manifest/naturescape-a003-montreal/samsungtvplus/master.m3u8
TV,iptv-org Music,Stingray Nothin' But 90s (1080p),OK,HLS playlist + segment reachable,0.26,https://lotus.stingray.com/manifest/ose-142ads-montreal/samsungtvplus/master.m3u8
TV,iptv-org Music,Stingray Pop Adult (1080p),OK,HLS playlist + segment reachable,0.21,https://lotus.stingray.com/manifest/ose-104ads-montreal/samsungtvplus/master.m3u8
TV,iptv-org Music,Stingray Remember the 80s,OK,HLS playlist + segment reachable,0.2,https://d39g1vxj2ef6in.cloudfront.net/v1/manifest/3fec3e5cac39a52b2132f9c66c83dae043dc17d4/prod-rakuten-stitched/68cc5f97-cf6c-4ff7-9125-f56f272dbcb6/1.m3u8
TV,iptv-org Music,Stingray Rock Alternative (1080p),OK,HLS playlist + segment reachable,0.21,https://lotus.stingray.com/manifest/ose-102ads-montreal/samsungtvplus/master.m3u8
TV,iptv-org Music,Stingray Romance Latino (1080p),OK,HLS playlist + segment reachable,0.29,https://lotus.stingray.com/manifest/ose-202ads-montreal/samsungtvplus/master.m3u8
TV,iptv-org Music,Stingray Smooth Jazz (1080p),OK,HLS playlist + segment reachable,0.24,https://lotus.stingray.com/manifest/ose-140ads-montreal/samsungtvplus/master.m3u8
TV,iptv-org Music,Stingray Soul Storm (1080p),OK,HLS playlist + segment reachable,0.24,https://lotus.stingray.com/manifest/ose-134ads-montreal/samsungtvplus/master.m3u8
TV,iptv-org Music,Stingray The Spa (1080p),OK,HLS playlist + segment reachable,0.3,https://lotus.stingray.com/manifest/ose-122ads-montreal/samsungtvplus/master.m3u8
TV,iptv-org Music,Stingray TikTok Radio (1080p),OK,HLS playlist + segment reachable,0.25,https://d3f4oii5n0oeqi.cloudfront.net/11701/88814594/hls/master.m3u8?ads.xumo_channelId=88814594
TV,iptv-org Music,Stingray Today's K-Pop (1080p),OK,HLS playlist + segment reachable,0.23,https://lotus.stingray.com/manifest/ose-317ads-montreal/samsungtvplus/master.m3u8
TV,iptv-org Music,Stingray Today's Latin Pop (1080p),OK,HLS playlist + segment reachable,0.34,https://lotus.stingray.com/manifest/ose-190ads-montreal/samsungtvplus/master.m3u8
TV,iptv-org Music,Stryk TV (1080p),UNVERIFIED,no route from test server (geo-lock/IPv6/timeout) - test on the TV box,6.12,https://fffffff110156200.tvustream.com:8298/ryfy.m3u8
TV,iptv-org Music,StuBru (1080p),OK,HLS playlist + segment reachable,0.81,https://live.vrtcdn.be/groupb/live/450aa9d1-7173-47f3-aaaa-9701426f8ddd/live.isml/.m3u8
TV,iptv-org Music,Super Q Panama (1080p),UNVERIFIED,no route from test server (geo-lock/IPv6/timeout) - test on the TV box,6.06,https://vcp8.myplaytv.com:1936/superq/superq/playlist.m3u8
TV,iptv-org Music,Super TV (Romania) (576p),UNVERIFIED,no route from test server (geo-lock/IPv6/timeout) - test on the TV box,10.3,http://iptv.supertv.ro:8000/play/a001/index.m3u8
TV,iptv-org Music,Supermusica TV (720p),OK,HLS playlist + segment reachable,0.63,https://backupmaxmedia.hvmultiplay.com/hls/stream4/supermusica.m3u8
TV,iptv-org Music,T2 TV,OK,HLS playlist + segment reachable,0.5,https://t2hls.wns.live/hls/stream.m3u8
TV,iptv-org Music,Tabbar Hits (1080p),OK,HLS playlist + segment reachable,1.0,https://vglivessai.akamaized.net/sg/v1/master/611d79b11b77e2f571934fd80ca1413453772ac7/e11b0319-52e8-4190-ab03-3931cc68eac9/index.m3u8
TV,iptv-org Music,Tarab (1080p),UNVERIFIED,no route from test server (geo-lock/IPv6/timeout) - test on the TV box,0.08,https://shd-amg-fast-btpls.shahid.net/tx002/playlist.m3u8
TV,iptv-org Music,Tarang Music (720p),OK,HLS playlist + segment reachable,0.66,https://livetv.tarangplus.in/tarangmusic-origin/live/playlist.m3u8
TV,iptv-org Music,TDI Radio TV,OK,HLS playlist + segment reachable,0.53,https://peer2.tdiradio.com/static/streaming-playlists/hls/8f5d84ce-e8ac-4109-9975-9665f5605557/master.m3u8
TV,iptv-org Music,Tele7music (576i),OK,HLS playlist + segment reachable,1.41,https://live.tele7music.ro/hls/stream/index.m3u8
TV,iptv-org Music,Tele Dominicana TV (720p) [Not 24/7],OK,HLS playlist + segment reachable,0.43,https://vdopanel.jlahozconsulting.com/p/3417/hybrid/play.m3u8
TV,iptv-org Music,Tele Zoukla,UNVERIFIED,no route from test server (geo-lock/IPv6/timeout) - test on the TV box,6.16,https://vdo.pro-fhi.net:3228/stream/play.m3u8
TV,iptv-org Music,Teleangol Radio (720p),OK,HLS playlist + segment reachable,0.74,https://pantera1-100gb-cl-movistar.dps.live/teleangolradio/teleangolradio.smil/playlist.m3u8
TV,iptv-org Music,Telehit Musica (1080p),UNVERIFIED,no route from test server (geo-lock/IPv6/timeout) - test on the TV box,10.01,http://181.119.66.28:8081/TELEHIT-MUSICA/index.m3u8
TV,iptv-org Music,TeleMusik Senegal (720p),FAIL,URLError: <urlopen error [SSL: CERTIFICATE_VERIFY_FAILED] certificate ,0.41,https://58c04fb1d143f.streamlock.net/rezopropartner_1_live/rezopropartner_1_live/playlist.m3u8
TV,iptv-org Music,Tezaur TV (576i),OK,HLS playlist + segment reachable,0.76,https://tezaurtv.md/stream/index.m3u8
TV,iptv-org Music,That's 70s (720p),FAIL,HTTP 403,0.57,https://jmp2.uk/plu-69ef53e12f4d2b4f9c582e76.m3u8
TV,iptv-org Music,That's 70s SD (576p),UNVERIFIED,no route from test server (geo-lock/IPv6/timeout) - test on the TV box,10.01,http://92.114.85.72:8000/play/a0lc
TV,iptv-org Music,That's 80s (720p),FAIL,HTTP 403,0.95,https://jmp2.uk/plu-69ef54f3c700cf0140272def.m3u8
TV,iptv-org Music,The Cabbin FM,FAIL,HTTP 404,0.42,https://5f700d5b2c46f.streamlock.net/thecabinn/thecabinn/playlist.m3u8
TV,iptv-org Music,The Country Network (1080p),OK,HLS playlist + segment reachable,0.31,https://amg00600-amg00600c1-thecountrynetwork-us-5497.playouts.now.amagi.tv/playlist.m3u8
TV,iptv-org Music,The Voice (720p),OK,HLS playlist + segment reachable,0.84,https://bss1.neterra.tv/thevoice/thevoice.m3u8
TV,iptv-org Music,Tiankov Folk (576p),OK,HLS playlist + segment reachable,0.7,https://streamer103.neterra.tv/tiankov-folk/live.m3u8
TV,iptv-org Music,Tiankov Orient Folk (576p),OK,HLS playlist + segment reachable,0.52,https://streamer103.neterra.tv/tiankov-orient/live.m3u8
TV,iptv-org Music,TikTok Radio Brasil (1080p),OK,HLS playlist + segment reachable,0.26,https://d1bl6tskrpq9ze.cloudfront.net/hls/master.m3u8?ads.xumo_channelId=99992529
TV,iptv-org Music,Tjil TV (720p),OK,HLS playlist + segment reachable,0.96,https://hls-1zdhtxpm-livepush.akamaized.net/live_cdn/nsM12Xw0C1xXdJ/em0Wx71z-ec6EWJb/rewind-3600.m3u8
TV,iptv-org Music,TMA (1080p),OK,HLS playlist + segment reachable,0.29,http://hls.tmacaraibes.com/live/index.m3u8
TV,iptv-org Music,Today Radio (720p),OK,HLS playlist + segment reachable,0.49,https://stream.rtl.lu/data/live/tele/rtltodayradio/playlist.m3u8
TV,iptv-org Music,Top TV (Serbia) (1080p),UNVERIFIED,no route from test server (geo-lock/IPv6/timeout) - test on the TV box,10.01,http://82.165.71.58:8081/TopTV/live/playlist.m3u8
TV,iptv-org Music,TopEstrada TV (720p),OK,HLS playlist + segment reachable,0.49,http://live.topestrada.com/live/topestrada/playlist.m3u8
TV,iptv-org Music,Topical Moon RD (720p) [Not 24/7],OK,HLS playlist + segment reachable,0.4,https://sistemastr.tropicalmoonmedia.com/live/56BE17DB16EB76C9F2DDB8346F4DFA4E/30.m3u8
TV,iptv-org Music,Totalmusic 80s (720p),OK,HLS playlist + segment reachable,0.46,https://cdn.global.elektamedia.com/live/c7eds/Totalmusic_80s/SA_LIVE_hls_enc/master.m3u8
TV,iptv-org Music,Totalmusic 2000s (720p),OK,HLS playlist + segment reachable,0.45,https://cdn.global.elektamedia.com/live/c7eds/Totalmusic_00s/SA_LIVE_hls_enc/master.m3u8
TV,iptv-org Music,Totalmusic (1080p),OK,HLS playlist + segment reachable,0.47,https://cdn.global.elektamedia.com/live/c7eds/Totalmusic/SA_LIVE_hls_enc/master.m3u8
TV,iptv-org Music,Totalmusic Concerts (720p),OK,HLS playlist + segment reachable,0.53,https://cdn.global.elektamedia.com/live/c7eds/Totalmusic_Concerts/SA_LIVE_hls_enc/master.m3u8
TV,iptv-org Music,Totalmusic Dance (720p),OK,HLS playlist + segment reachable,0.47,https://cdn.global.elektamedia.com/live/c7eds/Totalmusic_Dance/SA_LIVE_hls_enc/master.m3u8
TV,iptv-org Music,Totovision,UNVERIFIED,no route from test server (geo-lock/IPv6/timeout) - test on the TV box,6.05,https://cdn.streamhispanatv.net:3652/live/totovisiongtlive.m3u8
TV,iptv-org Music,Trace Africa (1080p),OK,HLS playlist + segment reachable,1.12,https://channels.trace.plus/Traceprod/AFRICA_FR_hd/index.m3u8
TV,iptv-org Music,Trace Afrikora (1080p),OK,HLS playlist + segment reachable,1.99,https://channels.trace.plus/Traceprod/TERANGA_hd/index.m3u8
TV,iptv-org Music,Trace Ayiti (1080p),OK,HLS playlist + segment reachable,1.33,https://channels.trace.plus/Traceprod/AYITI_hd/index.m3u8
TV,iptv-org Music,Trace Brazuca (1080p),OK,HLS playlist + segment reachable,0.51,https://amg01131-tracetv-amg01131c4-stirr-us-4390.playouts.now.amagi.tv/playlist.m3u8
TV,iptv-org Music,Trace Brazuca HD (1080p),OK,HLS playlist + segment reachable,0.97,https://cdn-uw2-prod.tsv2.amagi.tv/linear/amg01131-tracetv-tracebrazuca-samsungbr/playlist.m3u8
TV,iptv-org Music,Trace Caribbean (1080p),OK,HLS playlist + segment reachable,0.63,https://channels.trace.plus/Traceprod/CARIBBEAN_hd/index.m3u8
TV,iptv-org Music,Trace Gospel (1080p),OK,HLS playlist + segment reachable,0.88,https://channels.trace.plus/Traceprod/GOSPEL_FR_hd/index.m3u8
TV,iptv-org Music,Trace Gospel Nigeria and East Africa (1080p),OK,HLS playlist + segment reachable,1.22,https://channels.trace.plus/Traceprod/GOSPEL_ROA_hd/index.m3u8
TV,iptv-org Music,Trace Gospel Southern Africa (1080p),OK,HLS playlist + segment reachable,1.13,https://channels.trace.plus/Traceprod/GOSPEL_SA_hd/index.m3u8
TV,iptv-org Music,Trace Ivoire (1080p),OK,HLS playlist + segment reachable,0.32,https://channels.trace.plus/Traceprod/TRACE_IVOIRE_hd/index.m3u8
TV,iptv-org Music,Trace Jama (1080p),OK,HLS playlist + segment reachable,1.07,https://channels.trace.plus/Traceprod/JAMA_hd/index.m3u8
TV,iptv-org Music,Trace Kitoko (1080p),OK,HLS playlist + segment reachable,0.35,https://channels.trace.plus/Traceprod/KITOKO_hd/index.m3u8
TV,iptv-org Music,Trace Latina (1080p),OK,HLS playlist + segment reachable,0.18,https://channels.trace.plus/Traceprod/LATINA_hd/index.m3u8
TV,iptv-org Music,Trace Mboa (1080p),OK,HLS playlist + segment reachable,0.88,https://channels.trace.plus/Traceprod/MBOA_hd/index.m3u8
TV,iptv-org Music,Trace Muzika (1080p),OK,HLS playlist + segment reachable,0.95,https://channels.trace.plus/Traceprod/MUZIKA_hd/index.m3u8
TV,iptv-org Music,Trace Mziki (1080p),OK,HLS playlist + segment reachable,0.58,https://channels.trace.plus/Traceprod/MZIKI_hd/index.m3u8
TV,iptv-org Music,Trace Naija (1080p),OK,HLS playlist + segment reachable,1.07,https://channels.trace.plus/Traceprod/NAIJA_hd/index.m3u8
TV,iptv-org Music,Trace Ngoma (1080p),OK,HLS playlist + segment reachable,0.96,https://channels.trace.plus/Traceprod/AFRICA_EN_hd/index.m3u8
TV,iptv-org Music,Trace Toca (1080p),OK,HLS playlist + segment reachable,0.84,https://channels.trace.plus/Traceprod/TOCA_hd/index.m3u8
TV,iptv-org Music,Trace UK (1080p),OK,HLS playlist + segment reachable,0.8,https://channels.trace.plus/Traceprod/UK_FAST_hd/index.m3u8
TV,iptv-org Music,Trace Urban (1080p),OK,HLS playlist + segment reachable,0.5,https://lightning-traceurban-samsungau.amagi.tv/playlist.m3u8
TV,iptv-org Music,Trace Urban Africa Franco (1080p),OK,HLS playlist + segment reachable,0.72,https://channels.trace.plus/Traceprod/URBAN_AFRIC_FR_hd/index.m3u8
TV,iptv-org Music,Trace Urban Caribbean And Indian Ocean (1080p),OK,HLS playlist + segment reachable,0.65,https://channels.trace.plus/Traceprod/URBAN_DOM_hd/index.m3u8
TV,iptv-org Music,Trace Urban HD (1080p),OK,HLS playlist + segment reachable,0.63,https://channels.trace.plus/Traceprod/URBAN_FR_hd/index.m3u8
TV,iptv-org Music,Trace Urban International HD (1080p),OK,HLS playlist + segment reachable,0.72,https://channels.trace.plus/Traceprod/URBAN_INTER_hd/index.m3u8
TV,iptv-org Music,Trace Urban Southern Africa (1080p),OK,HLS playlist + segment reachable,1.02,https://channels.trace.plus/Traceprod/URBAN_SA_hd/index.m3u8
TV,iptv-org Music,Trace Vanilla Islands (1080p),OK,HLS playlist + segment reachable,0.72,https://channels.trace.plus/Traceprod/VANILLA_hd/index.m3u8
TV,iptv-org Music,Traditional TV (1080p),UNVERIFIED,no route from test server (geo-lock/IPv6/timeout) - test on the TV box,10.01,http://83.103.149.75:8085/udp/239.30.0.9:4000
TV,iptv-org Music,Tropi Q 99.7 FM (1080p),UNVERIFIED,no route from test server (geo-lock/IPv6/timeout) - test on the TV box,6.07,https://www.streaming507.net:19360/videotropiq/videotropiq.m3u8
TV,iptv-org Music,Tropical Moon Cumbia TV (720p),UNVERIFIED,no route from test server (geo-lock/IPv6/timeout) - test on the TV box,10.07,https://srv2.tropicalmoonmedia.com/cumbiatv/cumbiatv/playlist.m3u8
TV,iptv-org Music,TRT Muzik (720p),OK,HLS playlist + segment reachable,0.54,https://tv-trtmuzik.medya.trt.com.tr/master.m3u8
TV,iptv-org Music,Turbo Mix Radio TV (720p),OK,HLS playlist + segment reachable,1.96,https://live-evg11.tv360.bitel.com.pe/bitel/turbomixSRT/playlist.m3u8
TV,iptv-org Music,Turkmen Owazy (406p) [Not 24/7],OK,HLS playlist + segment reachable,1.35,https://alpha.tv.online.tm/hls/ch005.m3u8
TV,iptv-org Music,TV Arberia 4 Muzike (720p),FAIL,URLError: <urlopen error [SSL: CERTIFICATE_VERIFY_FAILED] certificate ,0.17,https://ssh101.bozztv.com/ssh101/rtvarberia4/playlist.m3u8
TV,iptv-org Music,TV Arberia Retro Hits (720p),FAIL,URLError: <urlopen error [SSL: CERTIFICATE_VERIFY_FAILED] certificate ,0.16,https://ssh101.bozztv.com/ssh101/rtvarberiaretro/playlist.m3u8
TV,iptv-org Music,TV Cidade,OK,HLS playlist + segment reachable,0.39,https://stmv1.srvif.com/tvcidade/tvcidade/playlist.m3u8
TV,iptv-org Music,TV Duga+ (480p) [Not 24/7],UNVERIFIED,no route from test server (geo-lock/IPv6/timeout) - test on the TV box,10.01,http://109.92.29.10:1935/tvduga/tvduga/playlist.m3u8
TV,iptv-org Music,TV Exitos (720p),UNVERIFIED,no route from test server (geo-lock/IPv6/timeout) - test on the TV box,6.05,https://streaming.grupomediosdelnorte.com:19360/tvexitos/tvexitos.m3u8
TV,iptv-org Music,TV Peruanisima (720p),UNVERIFIED,no route from test server (geo-lock/IPv6/timeout) - test on the TV box,6.06,https://k20.usastreams.com:8081/tvperuanisima/index.m3u8
TV,iptv-org Music,TV Rodina (1080p),OK,HLS playlist + segment reachable,0.69,https://shift03.isp.bg/RodinaTV/index.m3u8
TV,iptv-org Music,TVOMIX (1080p),OK,HLS playlist + segment reachable,0.55,https://cloud.tvomix.com/TVOMIX/index.m3u8
TV,iptv-org Music,TVONE Nicaragua (720p) [Not 24/7],OK,video/x-flv,0.9,https://hdbox.chunklistv.com/live?stream=tvone
TV,iptv-org Music,TVR Folclor,OK,HLS playlist + segment reachable,0.52,https://tvr-folclor.lg.mncdn.com/tvrfolclor/smil:tvrfolclor.smil/playlist.m3u8
TV,iptv-org Music,TVS Music Network (720p),PARTIAL,"playlist OK, segment failed: HTTP Error 403: Forbidden",0.28,https://rpn.bozztv.com/gusa/gusa-tvsmusic/index.m3u8
TV,iptv-org Music,TVUNO (720p),UNVERIFIED,no route from test server (geo-lock/IPv6/timeout) - test on the TV box,6.12,https://streamtv.onliv3.online:1936/karibtv/karibtv/playlist.m3u8
TV,iptv-org Music,TZiK [Not 24/7],UNVERIFIED,no route from test server (geo-lock/IPv6/timeout) - test on the TV box,10.1,https://54627d4fc5996.streamlock.net/tzik/tzik/chunklist.m3u8
TV,iptv-org Music,UA Music (1080p),OK,HLS playlist + segment reachable,0.32,http://stream.mcquack.net/281/index.m3u8
TV,iptv-org Music,Ultimate TV (1080p),OK,HLS playlist + segment reachable,0.53,https://stream.ottlive.co.in/utvtamil/index.m3u8
TV,iptv-org Music,Urbano TV (720p),OK,HLS playlist + segment reachable,0.36,https://59ef525c24caa.streamlock.net/tvurbano/tvurbano/playlist.m3u8
TV,iptv-org Music,V2BEAT TV (720p) [Not 24/7],FAIL,HTTP 416,1.35,https://abr.de1se01.v2beat.live/playlist.m3u8
TV,iptv-org Music,V Classic TV (720p),UNVERIFIED,no route from test server (geo-lock/IPv6/timeout) - test on the TV box,6.05,https://5eaccbab48461.streamlock.net:1936/8112/8112/playlist.m3u8
TV,iptv-org Music,Vaanavil TV (720p),OK,HLS playlist + segment reachable,1.12,https://6n3yope4d9ok-hls-live.5centscdn.com/vaanavil/TV.stream/playlist.m3u8
TV,iptv-org Music,Vallenato Internacional (720p) [Not 24/7],UNVERIFIED,no route from test server (geo-lock/IPv6/timeout) - test on the TV box,6.14,https://59a564764e2b6.streamlock.net/vallenato/vallenatom/playlist.m3u8
TV,iptv-org Music,VAM TV (720p),OK,HLS playlist + segment reachable,0.26,https://sincerecloud.stream/loadbalancer/public/J9EmQQGf.m3u8
TV,iptv-org Music,Vantage Classic (720p),OK,HLS playlist + segment reachable,0.6,https://cdn-backup.lulzy.eu/vclassic_stream/index.m3u8
TV,iptv-org Music,Vantage Dance (720p),OK,HLS playlist + segment reachable,0.47,https://cdn-backup.lulzy.eu/vdance_stream/index.m3u8
TV,iptv-org Music,Vantage Music (720p) [Geo-blocked],OK,HLS playlist + segment reachable,0.66,https://cdn-backup.lulzy.eu/vmusic_stream/index.m3u8
TV,iptv-org Music,Vantage Music UK (1080p) [Geo-blocked],OK,HLS playlist + segment reachable,2.4,https://hls.vantagetv.co.uk/vmusicuk_stream/index.m3u8
TV,iptv-org Music,Vantage Rock (720p) [Geo-blocked],OK,HLS playlist + segment reachable,2.28,https://hls.vantagetv.ee/vrock_stream/index.m3u8
TV,iptv-org Music,Venus Media (1080p),OK,HLS playlist + segment reachable,0.48,https://tigocloud.desdeparaguay.net/venusmedia/venusmedia/playlist.m3u8
TV,iptv-org Music,Vevo 2K (1080p),UNVERIFIED,no route from test server (geo-lock/IPv6/timeout) - test on the TV box,0.13,https://d1s6jz7jeei17.cloudfront.net/playlist/amg00056-vevotv-vevo2kau-samsungau/playlist.m3u8
TV,iptv-org Music,Vevo '70s (1080p),UNVERIFIED,no route from test server (geo-lock/IPv6/timeout) - test on the TV box,0.1,https://amg00056-vevotv-vevo70saunz-samsungau-xzszd.amagi.tv/playlist/amg00056-vevotv-vevo70saunz-samsungau/playlist.m3u8
TV,iptv-org Music,Vevo '80s (1080p),UNVERIFIED,no route from test server (geo-lock/IPv6/timeout) - test on the TV box,0.11,https://amg00056-vevotv-vevo80saunz-samsungau-rp5e3.amagi.tv/playlist/amg00056-vevotv-vevo80saunz-samsungau/playlist.m3u8
TV,iptv-org Music,Vevo '90s (1080p),UNVERIFIED,no route from test server (geo-lock/IPv6/timeout) - test on the TV box,0.09,https://amg00056-vevotv-vevo90saunz-samsungau-n6a0d.amagi.tv/playlist/amg00056-vevotv-vevo90saunz-samsungau/playlist.m3u8
TV,iptv-org Music,Vevo Country (1080p),UNVERIFIED,no route from test server (geo-lock/IPv6/timeout) - test on the TV box,0.1,https://amg00056-vevotv-vevocountryau-samsungau-ktmqm.amagi.tv/playlist/amg00056-vevotv-vevocountryau-samsungau/playlist.m3u8
TV,iptv-org Music,Vevo Hip Hop (1080p),OK,HLS playlist + segment reachable,0.24,https://d3vgs3ro3x6v8a.cloudfront.net/Vevo_Hip_Hop.m3u8
TV,iptv-org Music,Vevo Latino (1080p),OK,HLS playlist + segment reachable,0.29,https://amg00056-amg00056c13-rakuten-es-3246.playouts.now.amagi.tv/playlist.m3u8
TV,iptv-org Music,Vevo Pop (1080p),UNVERIFIED,no route from test server (geo-lock/IPv6/timeout) - test on the TV box,0.08,https://d128y56w6v2kax.cloudfront.net/playlist/amg00056-vevotv-vevopopau-samsungau/playlist.m3u8
TV,iptv-org Music,Vevo R&B (1080p),OK,HLS playlist + segment reachable,0.23,https://d1hf773q57zx9s.cloudfront.net/Vevo_R_B.m3u8
TV,iptv-org Music,Vevo Retro Rock (1080p),UNVERIFIED,no route from test server (geo-lock/IPv6/timeout) - test on the TV box,0.08,https://d2lyea6if8kkz9.cloudfront.net/playlist/amg00056-vevotv-vevoretrorockau-samsungau/playlist.m3u8
TV,iptv-org Music,Vevo True School Hip-Hop,FAIL,HTTP 403,1.03,https://jmp2.uk/plu-61d4c2817a823d00070ba53e.m3u8
TV,iptv-org Music,VH1 (720p),UNVERIFIED,no route from test server (geo-lock/IPv6/timeout) - test on the TV box,10.01,http://4.30.180.36:8420/vh1/index.m3u8?token=test
TV,iptv-org Music,Video Mix TV,OK,HLS playlist + segment reachable,0.42,https://2-fss-2.streamhoster.com/pl_118/206436-3189488-1/playlist.m3u8
TV,iptv-org Music,Video Rola (1080p),OK,HLS playlist + segment reachable,0.57,https://d3b2epqdk0p7vd.cloudfront.net/out/v1/8a448b5e16384af4a3c8146a7b049c32/index.m3u8
TV,iptv-org Music,Video Tour Channel,OK,HLS playlist + segment reachable,0.54,https://59ef525c24caa.streamlock.net/videotour/videotour/playlist.m3u8
TV,iptv-org Music,Vijay Takkar APAC (1080p),OK,application/dash+xml,0.98,https://tglmp01.akamaized.net/out/v1/c1071012b73f4f189b202e1529e8f802/manifest.mpd
TV,iptv-org Music,Vintage Music (720p),OK,HLS playlist + segment reachable,0.36,https://59ef525c24caa.streamlock.net/vmtv/tvvintage/playlist.m3u8
TV,iptv-org Music,VIP TV (720p),FAIL,URLError: <urlopen error [SSL: CERTIFICATE_VERIFY_FAILED] certificate ,0.21,https://ed5ov1.live.opencaster.com/bkyqeDgfaukC/index.m3u8
TV,iptv-org Music,Vision Television (720p),UNVERIFIED,no route from test server (geo-lock/IPv6/timeout) - test on the TV box,6.06,https://cloudvideo.servers10.com:8081/8016/index.m3u8
TV,iptv-org Music,VM Latino (720p) [Not 24/7],OK,HLS playlist + segment reachable,0.35,https://59ef525c24caa.streamlock.net/vmtv/vmlatino/playlist.m3u8
TV,iptv-org Music,VoiceOver Radio TV (720p),UNVERIFIED,no route from test server (geo-lock/IPv6/timeout) - test on the TV box,6.05,https://cloudvideo.servers10.com:8081/8198/index.m3u8
TV,iptv-org Music,Volksmusik TV (1080p),OK,HLS playlist + segment reachable,1.16,https://vmtv.iptv-playoutcenter.de/vmtv/vmtv1/playlist.m3u8
TV,iptv-org Music,Vos y TV (720p) [Not 24/7],OK,HLS playlist + segment reachable,0.29,https://cloud37.ecuatel.com/vostv/live/manifest.m3u8
TV,iptv-org Music,Wavez FM,UNVERIFIED,no route from test server (geo-lock/IPv6/timeout) - test on the TV box,6.05,https://media.streambrothers.com:1936/uszqnhpjpa/uszqnhpjpa/playlist.m3u8
TV,iptv-org Music,WVCU-LP (1080p),UNVERIFIED,no route from test server (geo-lock/IPv6/timeout) - test on the TV box,6.06,https://video1.getstreamhosting.com:1936/8152/8152/playlist.m3u8
TV,iptv-org Music,X 102.7 FM,OK,HLS playlist + segment reachable,0.28,https://live2.tensila.com/onair-v-1.xfm1027/hls/master.m3u8
TV,iptv-org Music,X Level Media (1080p),UNVERIFIED,no route from test server (geo-lock/IPv6/timeout) - test on the TV box,6.06,https://tuvideoonline.com.ar:3332/live/xlevelmedialive.m3u8
TV,iptv-org Music,XITE 90's Throwback (1080p),OK,HLS playlist + segment reachable,0.25,https://d284aawtm5vi48.cloudfront.net/v1/master/3722c60a815c199d9c0ef36c5b73da68a62b09d1/cc-fjdfi2br1jtq7/XITE_90s_Throwback.m3u8
TV,iptv-org Music,XITE (720p),OK,HLS playlist + segment reachable,0.35,https://xite-rakuten.amagi.tv/playlist.m3u8
TV,iptv-org Music,XITE Classic Country (720p),FAIL,HTTP 403,0.33,https://jmp2.uk/plu-623b92a2ccefed0007b1db48.m3u8
TV,iptv-org Music,XITE Hits (1080p),OK,HLS playlist + segment reachable,0.22,https://d726x48n2pd5h.cloudfront.net/XITE_Hits.m3u8
TV,iptv-org Music,XITE Hits Germany (1080p),OK,HLS playlist + segment reachable,0.34,https://d726x48n2pd5h.cloudfront.net/v1/master/3722c60a815c199d9c0ef36c5b73da68a62b09d1/cc-skxr1pazhltvp/XITE_Hits.m3u8
TV,iptv-org Music,XITE Hits UK (1080p),OK,HLS playlist + segment reachable,0.33,https://amg01243-xitenetworksint-hitsuk-samsunguk-mvovq.amagi.tv/playlist/amg01243-xitenetworksint-hitsuk-samsunguk/playlist.m3u8
TV,iptv-org Music,XITE Just Chill (1080p),OK,HLS playlist + segment reachable,0.31,https://dvnftgdlbnemm.cloudfront.net/XITE_Just_Chill.m3u8
TV,iptv-org Music,XITE Nuevo Latino (1080p),OK,HLS playlist + segment reachable,0.47,https://d3bsgqzbpkrvbb.cloudfront.net/v1/master/3722c60a815c199d9c0ef36c5b73da68a62b09d1/cc-w288eaw03izg1/XITE_Nuevo_Latino.m3u8
TV,iptv-org Music,XITE Reggae Vibes (1080p),OK,HLS playlist + segment reachable,0.24,https://dw2m7yrngfg8c.cloudfront.net/XITE_Reggae_Vibes.m3u8
TV,iptv-org Music,XITE Rock x Metal (1080p),OK,HLS playlist + segment reachable,0.39,https://d198ro05q94rc4.cloudfront.net/XITE_Rock_On.m3u8
TV,iptv-org Music,XITE Siempre Latino (1080p),OK,HLS playlist + segment reachable,0.35,https://d1xc25jm9e0l4b.cloudfront.net/v1/master/3722c60a815c199d9c0ef36c5b73da68a62b09d1/cc-xplkt8i7m24dc/XITE_Siempre_Latino.m3u8
TV,iptv-org Music,XPTV1 (720p),UNVERIFIED,no route from test server (geo-lock/IPv6/timeout) - test on the TV box,6.05,https://janus.xpbroadcasting.com:8443/hls/xptv1.m3u8
TV,iptv-org Music,YET Max (720p),UNVERIFIED,no route from test server (geo-lock/IPv6/timeout) - test on the TV box,6.12,https://live.yettelevision.com:5443/LiveApp/streams/yettv2.m3u8
TV,iptv-org Music,YleX (720p),FAIL,HTTP 403,0.81,https://ylestudiolive.akamaized.net/hls/live/2007826/ylestudiolive-YleX/master.m3u8
TV,iptv-org Music,Yo! MTV (1080p),FAIL,HTTP 403,0.75,https://jmp2.uk/plu-5d14fc31252d35decbc4080b.m3u8
TV,iptv-org Music,Yo! MTV CA (1080p),FAIL,HTTP 403,0.99,https://jmp2.uk/plu-654102ed770cf1000866c307.m3u8
TV,iptv-org Music,YRF Music (1080p),OK,HLS playlist + segment reachable,0.69,https://cdn-uw2-prod.tsv2.amagi.tv/linear/amg01412-xiaomiasia-yrfmusic-xiaomi/playlist.m3u8
TV,iptv-org Music,ZB Music (720p),OK,HLS playlist + segment reachable,1.58,https://server.zillarbarta.com/zbmusic/index.m3u8
TV,iptv-org Music,ZFM Zoetermeer TV (720p),OK,HLS playlist + segment reachable,0.71,https://zfmzoetermeer.nl/live/master.m3u8
TV,iptv-org Music,ZICO TV (720p),OK,HLS playlist + segment reachable,0.32,https://gjirafa-video-live.gjirafa.net/gjvideo-live/j3a-n14-2pf-g3s/index.m3u8
TV,iptv-org Music,Zing! (576p),OK,HLS playlist + segment reachable,0.28,http://107.167.16.138/zing/index.m3u8?token=test
TV,iptv-org Music,Zona M,OK,HLS playlist + segment reachable,0.68,http://forever.megogo.xyz/iptv/QGB4M3H62GC7E3/2470/index.m3u8
TV,iptv-org Music,Zona Music TV (1080p),UNVERIFIED,no route from test server (geo-lock/IPv6/timeout) - test on the TV box,6.05,https://acceso.radiosportstv.online:3022/stream/play.m3u8
TV,iptv-org Music,Zoom (India) (720p),OK,HLS playlist + segment reachable,0.52,https://dai.google.com/linear/hls/event/JCAm25qkRXiKcK1AJMlvKQ/master.m3u8
TV,iptv-org Music,Zwei Music Television,PARTIAL,"playlist OK, segment failed: <urlopen error _ssl.c:999: The handshake operation timed out",0.27,https://zweiapp.b-cdn.net/1080p/index.m3u8
TV,iptv-org English,1KZN TV (576p),OK,HLS playlist + segment reachable,0.77,https://cdn.freevisiontv.co.za/sttv/smil:1kzn.stream.smil/playlist.m3u8
TV,iptv-org English,3ABN Canada (720p),OK,HLS playlist + segment reachable,0.32,https://3abn.bozztv.com/3abncanada/3ABN/master.m3u8
TV,iptv-org English,3ABN English,OK,HLS playlist + segment reachable,0.37,https://3abn.bozztv.com/3abn2/3abn_live/smil:3abn_live.smil/playlist.m3u8
TV,iptv-org English,3ABN International (720p),PARTIAL,"playlist OK, segment failed: HTTP Error 403: Forbidden",0.35,https://3abn.bozztv.com/3abn2/Int_live/smil:Int_live.smil/playlist.m3u8
TV,iptv-org English,3ABN Proclaim! Network,OK,HLS playlist + segment reachable,0.39,https://3abn.bozztv.com/3abn2/Pro_live/smil:Pro_live.smil/playlist.m3u8
TV,iptv-org English,3ABN TV Uganda (720p) [Not 24/7],FAIL,HTTP 404,0.33,https://3abn.bozztv.com/3abn/3abn_uganda_live/index.m3u8
TV,iptv-org English,3HD,OK,HLS playlist + segment reachable,0.23,https://live-us1.thaimomo.com/live-as/ch3hd-3/playlist.m3u8
TV,iptv-org English,3 Stones TV (240p) [Not 24/7],UNVERIFIED,no route from test server (geo-lock/IPv6/timeout) - test on the TV box,6.15,https://goliveafrica.media:9998/live/64d21e682fd26/index.m3u8
TV,iptv-org English,5 Cops,FAIL,HTTP 403,0.93,https://jmp2.uk/plu-5d2c571faeb3e2738ae27933.m3u8
TV,iptv-org English,7th Heaven,FAIL,HTTP 403,0.94,https://jmp2.uk/plu-6728cab6e482950008b76d8c.m3u8
TV,iptv-org English,7th Heaven DK,FAIL,HTTP 403,0.91,https://jmp2.uk/plu-6728c9c85534bb0008b320a4.m3u8
TV,iptv-org English,7th Heaven NO,FAIL,HTTP 403,0.89,https://jmp2.uk/plu-6728ca75529ac9000830ab14.m3u8
TV,iptv-org English,9Gem (720p) [Geo-blocked],FAIL,HTTP 400,0.25,https://9now-livestreams.akamaized.net/hls/live/2008311/gem-syd/master.m3u8
TV,iptv-org English,9Life (720p) [Geo-blocked],FAIL,HTTP 400,0.24,https://9now-livestreams.akamaized.net/hls/live/2008313/life-syd/master.m3u8
TV,iptv-org English,10 Bold (1080p),OK,HLS playlist + segment reachable,0.43,https://dce3793146fef017.mediapackage.us-west-2.amazonaws.com/out/v1/55cdf73af7894775ba6de8f57482b66a/CMAF_HLS/index.m3u8
TV,iptv-org English,30A Darcizzle Offshore (720p),OK,HLS playlist + segment reachable,0.64,https://30a-tv.com/darcizzle.m3u8
TV,iptv-org English,30A Golf Kingdom (720p),OK,HLS playlist + segment reachable,0.83,https://30a-tv.com/feeds/vidaa/golf.m3u8
TV,iptv-org English,30A Investment Pitch (720p),OK,HLS playlist + segment reachable,0.65,https://30a-tv.com/feeds/xodglobal/30atv.m3u8
TV,iptv-org English,30A Luxe Life Discovered (720p),OK,HLS playlist + segment reachable,0.48,https://30a-tv.com/feeds/vidaa/luxelife.m3u8
TV,iptv-org English,30A Ridiculous TV (720p),OK,HLS playlist + segment reachable,0.66,https://30a-tv.com/feeds/720p/63.m3u8
TV,iptv-org English,30A Sidewalks (720p),OK,HLS playlist + segment reachable,0.64,https://30a-tv.com/sidewalks.m3u8
TV,iptv-org English,30A Television Channel (720p),OK,HLS playlist + segment reachable,0.53,https://30a-tv.com/feeds/masters/30atv.m3u8
TV,iptv-org English,30A The Beach Show (720p),OK,HLS playlist + segment reachable,0.52,https://30a-tv.com/beachy.m3u8
TV,iptv-org English,30A We Love Cars (720p),OK,HLS playlist + segment reachable,0.64,https://30a-tv.com/feeds/vidaa/cars.m3u8
TV,iptv-org English,48 Hours (1080p),OK,HLS playlist + segment reachable,1.11,https://dai.google.com/linear/hls/event/JUr94WL2QAiVpGNHY5n5dA/master.m3u8
TV,iptv-org English,48 Hours CA,FAIL,HTTP 403,0.97,https://jmp2.uk/plu-62e925bc68d18a00077bb990.m3u8
TV,iptv-org English,100% Auto Moto TV (406p) [Not 24/7],UNVERIFIED,no route from test server (geo-lock/IPv6/timeout) - test on the TV box,20.06,http://100automoto.tv:1935/bgtv1/autotv/playlist.m3u8
TV,iptv-org English,111 TV (720p),OK,HLS playlist + segment reachable,0.63,https://5db313b643fd8.streamlock.net/111/111/playlist.m3u8
TV,iptv-org English,2900 Happiness,FAIL,HTTP 403,0.96,https://jmp2.uk/plu-6720bc6cdaad7f000872a6e2.m3u8
TV,iptv-org English,A2i TV (1080p),OK,HLS playlist + segment reachable,0.89,https://stream.sen-gt.com/A2itv/myStream/playlist.m3u8
TV,iptv-org English,A&E (720p),UNVERIFIED,no route from test server (geo-lock/IPv6/timeout) - test on the TV box,10.01,http://23.239.31.26:8989/aande/index.m3u8
TV,iptv-org English,ABC (1080p),UNVERIFIED,no route from test server (geo-lock/IPv6/timeout) - test on the TV box,10.01,http://190.11.225.124:5000/live/abc_hd/playlist.m3u8
TV,iptv-org English,ABC KAAL (1080p),OK,HLS playlist + segment reachable,0.32,https://amg01942-amg01942c6-stirr-us-10178.playouts.now.amagi.tv/playlist.m3u8
TV,iptv-org English,ABC KATC (1080p),UNVERIFIED,no route from test server (geo-lock/IPv6/timeout) - test on the TV box,10.02,http://stream.cammonitorplus.net/1753/index.m3u8
TV,iptv-org English,ABC KERO-TV (720p),OK,HLS playlist + segment reachable,0.59,https://aegis-cloudfront-1.tubi.video/69c4e4f9-84fa-43eb-b38e-6d1f9464ca73/playlist.m3u8
TV,iptv-org English,ABC KGTV (720p),OK,HLS playlist + segment reachable,0.64,https://aegis-cloudfront-1.tubi.video/1a352414-3a30-4f42-b14b-c091d02a5e45/playlist.m3u8
TV,iptv-org English,ABC KGUN-TV (720p),OK,HLS playlist + segment reachable,0.63,https://aegis-cloudfront-1.tubi.video/a53514a7-f2aa-4d34-802e-c2b5594fc0d7/playlist.m3u8
TV,iptv-org English,ABC KITV (720p),OK,HLS playlist + segment reachable,1.0,https://fuel-streaming-prod01.fuelmedia.io/v1/sem/c4067ddc-0e67-4928-b7ec-624481f721a6.m3u8
TV,iptv-org English,ABC KMGH-TV (720p),OK,HLS playlist + segment reachable,0.57,https://content.uplynk.com/channel/64ca339f04964a5e961c3207a7771bf1.m3u8
TV,iptv-org English,ABC KOAT-TV (720p),OK,HLS playlist + segment reachable,0.45,https://aegis-cloudfront-1.tubi.video/2dba5dd9-4097-45e3-b169-56735cc48476/playlist.m3u8
TV,iptv-org English,ABC KRCA (720p),OK,HLS playlist + segment reachable,0.3,https://content.uplynk.com/channel/829a8c85f9e840c6bed963856c231428.m3u8
TV,iptv-org English,ABC KRGV-TV,OK,HLS playlist + segment reachable,0.39,https://d3svnrf3rmq619.cloudfront.net/krgv-live/smil:krgv-live.smil/playlist.m3u8
TV,iptv-org English,ABC KSTP-TV (1080p),OK,HLS playlist + segment reachable,0.33,https://amg01942-amg01942c2-stirr-us-10173.playouts.now.amagi.tv/playlist.m3u8
TV,iptv-org English,ABC KXXV (720p),OK,HLS playlist + segment reachable,0.41,https://content.uplynk.com/channel/9d4e02c9c3544c269d32e6b316792c8f.m3u8
TV,iptv-org English,ABC WBBJ-TV (432p),PARTIAL,"playlist OK, segment failed: HTTP Error 404: Not Found",0.48,https://dai.google.com/linear/hls/event/HZ3JdLVcQ463l3b1BLXmmQ/master.m3u8
TV,iptv-org English,ABC WBRZ-TV (480p),OK,HLS playlist + segment reachable,0.29,https://d2a6g6zgxepbwi.cloudfront.net/wbrz-edge/weather.stream_360p/playlist.m3u8
TV,iptv-org English,ABC WDIO-DT (1080p),OK,HLS playlist + segment reachable,0.31,https://amg01942-amg01942c3-stirr-us-10196.playouts.now.amagi.tv/playlist.m3u8
TV,iptv-org English,ABC WFTV (720p),OK,HLS playlist + segment reachable,0.3,https://amg00327-coxmediagroup-wftvbreaking-ono-hec7b.amagi.tv/playlist/amg00327-coxmediagroup-wftvbreaking-ono/playlist.m3u8
TV,iptv-org English,ABC WISN-TV (720p),OK,HLS playlist + segment reachable,0.52,https://aegis-cloudfront-1.tubi.video/ec903a48-3638-4d0b-ac89-813e147bca58/playlist.m3u8
TV,iptv-org English,ABC WJLA-TV (1080p),FAIL,HTTP 503,0.44,https://linear-681.frequency.stream/dist/stirr/681/hls/master/playlist.m3u8
TV,iptv-org English,ABC WLOS (1080p),FAIL,HTTP 503,0.37,https://linear-695.frequency.stream/dist/stirr/695/hls/master/playlist.m3u8
TV,iptv-org English,ABC WMAR-TV (720p),OK,HLS playlist + segment reachable,0.47,https://aegis-cloudfront-1.tubi.video/c28d1ca8-9467-4798-81dc-09c1d6e90be1/playlist.m3u8
TV,iptv-org English,ABC WMUR-TV (720p),OK,HLS playlist + segment reachable,0.38,https://aegis-cloudfront-1.tubi.video/b77ffe96-c5d1-43a7-8687-306ff244d725/playlist.m3u8
TV,iptv-org English,ABC WPDE-TV (1080p),FAIL,HTTP 503,0.41,https://linear-696.frequency.stream/dist/stirr/696/hls/master/playlist.m3u8
TV,iptv-org English,ABC WSOC-TV (1080p),OK,HLS playlist + segment reachable,0.64,https://cdn-ue1-prod.tsv2.amagi.tv/linear/amg00327-coxmediagroup-wsocbreaking-ono/playlist.m3u8
TV,iptv-org English,ABC WSYX (1080p),FAIL,HTTP 503,0.56,https://linear-689.frequency.stream/dist/stirr/689/hls/master/playlist.m3u8
TV,iptv-org English,ABC WTNH (720p),PARTIAL,unknown content-type application/x-javascript,0.29,https://tkx.mp.lura.live/rest/v2/mcp/video/11135425.m3u8?anvack=pDKqMLyG9pVqMkSYRJHWu3XROjAlvR6z&eud=1iqQ+zazzEobWIhmmj6bA8STRJm4HceYQApO7QYBvy9BTps0KI7LuXGD4KK7RLtBTyO8KsbFw40vgX8hrw+xqw==
TV,iptv-org English,ABC WTVQ-DT (720p),OK,HLS playlist + segment reachable,0.48,https://townnews.g-mana.live/media/14d1fd2c-0548-4803-80ad-6657831a7981/main.m3u8
TV,iptv-org English,ABC WTXL-TV (720p),OK,HLS playlist + segment reachable,0.27,https://aegis-cloudfront-1.tubi.video/e739361e-fa12-4cac-92f3-e0dbf332cd88/playlist.m3u8
TV,iptv-org English,ABC WWAY,OK,HLS playlist + segment reachable,0.51,https://townnews.g-mana.live/media/027a05c7-43b6-49eb-ad10-a0c0f10a0754/main.m3u8
TV,iptv-org English,ABC TV (720p),OK,HLS playlist + segment reachable,1.08,https://c.mjh.nz/abc-nsw.m3u8
TV,iptv-org English,ABC TV ACT (720p),OK,HLS playlist + segment reachable,1.49,https://c.mjh.nz/abc-act.m3u8
TV,iptv-org English,ABC TV NT (720p),OK,HLS playlist + segment reachable,1.19,https://c.mjh.nz/abc-nt.m3u8
TV,iptv-org English,ABC TV QLD (720p),OK,HLS playlist + segment reachable,1.22,https://c.mjh.nz/abc-qld.m3u8
TV,iptv-org English,ABC TV SA (720p),OK,HLS playlist + segment reachable,1.12,https://c.mjh.nz/abc-sa.m3u8
TV,iptv-org English,ABC TV TAS (720p),OK,HLS playlist + segment reachable,1.55,https://c.mjh.nz/abc-tas.m3u8
TV,iptv-org English,ABC TV VIC (720p),OK,HLS playlist + segment reachable,1.45,https://c.mjh.nz/abc-vic.m3u8
TV,iptv-org English,ABC TV WA (720p),OK,HLS playlist + segment reachable,1.53,https://c.mjh.nz/abc-wa.m3u8
TV,iptv-org English,ABC TV Plus (720p),OK,HLS playlist + segment reachable,1.05,https://c.mjh.nz/abc-tv-plus.m3u8
TV,iptv-org English,ABN Africa (480p),OK,HLS playlist + segment reachable,0.23,https://mediaserver.abnvideos.com/streams/abnafrica.m3u8
TV,iptv-org English,Absolute Reality by WE TV,OK,HLS playlist + segment reachable,0.34,https://amc-absolutereality-1-us.plex.wurl.tv/playlist.m3u8
TV,iptv-org English,Acapulco Shore US,FAIL,HTTP 403,1.02,https://jmp2.uk/plu-64dab1f835425100080e1e7b.m3u8
TV,iptv-org English,ACC Digital Network (1080p),OK,HLS playlist + segment reachable,0.32,https://raycom-accdn-firetv.amagi.tv/playlist.m3u8
TV,iptv-org English,ACC Network (720p),UNVERIFIED,no route from test server (geo-lock/IPv6/timeout) - test on the TV box,10.01,http://23.239.31.26:8989/accnetwork/index.m3u8
TV,iptv-org English,Access 4 PAC,OK,HLS playlist + segment reachable,0.59,https://reflect-channel18vod-springfield-il-us.cablecast.tv/live-16/live/stream-4/live.m3u8
TV,iptv-org English,Access 19,OK,HLS playlist + segment reachable,0.36,https://reflect-montgomerycommunitymedia.cablecast.tv/live-8/live/stream-3/live.m3u8
TV,iptv-org English,Access Humboldt (1080p),PARTIAL,"playlist OK, segment failed: HTTP Error 503: Service Unavailable",0.74,https://rtmp-live-ingest-ap-northeast-2-universe-dacast-com.akamaized.net/transmuxv1/streams/f08fcd45-1d04-9a8c-39ca-f56091820e5c.m3u8
TV,iptv-org English,Access Nashua (720p),OK,HLS playlist + segment reachable,0.44,https://livestream.telvue.com/nashuanh1/f7b44cfafd5c52223d5498196c8a2e7b.sdp/playlist.m3u8
TV,iptv-org English,Access Sacramento Channel 17,FAIL,HTTP 502,0.73,https://reflect-access-sacramento.cablecast.tv/live-7/live/live.m3u8
TV,iptv-org English,Access Tuolumne (720p),OK,HLS playlist + segment reachable,0.81,https://reflect-tuolumne.cablecast.tv/live-3/live/stream-1/live.m3u8
TV,iptv-org English,AccessVision Channel 16 (720p),OK,HLS playlist + segment reachable,2.17,https://livestream.telvue.com/accvision1/f7b44cfafd5c52223d5498196c8a2e7b.sdp/playlist.m3u8
TV,iptv-org English,AccessVision Channel 17 (720p),OK,HLS playlist + segment reachable,0.38,https://livestream.telvue.com/accvision2/f7b44cfafd5c52223d5498196c8a2e7b.sdp/playlist.m3u8
TV,iptv-org English,AccuWeather NOW (1080p),OK,HLS playlist + segment reachable,0.62,https://cdn-ue1-prod.tsv2.amagi.tv/linear/amg00684-accuweather-accuweather-plex/playlist.m3u8
TV,iptv-org English,Ace TV (480p),OK,HLS playlist + segment reachable,0.97,https://c.streamhoster.com/link/hls/W5s3fS/inLo5pcsHjo/iqg9wps0m1x_5/playlist.m3u8
TV,iptv-org English,Ace TV KCKS-LD (720p),OK,HLS playlist + segment reachable,0.36,https://2-fss-1.streamhoster.com/pl_154/amlst:205432-2055980/playlist.m3u8
TV,iptv-org English,Acheloos TV (576p),OK,HLS playlist + segment reachable,0.47,https://acheloostv.streamings.gr/live/stream/index.m3u8
TV,iptv-org English,ACNN (480p),OK,HLS playlist + segment reachable,2.06,https://viewmedia7219.bozztv.com/wmedia/viewmedia100/web_014/Stream/playlist.m3u8
TV,iptv-org English,ACTV (United States),OK,HLS playlist + segment reachable,0.24,https://castus-vod-dev.s3.amazonaws.com/vod_clients/athens/live/ch2/video.m3u8
TV,iptv-org English,Adinkra TV (1080p),FAIL,HTTP 404,0.19,https://59d39900ebfb8.streamlock.net/adinkratvny/adinkratvny/playlist.m3u8
TV,iptv-org English,Afaq TV,UNVERIFIED,no route from test server (geo-lock/IPv6/timeout) - test on the TV box,10.19,https://stream.afaq.iq/live/channel/afaqtv/playlist.m3u8
TV,iptv-org English,AfroLandTV (1080p),OK,HLS playlist + segment reachable,0.19,https://alt-al.otteravision.com/alt/al/al.m3u8
TV,iptv-org English,Afroturk TV (1080p),PARTIAL,"playlist OK, segment failed: HTTP Error 403: Forbidden",1.13,https://edge.socialsmart.tv/naturaltv/bant1/playlist.m3u8
TV,iptv-org English,AFTV (1080p),OK,HLS playlist + segment reachable,0.59,https://livestream.telvue.com/accframingham1/f7b44cfafd5c52223d5498196c8a2e7b.sdp/playlist.m3u8
TV,iptv-org English,AFV (720p),OK,HLS playlist + segment reachable,0.53,https://linear-12.frequency.stream/dist/plex/12/hls/master/playlist.m3u8
TV,iptv-org English,Ahlulbayt TV (1080p),UNVERIFIED,no route from test server (geo-lock/IPv6/timeout) - test on the TV box,6.05,https://cd198.anystream.uk:8082/hls/abtv3ng/index.m3u8
TV,iptv-org English,Ajman TV (1080p),OK,HLS playlist + segment reachable,1.95,https://cdn1.logichost.in/ajmantv/live/playlist.m3u8
TV,iptv-org English,Akaal Channel (396p) [Geo-blocked],OK,HLS playlist + segment reachable,0.34,https://cdn-globecast.akamaized.net/live/eds/akaal_tv/hls1_smart_akaal/akaal_tv.m3u8
TV,iptv-org English,Akaku 53 (1080p),OK,HLS playlist + segment reachable,0.23,https://castus-vod-dev.s3.amazonaws.com/vod_clients/akaku/live/ch1/video.m3u8
TV,iptv-org English,Akaku 54 (1080p),OK,HLS playlist + segment reachable,0.23,https://castus-vod-dev.s3.amazonaws.com/vod_clients/akaku/live/ch2/video.m3u8
TV,iptv-org English,Akaku 55 (1080p),OK,HLS playlist + segment reachable,0.21,https://castus-vod-dev.s3.amazonaws.com/vod_clients/akaku/live/ch3/video.m3u8
TV,iptv-org English,AKC TV (1080p),OK,HLS playlist + segment reachable,0.38,https://broadcast.blivenyc.com/speed/broadcast/22/desktop-playlist.m3u8
TV,iptv-org English,AKC TV Meet the Breeds,OK,HLS playlist + segment reachable,0.21,https://install.akctvcontrol.com/speed/broadcast/139/desktop-playlist.m3u8
TV,iptv-org English,AKC TV Puppies,OK,HLS playlist + segment reachable,0.22,https://install.akctvcontrol.com/speed/broadcast/140/desktop-playlist.m3u8
TV,iptv-org English,Alabama Weather Network (720p),FAIL,HTTP 523,0.48,https://alwxnet-ott-proxy.cloud9streaming.com/alwxnet/live/playlist.m3u8
TV,iptv-org English,Alb UK TV (1080p),FAIL,HTTP 403,0.25,http://5.254.89.106/8794/index.m3u8
TV,iptv-org English,All Reality by WE tv (720p),FAIL,HTTP 403,0.39,https://jmp2.uk/plu-5e82530945600e0007ca076c.m3u8
TV,iptv-org English,All Weddings WE tv,OK,HLS playlist + segment reachable,0.29,https://amc-allweddings-1-us.xumo.wurl.tv/playlist.m3u8
TV,iptv-org English,ALLBLK Gems (720p),OK,HLS playlist + segment reachable,0.33,https://df1zke3zj042m.cloudfront.net/playlist.m3u8
TV,iptv-org English,Almagd TV Middle East (1080p) [Not 24/7],OK,HLS playlist + segment reachable,0.16,https://597f64b67707a.streamlock.net/almagd.tv/almagd.smil/playlist.m3u8
TV,iptv-org English,Almagd TV North America (1080p),OK,HLS playlist + segment reachable,0.52,https://5aafcc5de91f1.streamlock.net/almagd.tv/almagd.smil/playlist.m3u8
TV,iptv-org English,Alpha Digital (480p),UNVERIFIED,no route from test server (geo-lock/IPv6/timeout) - test on the TV box,6.05,https://streamfi-alphatvdgtl1.zettawiseroutes.com:8181/hls/stream.m3u8
TV,iptv-org English,Althingi (1080p) [Not 24/7],UNVERIFIED,no route from test server (geo-lock/IPv6/timeout) - test on the TV box,0.08,https://althingi-live.secure.footprint.net/althingi/live/index.m3u8
TV,iptv-org English,Always Funny Videos (720p),OK,HLS playlist + segment reachable,0.43,https://d24l3uppudokci.cloudfront.net/playlist.m3u8
TV,iptv-org English,Amazing Discoveries TV (720p),OK,HLS playlist + segment reachable,0.43,https://uni01rtmp.tulix.tv/amazingdtv/amazingdtv/playlist.m3u8
TV,iptv-org English,Amazing Facts TV (1080p),OK,HLS playlist + segment reachable,0.54,https://hlspackager.akamaized.net/live/DB/AMAZING_FACTS/HLS/AMAZING_FACTS.m3u8
TV,iptv-org English,America's Next Top Model,FAIL,HTTP 403,0.31,https://jmp2.uk/plu-68757c45759366af05b3b199.m3u8
TV,iptv-org English,America's Next Top Model CA,FAIL,HTTP 403,0.33,https://jmp2.uk/plu-68679fc6bb46d0bdd38ac9a4.m3u8
TV,iptv-org English,America's Test Kitchen (720p),FAIL,HTTP 403,0.48,https://jmp2.uk/plu-5e84f54a82f05300080e6746.m3u8
TV,iptv-org English,American Crime Channel,OK,HLS playlist + segment reachable,0.21,https://d39g1vxj2ef6in.cloudfront.net/v1/master/3fec3e5cac39a52b2132f9c66c83dae043dc17d4/prod-rakuten-stitched/master.m3u8?ads.xumo_channelId=88883104
TV,iptv-org English,Ameritrade (1080p) [Not 24/7],OK,HLS playlist + segment reachable,0.29,https://tdameritrade-vizio.amagi.tv/playlist.m3u8
TV,iptv-org English,AMG TV (1080p),OK,HLS playlist + segment reachable,0.17,https://2-fss-2.streamhoster.com/pl_138/201660-1270634-1/playlist.m3u8
TV,iptv-org English,AMGA TV (720p) [Not 24/7],OK,HLS playlist + segment reachable,0.45,https://streamer1.connectto.com/AMGA_WEB_1202/playlist.m3u8
TV,iptv-org English,AMP 1 (720p),OK,HLS playlist + segment reachable,0.29,https://dlttx48mxf9m3.cloudfront.net/vod_clients/amp/live/ch1/video.m3u8
TV,iptv-org English,AMP 2 (720p),OK,HLS playlist + segment reachable,0.24,https://dlttx48mxf9m3.cloudfront.net/vod_clients/amp/live/ch2/video.m3u8
TV,iptv-org English,Andromeda UK,FAIL,HTTP 403,1.01,https://jmp2.uk/plu-5e8db96bccae160007c71eec.m3u8
TV,iptv-org English,Angel TV Africa (720p),PARTIAL,unknown content-type application/x-mpegURL,0.85,https://janya-digimix.akamaized.net/vglive-sk-904559/africa/ngrp:angelafrica_all/playlist.m3u8
TV,iptv-org English,Angel TV Arabia (720p),PARTIAL,unknown content-type application/x-mpegURL,1.25,https://janya-digimix.akamaized.net/vglive-sk-213167/arabia/ngrp:angelarabia_all/playlist.m3u8
TV,iptv-org English,Angel TV Australia (720p),PARTIAL,unknown content-type application/x-mpegURL,0.93,https://janya-digimix.akamaized.net/vglive-sk-310787/australia/ngrp:angelaustralia_all/playlist.m3u8
TV,iptv-org English,Angel TV Europe (720p),PARTIAL,unknown content-type application/x-mpegURL,1.85,https://janya-digimix.akamaized.net/vglive-sk-512011/europe/ngrp:angeleurope_all/playlist.m3u8
TV,iptv-org English,Angel TV FarEast (720p),PARTIAL,unknown content-type application/x-mpegURL,1.7,https://janya-digimix.akamaized.net/vglive-sk-438760/fareast/ngrp:angelfareast_all/playlist.m3u8
TV,iptv-org English,Angel TV Indo-China (720p),PARTIAL,unknown content-type application/x-mpegURL,1.2,https://janya-digimix.akamaized.net/vglive-sk-703035/indochina/ngrp:angelindochina_all/playlist.m3u8
TV,iptv-org English,Angel TV Indonesia (720p),PARTIAL,unknown content-type application/x-mpegURL,1.21,https://janya-digimix.akamaized.net/vglive-sk-234616/indonesia/ngrp:angelindonesia_all/playlist.m3u8
TV,iptv-org English,Anger Management Channel (1080p),OK,HLS playlist + segment reachable,0.35,https://amg00353-lionsgatestudio-angermgmt-samsungau-o9jg9.amagi.tv/playlist/amg00353-lionsgatestudio-angermgmt-samsungau/playlist.m3u8
TV,iptv-org English,ANIMAL KINGDOM (720p),UNVERIFIED,no route from test server (geo-lock/IPv6/timeout) - test on the TV box,10.08,https://cdn6.goprimetime.info/feed/202306140918/LC18/index.m3u8
TV,iptv-org English,Animation+ (1080p) [Geo-blocked],OK,HLS playlist + segment reachable,0.25,https://pb-ioe9d0fpkd6pp.akamaized.net/playlist.m3u8
TV,iptv-org English,Animax Asia India (1080p) [Geo-blocked],OK,HLS playlist + segment reachable,0.47,https://amg02159-kcglobal-amg02159c1-samsung-in-521.playouts.now.amagi.tv/playlist/amg02159-kcglobal-animax-samsungin/playlist.m3u8
TV,iptv-org English,Anime x HIDIVE,FAIL,HTTP 403,0.34,https://jmp2.uk/plu-6793eaa4bc03978b9bc63db1.m3u8
TV,iptv-org English,Aniplus Asia (720p),OK,HLS playlist + segment reachable,0.34,https://amg18481-amg18481c1-amgplt0352.playout.now3.amagi.tv/playlist/amg18481-amg18481c1-amgplt0352/playlist.m3u8
TV,iptv-org English,Anthony Bourdain: Parts Unknown,FAIL,HTTP 403,0.95,https://jmp2.uk/plu-69173ce8abd4703b27f71d44.m3u8
TV,iptv-org English,Antiques Road Trip (1080p),OK,HLS playlist + segment reachable,0.26,https://amg02333-pbs-amg02333c1-samsung-au-1253.playouts.now.amagi.tv/PBSD-AntiquesRoadTripSF-samsung/playlist.m3u8
TV,iptv-org English,Antiques Roadshow UK (1080p),OK,HLS playlist + segment reachable,0.31,https://bbc-antiquesroadshowuk-1-us.roku.wurl.tv/playlist.m3u8
TV,iptv-org English,AP TV,OK,HLS playlist + segment reachable,0.37,https://59nyqg8elwap-hls-live.5centscdn.com/APTV/85c20905211659d143febd7c32592ee0.sdp/playlist.m3u8
TV,iptv-org English,Apna Channel (576p),UNVERIFIED,no route from test server (geo-lock/IPv6/timeout) - test on the TV box,10.01,http://115.42.65.142:9981/stream/channelid/1273966657
TV,iptv-org English,Approval TV (720p),OK,HLS playlist + segment reachable,0.55,https://live.approvaltv.com/approvaltv/index.m3u8
TV,iptv-org English,Are We There Yet? (1080p),OK,HLS playlist + segment reachable,0.36,https://amg00353-lionsgatestudio-arewethereyet-samsunguk-6h2ju.amagi.tv/playlist/amg00353-lionsgatestudio-arewethereyet-samsunguk/playlist.m3u8
TV,iptv-org English,Are You The One?,FAIL,HTTP 403,0.25,https://jmp2.uk/plu-61c0ac242bb0cf0007015f89.m3u8
TV,iptv-org English,Are You The One? DK,FAIL,HTTP 403,0.28,https://jmp2.uk/plu-61c091c39863900007ac9e8f.m3u8
TV,iptv-org English,Are You The One? NO,FAIL,HTTP 403,0.29,https://jmp2.uk/plu-61c1db8ed6d97900076ea15c.m3u8
TV,iptv-org English,Ark TV (1080p) [Not 24/7],OK,HLS playlist + segment reachable,1.11,https://stream.hydeinnovations.com/arktv-international/index.fmp4.m3u8
TV,iptv-org English,Aruba.TV (1080p),OK,HLS playlist + segment reachable,0.61,https://cdn01.setar.aw/Canal49/canal49/playlist.m3u8
TV,iptv-org English,ArubaTV +,UNVERIFIED,no route from test server (geo-lock/IPv6/timeout) - test on the TV box,6.06,https://rtmpcontrol.com:1936/atvplus/ngrp:atvplus_all/playlist.m3u8
TV,iptv-org English,Asia TV (720p),FAIL,HTTP 521,0.23,https://stream.asiatvnet.com/1/live/master.m3u8
TV,iptv-org English,Asian Culture TV (1080p),OK,HLS playlist + segment reachable,0.72,https://cdn.vegasplus.us/vegas/actv/playlist.m3u8
TV,iptv-org English,AsianCrush (1080p),OK,HLS playlist + segment reachable,0.27,https://linear-900.frequency.stream/dist/cineverse/900/hls/master/playlist.m3u8
TV,iptv-org English,Aspire TV Life (1080p),OK,HLS playlist + segment reachable,0.24,https://uptv-aspiretvlife-klowdtv.amagi.tv/playlist.m3u8
TV,iptv-org English,At Home with Family Handyman (720p),OK,HLS playlist + segment reachable,0.32,https://d1ik2p49apxqjf.cloudfront.net/playlist.m3u8
TV,iptv-org English,ATL 26,OK,HLS playlist + segment reachable,0.31,https://securestream11.champds.com/LIVE/AtlantaGALIVE/AtlantaGALIVE.m3u8
TV,iptv-org English,Atlanta Channel (720p),UNVERIFIED,no route from test server (geo-lock/IPv6/timeout) - test on the TV box,10.03,http://media4.tripsmarter.com:1935/LiveTV/ACVBHD/playlist.m3u8
TV,iptv-org English,ATXN1 (1080p),OK,HLS playlist + segment reachable,0.58,https://cdn-atxn-01.vos360.video/Content/HLS/Live/channel(616d6f49-eaec-6f7e-7186-2bbaf66c69c0)/index.m3u8
TV,iptv-org English,ATXN2 (1080p),OK,HLS playlist + segment reachable,0.47,https://cdn-atxn-01.vos360.video/Content/HLS/Live/channel(f97b5ddc-b7e4-dff8-9f10-8c16d0833639)/index.m3u8
TV,iptv-org English,ATXN3 (1080p),OK,HLS playlist + segment reachable,0.75,https://cdn-atxn-01.vos360.video/Content/HLS/Live/channel(c55d1594-ad62-7434-aa17-4d71adb80f99)/index.m3u8
TV,iptv-org English,Auction Hunters (Germany) GB,FAIL,HTTP 403,0.92,https://jmp2.uk/plu-62ac50e92c48f900071444c9.m3u8
TV,iptv-org English,Auction Hunters (Sweden),FAIL,HTTP 403,0.91,https://jmp2.uk/plu-62da7380478a5b0007e610d9.m3u8
TV,iptv-org English,Auction Hunters (Sweden) DK,FAIL,HTTP 403,1.02,https://jmp2.uk/plu-62da73c4ec46c000070f4cb1.m3u8
TV,iptv-org English,Auction Hunters (Sweden) NO,FAIL,HTTP 403,0.93,https://jmp2.uk/plu-62da7159ca8f220008032730.m3u8
TV,iptv-org English,aurLife HD (614p),OK,HLS playlist + segment reachable,0.48,http://124.109.47.101/hls/stream1.m3u8
TV,iptv-org English,AuroraTV (720p),OK,application/vnd.apple.mpegurl,0.69,https://reflect-aurora.cablecast.tv/live-8/live/live.m3u8
TV,iptv-org English,Ausbiz TV (720p) [Not 24/7],OK,HLS playlist + segment reachable,0.74,https://d9quh89lh7dtw.cloudfront.net/public-output/index.m3u8
TV,iptv-org English,Autentic Travel (1080p),OK,HLS playlist + segment reachable,0.2,https://cb0c87cc605942ff9766a4e6744bbadc.mediatailor.us-east-1.amazonaws.com/v1/master/44f73ba4d03e9607dcd9bebdcb8494d86964f1d8/RlaxxTV-eu_AutenticTravel/playlist.m3u8
TV,iptv-org English,Aviation TV (480p),UNVERIFIED,no route from test server (geo-lock/IPv6/timeout) - test on the TV box,10.08,http://streamer02.nbo1.angani.co:1935/aviationtv/myStream/playlist.m3u8
TV,iptv-org English,AWE (720p),OK,HLS playlist + segment reachable,0.89,https://a-cdn.klowdtv.com/live1/awe_720p/playlist.m3u8
TV,iptv-org English,AWE International (720p),PARTIAL,unknown content-type application/x-mpegURL,0.34,https://a-cdn.klowdtv.com/live1/aweint/playlist.m3u8
TV,iptv-org English,AWE Plus (720p),OK,HLS playlist + segment reachable,0.59,https://a-cdn.herringnetwork.com/affiliate/awee/playlist.m3u8
TV,iptv-org English,AWE Plus KPVM-LD,OK,HLS playlist + segment reachable,0.21,https://2-fss-2.streamhoster.com/pl_120/206858-4404552-1/playlist.m3u8
TV,iptv-org English,Awkward (Sweden),FAIL,HTTP 403,1.01,https://jmp2.uk/plu-61c0925c738ecd000882450a.m3u8
TV,iptv-org English,AXN White,FAIL,returned HTML page (geo-block / dead),0.47,https://onyx1.mofta1.cfd/axwhite/usergenx23rnd.m3u8
TV,iptv-org English,Bahrain International (720p) [Not 24/7],OK,HLS playlist + segment reachable,0.84,https://5c7b683162943.streamlock.net/live/ngrp:bahraininternational_all/playlist.m3u8
TV,iptv-org English,Bar Rescue,FAIL,HTTP 403,0.96,https://jmp2.uk/plu-60a3d889a5b3690008dc7fe8.m3u8
TV,iptv-org English,Bar Rescue CA,FAIL,HTTP 403,0.98,https://jmp2.uk/plu-655f2ee6c0fc88000877d26c.m3u8
TV,iptv-org English,Barca TV,FAIL,HTTP 403,0.19,https://live20.bozztv.com/dvrfl06/astv/astv-barca/index.m3u8
TV,iptv-org English,Bark TV (1080p),OK,HLS playlist + segment reachable,0.21,https://bbb-barkt-streamstak.otteravision.com/bbb/barkt/barkt.m3u8
TV,iptv-org English,BATV (480p),OK,application/vnd.apple.mpegurl,0.39,https://reflect-batv.cablecast.tv/live-5/live/live.m3u8
TV,iptv-org English,BATV Educational Channel,OK,HLS playlist + segment reachable,0.62,https://livestream.telvue.com/billerica2/f7b44cfafd5c52223d5498196c8a2e7b.sdp/playlist.m3u8
TV,iptv-org English,BATV Government Channel,OK,HLS playlist + segment reachable,0.32,https://livestream.telvue.com/billerica3/f7b44cfafd5c52223d5498196c8a2e7b.sdp/playlist.m3u8
TV,iptv-org English,BATV Government TV (480p),OK,application/vnd.apple.mpegurl,0.36,https://reflect-batv.cablecast.tv/live-3/live/live.m3u8
TV,iptv-org English,BATV Public Channel,OK,HLS playlist + segment reachable,0.53,https://livestream.telvue.com/billerica1/f7b44cfafd5c52223d5498196c8a2e7b.sdp/playlist.m3u8
TV,iptv-org English,Baywatch (1080p),UNVERIFIED,no route from test server (geo-lock/IPv6/timeout) - test on the TV box,0.18,https://amg00145-fremantlemedian-baywatch-samsungau-gtsd6.amagi.tv/playlist/amg00145-fremantlemedian-baywatch-samsungau/playlist.m3u8
TV,iptv-org English,BBC America (720p),UNVERIFIED,no route from test server (geo-lock/IPv6/timeout) - test on the TV box,10.01,http://23.239.31.26:8989/bbcamerica/index.m3u8
TV,iptv-org English,BBC First Romania,FAIL,returned HTML page (geo-block / dead),0.37,https://onyx1.mofta1.cfd/bibi1/usergendxn09l2s6cek.m3u8
TV,iptv-org English,BBC First Turkiye,OK,HLS playlist + segment reachable,0.27,http://88.212.15.29/live/bbc_first/index.m3u8
TV,iptv-org English,BBC Food (1080p),OK,HLS playlist + segment reachable,0.27,https://d1e9r0b71zfwk7.cloudfront.net/playlist.m3u8
TV,iptv-org English,BBC Home & Garden (1080p),OK,HLS playlist + segment reachable,0.36,https://d11r33s5i066xh.cloudfront.net/playlist.m3u8
TV,iptv-org English,BBC Lifestyle Asia (720p),UNVERIFIED,no route from test server (geo-lock/IPv6/timeout) - test on the TV box,10.01,http://58.8.186.128:10003/bysid/2333
TV,iptv-org English,BBC One (720p) [Geo-blocked],FAIL,HTTP 403,0.27,https://vs-cmaf-push-uk-live.akamaized.net/x=4/i=urn:bbc:pips:service:bbc_one_london/iptv_hd_abr_v1.mpd
TV,iptv-org English,BBC One Channel Islands (720p) [Geo-blocked],FAIL,HTTP 403,0.25,https://vs-cmaf-pushb-uk-live.akamaized.net/x=4/i=urn:bbc:pips:service:bbc_one_channel_islands/pc_hd_abr_v2.mpd
TV,iptv-org English,BBC One East (720p) [Geo-blocked],FAIL,HTTP 403,0.25,https://vs-cmaf-pushb-uk-live.akamaized.net/x=4/i=urn:bbc:pips:service:bbc_one_east/pc_hd_abr_v2.mpd
TV,iptv-org English,BBC One East Midlands (720p) [Geo-blocked],FAIL,HTTP 403,0.28,https://vs-cmaf-pushb-uk-live.akamaized.net/x=4/i=urn:bbc:pips:service:bbc_one_east_midlands/pc_hd_abr_v2.mpd
TV,iptv-org English,BBC One East Midlands HD [Geo-blocked],FAIL,HTTP 403,0.2,https://vs-cmaf-pushb-uk-live.akamaized.net/x=4/i=urn:bbc:pips:service:bbc_one_east_midlands/hevc_iptv_mse_v0.mpd
TV,iptv-org English,BBC One London HD (720p),UNVERIFIED,no route from test server (geo-lock/IPv6/timeout) - test on the TV box,10.01,http://193.46.58.239:8080/BBCOneHD/index.m3u8
TV,iptv-org English,BBC One North East & Cumbria (720p) [Geo-blocked],FAIL,HTTP 403,0.27,https://vs-cmaf-pushb-uk-live.akamaized.net/x=4/i=urn:bbc:pips:service:bbc_one_north_east/pc_hd_abr_v2.mpd
TV,iptv-org English,BBC One North East & Cumbria HD [Geo-blocked],FAIL,HTTP 403,0.25,https://vs-cmaf-pushb-uk-live.akamaized.net/x=4/i=urn:bbc:pips:service:bbc_one_north_east/hevc_iptv_mse_v0.mpd
TV,iptv-org English,BBC One North West (720p) [Geo-blocked],FAIL,HTTP 403,0.21,https://vs-cmaf-pushb-uk-live.akamaized.net/x=4/i=urn:bbc:pips:service:bbc_one_north_west/pc_hd_abr_v2.mpd
TV,iptv-org English,BBC One North West HD [Geo-blocked],FAIL,HTTP 403,0.25,https://vs-cmaf-pushb-uk-live.akamaized.net/x=4/i=urn:bbc:pips:service:bbc_one_north_west/hevc_iptv_mse_v0.mpd
TV,iptv-org English,BBC One Northern Ireland (720p) [Geo-blocked],FAIL,HTTP 403,0.2,https://vs-cmaf-pushb-uk-live.akamaized.net/x=4/i=urn:bbc:pips:service:bbc_one_northern_ireland_hd/pc_hd_abr_v2.mpd
TV,iptv-org English,BBC One Northern Ireland HD [Geo-blocked],FAIL,HTTP 403,0.29,https://vs-cmaf-pushb-uk-live.akamaized.net/x=4/i=urn:bbc:pips:service:bbc_one_northern_ireland_hd/hevc_iptv_mse_v0.mpd
TV,iptv-org English,BBC One Scotland (540p) [Geo-blocked],FAIL,HTTP 403,0.37,https://vs-hls-pushb-uk-live.akamaized.net/x=4/i=urn:bbc:pips:service:bbc_one_scotland_hd/pc_hd_abr_v2.m3u8
TV,iptv-org English,BBC One Scotland HD (720p) [Geo-blocked],FAIL,HTTP 403,0.25,https://vs-cmaf-pushb-uk-live.akamaized.net/x=4/i=urn:bbc:pips:service:bbc_one_scotland_hd/pc_hd_abr_v2.mpd
TV,iptv-org English,BBC One South (720p) [Geo-blocked],FAIL,HTTP 403,0.2,https://vs-cmaf-pushb-uk-live.akamaized.net/x=4/i=urn:bbc:pips:service:bbc_one_south/pc_hd_abr_v2.mpd
TV,iptv-org English,BBC One South East (720p) [Geo-blocked],FAIL,HTTP 403,0.29,https://vs-cmaf-pushb-uk-live.akamaized.net/x=4/i=urn:bbc:pips:service:bbc_one_south_east/pc_hd_abr_v2.mpd
TV,iptv-org English,BBC One South West (720p) [Geo-blocked],FAIL,HTTP 403,0.21,https://vs-cmaf-pushb-uk-live.akamaized.net/x=4/i=urn:bbc:pips:service:bbc_one_south_west/pc_hd_abr_v2.mpd
TV,iptv-org English,BBC One Wales (720p) [Geo-blocked],FAIL,HTTP 403,0.2,https://vs-cmaf-pushb-uk-live.akamaized.net/x=4/i=urn:bbc:pips:service:bbc_one_wales_hd/pc_hd_abr_v2.mpd
TV,iptv-org English,BBC One West (720p) [Geo-blocked],FAIL,HTTP 403,0.21,https://vs-cmaf-pushb-uk-live.akamaized.net/x=4/i=urn:bbc:pips:service:bbc_one_west/pc_hd_abr_v2.mpd
TV,iptv-org English,BBC One West Midlands (720p) [Geo-blocked],FAIL,HTTP 403,0.23,https://vs-cmaf-pushb-uk-live.akamaized.net/x=4/i=urn:bbc:pips:service:bbc_one_west_midlands/pc_hd_abr_v2.mpd
TV,iptv-org English,BBC One Yorkshire (720p) [Geo-blocked],FAIL,HTTP 403,0.18,https://vs-cmaf-pushb-uk-live.akamaized.net/x=4/i=urn:bbc:pips:service:bbc_one_yorks/pc_hd_abr_v2.mpd
TV,iptv-org English,BBC One Yorkshire HD (720p) [Geo-blocked],FAIL,HTTP 403,0.22,https://vs-cmaf-pushb-uk-live.akamaized.net/x=4/i=urn:bbc:pips:service:bbc_one_east_yorkshire/pc_hd_abr_v2.mpd
TV,iptv-org English,BBC Parliament (720p) [Geo-blocked],FAIL,HTTP 403,0.2,https://vs-cmaf-pushb-uk-live.akamaized.net/x=4/i=urn:bbc:pips:service:bbc_parliament/iptv_hd_abr_v1.mpd
TV,iptv-org English,BBC Red Button 1 (720p) [Geo-blocked],FAIL,HTTP 403,0.27,https://vs-cmaf-pushb-uk.live.cf.md.bbci.co.uk/x=4/i=urn:bbc:pips:service:red_button_one/iptv_hd_abr_v1.mpd
TV,iptv-org English,BBC Red Button 2 (720p) [Geo-blocked],FAIL,HTTP 403,0.28,https://ve-cmaf-push-uk-live.akamaized.net/x=4/i=urn:bbc:pips:service:uk_bbc_stream_002/iptv_hd_abr_v1.mpd
TV,iptv-org English,BBC Red Button 3 (720p) [Geo-blocked],FAIL,HTTP 403,0.24,https://ve-cmaf-push-uk-live.akamaized.net/x=4/i=urn:bbc:pips:service:uk_bbc_stream_003/iptv_hd_abr_v1.mpd
TV,iptv-org English,BBC Red Button 4 (720p) [Geo-blocked],FAIL,HTTP 403,0.28,https://ve-cmaf-push-uk-live.akamaized.net/x=4/i=urn:bbc:pips:service:uk_bbc_stream_004/iptv_hd_abr_v1.mpd
TV,iptv-org English,BBC Red Button 5 (720p) [Geo-blocked],FAIL,HTTP 403,0.29,https://ve-cmaf-push-uk-live.akamaized.net/x=4/i=urn:bbc:pips:service:uk_bbc_stream_005/iptv_hd_abr_v1.mpd
TV,iptv-org English,BBC Red Button 6 (720p) [Geo-blocked],FAIL,HTTP 403,0.26,https://ve-cmaf-push-uk-live.akamaized.net/x=4/i=urn:bbc:pips:service:uk_bbc_stream_006/iptv_hd_abr_v1.mpd
TV,iptv-org English,BBC Red Button 7 (720p) [Geo-blocked],FAIL,HTTP 403,0.3,https://ve-cmaf-push-uk-live.akamaized.net/x=4/i=urn:bbc:pips:service:uk_bbc_stream_007/iptv_hd_abr_v1.mpd
TV,iptv-org English,BBC Red Button 8 (720p) [Geo-blocked],FAIL,HTTP 403,0.21,https://ve-cmaf-push-uk-live.akamaized.net/x=4/i=urn:bbc:pips:service:uk_bbc_stream_008/iptv_hd_abr_v1.mpd
TV,iptv-org English,BBC Red Button 9 (720p) [Geo-blocked],FAIL,HTTP 403,0.24,https://ve-cmaf-push-uk-live.akamaized.net/x=4/i=urn:bbc:pips:service:uk_bbc_stream_009/iptv_hd_abr_v1.mpd
TV,iptv-org English,BBC Red Button 10 (720p) [Geo-blocked],FAIL,HTTP 403,0.31,https://ve-cmaf-push-uk-live.akamaized.net/x=4/i=urn:bbc:pips:service:uk_bbc_stream_010/iptv_hd_abr_v1.mpd
TV,iptv-org English,BBC Red Button 11 (720p) [Geo-blocked],FAIL,HTTP 403,0.22,https://ve-cmaf-push-uk-live.akamaized.net/x=4/i=urn:bbc:pips:service:uk_bbc_stream_011/iptv_hd_abr_v1.mpd
TV,iptv-org English,BBC Red Button 12 (720p) [Geo-blocked],FAIL,HTTP 403,0.4,https://ve-cmaf-push-uk-live.akamaized.net/x=4/i=urn:bbc:pips:service:uk_bbc_stream_012/iptv_hd_abr_v1.mpd
TV,iptv-org English,BBC Red Button 13 (720p) [Geo-blocked],FAIL,HTTP 403,0.22,https://ve-cmaf-push-uk-live.akamaized.net/x=4/i=urn:bbc:pips:service:uk_bbc_stream_013/iptv_hd_abr_v1.mpd
TV,iptv-org English,BBC Red Button 14 (720p) [Geo-blocked],FAIL,HTTP 403,0.28,https://ve-cmaf-push-uk-live.akamaized.net/x=4/i=urn:bbc:pips:service:uk_bbc_stream_014/iptv_hd_abr_v1.mpd
TV,iptv-org English,BBC Red Button 15 (720p) [Geo-blocked],FAIL,HTTP 403,0.27,https://ve-cmaf-push-uk-live.akamaized.net/x=4/i=urn:bbc:pips:service:uk_bbc_stream_015/iptv_hd_abr_v1.mpd
TV,iptv-org English,BBC Red Button 16 (720p) [Geo-blocked],FAIL,HTTP 403,0.18,https://ve-cmaf-push-uk-live.akamaized.net/x=4/i=urn:bbc:pips:service:uk_bbc_stream_016/iptv_hd_abr_v1.mpd
TV,iptv-org English,BBC Red Button 17 (720p) [Geo-blocked],FAIL,HTTP 403,0.21,https://ve-cmaf-push-uk-live.akamaized.net/x=4/i=urn:bbc:pips:service:uk_bbc_stream_017/iptv_hd_abr_v1.mpd
TV,iptv-org English,BBC Red Button 18 (720p) [Geo-blocked],FAIL,HTTP 403,0.25,https://ve-cmaf-push-uk-live.akamaized.net/x=4/i=urn:bbc:pips:service:uk_bbc_stream_018/iptv_hd_abr_v1.mpd
TV,iptv-org English,BBC Red Button 19 (720p) [Geo-blocked],FAIL,HTTP 403,0.2,https://ve-cmaf-push-uk-live.akamaized.net/x=4/i=urn:bbc:pips:service:uk_bbc_stream_019/iptv_hd_abr_v1.mpd
TV,iptv-org English,BBC Red Button 20 (720p) [Geo-blocked],FAIL,HTTP 403,0.21,https://ve-cmaf-push-uk-live.akamaized.net/x=4/i=urn:bbc:pips:service:uk_bbc_stream_020/iptv_hd_abr_v1.mpd
TV,iptv-org English,BBC Red Button 21 (720p) [Geo-blocked],FAIL,HTTP 403,0.25,https://ve-cmaf-push-uk-live.akamaized.net/x=4/i=urn:bbc:pips:service:uk_bbc_stream_021/iptv_hd_abr_v1.mpd
TV,iptv-org English,BBC Red Button 22 (720p) [Geo-blocked],FAIL,HTTP 403,0.3,https://ve-cmaf-push-uk-live.akamaized.net/x=4/i=urn:bbc:pips:service:uk_bbc_stream_022/iptv_hd_abr_v1.mpd
TV,iptv-org English,BBC Red Button 23 (720p) [Geo-blocked],FAIL,HTTP 403,0.22,https://ve-cmaf-push-uk-live.akamaized.net/x=4/i=urn:bbc:pips:service:uk_bbc_stream_023/iptv_hd_abr_v1.mpd
TV,iptv-org English,BBC Red Button 24 (720p) [Geo-blocked],FAIL,HTTP 403,0.3,https://ve-cmaf-push-uk-live.akamaized.net/x=4/i=urn:bbc:pips:service:uk_bbc_stream_024/iptv_hd_abr_v1.mpd
TV,iptv-org English,BBC Scotland (720p) [Geo-blocked],FAIL,HTTP 403,0.24,https://vs-cmaf-pushb-uk-live.akamaized.net/x=4/i=urn:bbc:pips:service:bbc_scotland_hd/iptv_hd_abr_v1.mpd
TV,iptv-org English,BBC Three (720p) [Geo-blocked],FAIL,HTTP 403,0.23,https://vs-cmaf-pushb-uk-live.akamaized.net/x=4/i=urn:bbc:pips:service:bbc_three_hd/iptv_hd_abr_v1.mpd
TV,iptv-org English,BBC Two HD (720p),UNVERIFIED,no route from test server (geo-lock/IPv6/timeout) - test on the TV box,10.03,http://193.46.58.239:8080/BBCTwoHD/index.m3u8
TV,iptv-org English,BBC Two Northern Ireland (540p) [Geo-blocked],FAIL,HTTP 403,0.29,https://vs-hls-pushb-uk-live.akamaized.net/x=4/i=urn:bbc:pips:service:bbc_two_northern_ireland_hd/pc_hd_abr_v2.m3u8
TV,iptv-org English,BBC Two Northern Ireland HD (720p) [Geo-blocked],FAIL,HTTP 403,0.2,https://vs-cmaf-pushb-uk-live.akamaized.net/x=4/i=urn:bbc:pips:service:bbc_two_northern_ireland_hd/iptv_hd_abr_v1.mpd
TV,iptv-org English,BBC Two Wales (720p) [Geo-blocked],FAIL,HTTP 403,0.3,https://vs-cmaf-pushb-uk-live.akamaized.net/x=4/i=urn:bbc:pips:service:bbc_two_wales_digital/iptv_hd_abr_v1.mpd
TV,iptv-org English,BBC UHD 1 (1080p),UNVERIFIED,no route from test server (geo-lock/IPv6/timeout) - test on the TV box,10.36,https://xemzi.short.gy/1000001
TV,iptv-org English,BBC UHD 2 (1080p),FAIL,returned HTML page (geo-block / dead),0.64,https://xemzi.short.gy/1000002
TV,iptv-org English,BBC UHD 3 (720p),FAIL,returned HTML page (geo-block / dead),0.24,http://45.14.84.37/bbc3/index.m3u8
TV,iptv-org English,BBC UHD 4 (720p),FAIL,returned HTML page (geo-block / dead),0.25,http://45.14.84.37/bbc4/index.m3u8
TV,iptv-org English,BCS StarCross TV (576p),PARTIAL,"playlist OK, segment failed: HTTP Error 403: Forbidden",2.17,https://viewmedia7219.bozztv.com/wmedia/viewmedia100/web_001/Stream/playlist.m3u8
TV,iptv-org English,Beach TV Florida & Alabama (720p),UNVERIFIED,no route from test server (geo-lock/IPv6/timeout) - test on the TV box,10.03,http://media4.tripsmarter.com:1935/LiveTV/DTVHD/playlist.m3u8
TV,iptv-org English,Beach TV Key West & Florida Keys (720p),UNVERIFIED,no route from test server (geo-lock/IPv6/timeout) - test on the TV box,6.06,https://5ed325193d4e1.streamlock.net:444/LiveTV/KTVHD/playlist.m3u8
TV,iptv-org English,Beach TV Myrtle Beach & The Grand Strand (720p),UNVERIFIED,no route from test server (geo-lock/IPv6/timeout) - test on the TV box,10.02,http://media4.tripsmarter.com:1935/LiveTV/MTVHD/playlist.m3u8
TV,iptv-org English,Beach TV Panama City (720p),UNVERIFIED,no route from test server (geo-lock/IPv6/timeout) - test on the TV box,10.03,http://media4.tripsmarter.com:1935/LiveTV/BTVHD/playlist.m3u8
TV,iptv-org English,Beavis and Butt-Head,FAIL,HTTP 403,0.97,https://jmp2.uk/plu-6486e8b48e3c0a0008e56914.m3u8
TV,iptv-org English,Beavis and Butt-Head DK,FAIL,HTTP 403,1.01,https://jmp2.uk/plu-6486e8984cfc2c0008b6844e.m3u8
TV,iptv-org English,Beavis and Butt-Head NO,FAIL,HTTP 403,0.95,https://jmp2.uk/plu-6486e8328e3c0a0008e5686c.m3u8
TV,iptv-org English,Becker (Sweden),FAIL,HTTP 403,0.96,https://jmp2.uk/plu-672e16f5daad7f0008929a0d.m3u8
TV,iptv-org English,Becker (Sweden) DK,FAIL,HTTP 403,1.0,https://jmp2.uk/plu-672e157d7d5da5000812872d.m3u8
TV,iptv-org English,Becker (Sweden) NO,FAIL,HTTP 403,0.98,https://jmp2.uk/plu-672e1634e482950008c759a5.m3u8
TV,iptv-org English,beIN SPORTS XTRA (1080p),OK,HLS playlist + segment reachable,0.31,https://bein-xtra-bein.amagi.tv/playlist.m3u8
TV,iptv-org English,BEK Sports West (720p),OK,HLS playlist + segment reachable,0.96,https://cdn3.wowza.com/5/ZWQ1K2NYTmpFbGsr/BEK-WOWZA-1/smil:BEKPRIMEW.smil/playlist.m3u8
TV,iptv-org English,Bellator MMA,FAIL,HTTP 403,0.94,https://jmp2.uk/plu-5ebc8688f3697d00072f7cf8.m3u8
TV,iptv-org English,Berks Community TV (1080p),OK,HLS playlist + segment reachable,0.41,https://livestream.telvue.com/berkscmttv2/f7b44cfafd5c52223d5498196c8a2e7b.sdp/playlist.m3u8
TV,iptv-org English,Best of BATV Channel,OK,HLS playlist + segment reachable,0.41,https://livestream.telvue.com/billerica4/f7b44cfafd5c52223d5498196c8a2e7b.sdp/playlist.m3u8
TV,iptv-org English,Best of Dr Phil,FAIL,HTTP 403,1.1,https://jmp2.uk/plu-666815f24b9fb400083f7e31.m3u8
TV,iptv-org English,Best of MTV,FAIL,HTTP 403,1.34,https://jmp2.uk/plu-632afdf820e83e000710ea12.m3u8
TV,iptv-org English,Best of MTV DK,FAIL,HTTP 403,0.97,https://jmp2.uk/plu-632aff5e44111b00076ad9b1.m3u8
TV,iptv-org English,Best of MTV NO,FAIL,HTTP 403,1.01,https://jmp2.uk/plu-632afc466699570007ed1106.m3u8
TV,iptv-org English,Best of Paradise Hotel: Finalveckan,FAIL,HTTP 403,0.93,https://jmp2.uk/plu-65e97d41f7f0af0008da2543.m3u8
TV,iptv-org English,Best of Paradise Hotel: Kyssar & karlek,FAIL,HTTP 403,1.05,https://jmp2.uk/plu-65b1077e0d9ab40008245b20.m3u8
TV,iptv-org English,Best of Paradise Hotel: Pandoras Ask,FAIL,HTTP 403,0.55,https://jmp2.uk/plu-65e97d760d456100082da660.m3u8
TV,iptv-org English,Best of Paradise Hotel: Skolveckan,FAIL,HTTP 403,0.97,https://jmp2.uk/plu-65e97cd118036500082ed0ce.m3u8
TV,iptv-org English,Best of The Drew Barrymore Show (Sweden),FAIL,HTTP 403,1.01,https://jmp2.uk/plu-630483153a21200007f1920f.m3u8
TV,iptv-org English,Best of The Drew Barrymore Show (Sweden) DK,FAIL,HTTP 403,1.05,https://jmp2.uk/plu-62beb692cda2b10007d5fd76.m3u8
TV,iptv-org English,Best of The Drew Barrymore Show (Sweden) NO,FAIL,HTTP 403,0.93,https://jmp2.uk/plu-630478cfdb5a4a0007ec255e.m3u8
TV,iptv-org English,Best of The Drew Barrymore Show (United States),FAIL,HTTP 403,1.03,https://jmp2.uk/plu-6310cbee5a8ad300070fdb7c.m3u8
TV,iptv-org English,BET,FAIL,HTTP 403,1.13,https://jmp2.uk/plu-61c187ef1efe1b0007571711.m3u8
TV,iptv-org English,BET DK,FAIL,HTTP 403,0.92,https://jmp2.uk/plu-61c1939b8929e40007ff6382.m3u8
TV,iptv-org English,BET NO,FAIL,HTTP 403,1.05,https://jmp2.uk/plu-61dd5bf8db0b8e00080804ff.m3u8
TV,iptv-org English,BET Classics Pluto TV,FAIL,HTTP 403,0.98,https://jmp2.uk/plu-60f85644a9493e0007a1f035.m3u8
TV,iptv-org English,BET Pluto TV,FAIL,HTTP 403,0.28,https://jmp2.uk/plu-5ca670f6593a5d78f0e85aed.m3u8
TV,iptv-org English,BET Throwbacks,FAIL,HTTP 403,1.02,https://jmp2.uk/plu-61326275b3c86a00078e4833.m3u8
TV,iptv-org English,Better Health TV (480p),OK,HLS playlist + segment reachable,0.31,https://tgn.bozztv.com/betterlife/betterhealth/betterhealth/index.m3u8
TV,iptv-org English,Better Life Nature Channel (480p),OK,HLS playlist + segment reachable,0.26,https://tgn.bozztv.com/betterlife/betternature/betternature/index.m3u8
TV,iptv-org English,Better Life TV (720p),PARTIAL,"playlist OK, segment failed: HTTP Error 403: Forbidden",0.35,https://tgn.bozztv.com/betterlife/betterlife/betterlife/index.m3u8
TV,iptv-org English,Beverly Hillbillies,FAIL,HTTP 403,1.02,https://jmp2.uk/plu-5f7796e470510900070d4e3d.m3u8
TV,iptv-org English,Beverly Hills 90210,FAIL,HTTP 403,0.98,https://jmp2.uk/plu-5f4d83e0a382c00007bc02e7.m3u8
TV,iptv-org English,Beyond Belief: Fact or Fiction,FAIL,HTTP 403,1.08,https://jmp2.uk/plu-611f85396abc84000738417b.m3u8
TV,iptv-org English,Beyond the Gates,FAIL,HTTP 403,1.11,https://jmp2.uk/plu-687ff00ff6bc08130f16ab81.m3u8
TV,iptv-org English,BHTV10 (720p),OK,HLS playlist + segment reachable,0.78,https://cdn3.wowza.com/5/V2Y2VmhqMEFDTUkx/beverlyhills/G0072_006/playlist.m3u8
TV,iptv-org English,BHTV35 (720p),OK,HLS playlist + segment reachable,0.52,https://cdn3.wowza.com/5/V2Y2VmhqMEFDTUkx/beverlyhills/G0072_007/playlist.m3u8
TV,iptv-org English,Big Brother,FAIL,HTTP 403,0.26,https://jmp2.uk/plu-6661f11a41af6400080e90d8.m3u8
TV,iptv-org English,BIG Civic Channel,OK,HLS playlist + segment reachable,0.32,https://reflect-brookline-interactive-group.cablecast.tv/live-5/live/stream-2/live.m3u8
TV,iptv-org English,BIG Community Channel,OK,HLS playlist + segment reachable,0.3,https://reflect-brookline-interactive-group.cablecast.tv/live-4/live/stream-1/live.m3u8
TV,iptv-org English,Big Ten Network (720p),UNVERIFIED,no route from test server (geo-lock/IPv6/timeout) - test on the TV box,10.01,http://23.237.104.106:8080/USA_BTN/index.m3u8
TV,iptv-org English,Billiard TV (1080p) [Geo-blocked],OK,HLS playlist + segment reachable,0.27,https://pb-wm04vonaerv0k.akamaized.net/billi.m3u8
TV,iptv-org English,Binge,UNVERIFIED,no route from test server (geo-lock/IPv6/timeout) - test on the TV box,6.05,https://videostack1.cdnstream1.com:1936/binge-tv/binge-tv/playlist.m3u8
TV,iptv-org English,Biz TV (1080p),OK,HLS playlist + segment reachable,0.28,https://2-fss-1.streamhoster.com/pl_154/205722-2251224-1/playlist.m3u8
TV,iptv-org English,Bizz TV (1080p),OK,HLS playlist + segment reachable,0.49,https://stream.bizzmedia.biz/bizz_tv/index.m3u8
TV,iptv-org English,Black Family Sitcoms,FAIL,HTTP 403,0.26,https://jmp2.uk/plu-686d61503484d6073283059d.m3u8
TV,iptv-org English,Black Ink Crew,FAIL,HTTP 403,0.91,https://jmp2.uk/plu-5d51e2bceca5b4b2c0e06c50.m3u8
TV,iptv-org English,Blaze (576p) [Geo-blocked],FAIL,HTTP 403,0.27,https://live-blaze-ssai.simplestreamcdn.com/v1/master/774d979dd66704abea7c5b62cb34c6815fda0d35/blaze-live-broadcast-scte/index.m3u8
TV,iptv-org English,Bloomberg TV (1080p),UNVERIFIED,no route from test server (geo-lock/IPv6/timeout) - test on the TV box,10.01,http://23.237.104.106:8080/USA_BLOOMBERG/index.m3u8
TV,iptv-org English,Bloomberg TV + (2160p),OK,HLS playlist + segment reachable,0.47,https://d8975dc3.wurl.com/master/f36d25e7e52f1ba8d7e56eb859c636563214f541/U2Ftc3VuZy1nYl9CbG9vbWJlcmdUVlBsdXNfSExT/playlist.m3u8
TV,iptv-org English,Bloomberg TV Asia (720p),OK,HLS playlist + segment reachable,0.4,https://bloomberg.com/media-manifest/streams/asia.m3u8
TV,iptv-org English,Bloomberg TV Asia Live Event (720p),OK,HLS playlist + segment reachable,1.15,https://bloomberg.com/media-manifest/streams/asia-event.m3u8
TV,iptv-org English,Bloomberg TV Australia (270p),OK,HLS playlist + segment reachable,0.46,https://bloomberg.com/media-manifest/streams/aus.m3u8
TV,iptv-org English,Bloomberg TV EMEA Live Event (720p),OK,HLS playlist + segment reachable,0.46,https://bloomberg.com/media-manifest/streams/eu-event.m3u8
TV,iptv-org English,Bloomberg TV Europe (720p),OK,HLS playlist + segment reachable,0.42,https://bloomberg.com/media-manifest/streams/eu.m3u8
TV,iptv-org English,Bloomberg TV Live Event (720p),OK,HLS playlist + segment reachable,0.42,https://bloomberg.com/media-manifest/streams/us-event.m3u8
TV,iptv-org English,Bloomberg TV Politics Live Event (720p),OK,HLS playlist + segment reachable,0.43,https://bloomberg.com/media-manifest/streams/politics.m3u8
TV,iptv-org English,Blue Bloods,FAIL,HTTP 403,0.96,https://jmp2.uk/plu-61b3b8c645b45d0007a9bb8d.m3u8
TV,iptv-org English,BMC-HD TV (720p),OK,HLS playlist + segment reachable,0.38,https://livestream.telvue.com/belmontmedia4/f7b44cfafd5c52223d5498196c8a2e7b.sdp/playlist.m3u8
TV,iptv-org English,BNN Bloomberg,FAIL,HTTP 400,0.29,https://pe-ak-lp01a-9c9media.akamaized.net/live/News1BNNDigi/p/dash/00000001/1bba52dc66e4c68e/manifest.mpd
TV,iptv-org English,Boligjakten,FAIL,HTTP 403,0.99,https://jmp2.uk/plu-61c1dc21b9587d0007e3fc15.m3u8
TV,iptv-org English,Boligkjop i blinde,FAIL,HTTP 403,0.99,https://jmp2.uk/plu-63c6a1c46d126a000760b91c.m3u8
TV,iptv-org English,Boligkob i blinde,FAIL,HTTP 403,1.0,https://jmp2.uk/plu-63c6a27a4faf1c0007b48f7b.m3u8
TV,iptv-org English,bon appetit (1080p),OK,HLS playlist + segment reachable,0.35,https://bonappetit-samsung.amagi.tv/playlist.m3u8
TV,iptv-org English,Bondi Rescue (Sweden) (720p),FAIL,HTTP 403,0.93,https://jmp2.uk/plu-660d67eec8311c0008b8c3f7.m3u8
TV,iptv-org English,Bondi Rescue (Sweden) DK (720p),FAIL,HTTP 403,1.04,https://jmp2.uk/plu-660d66be7bcd8600087cfee5.m3u8
TV,iptv-org English,Bondi Rescue (Sweden) NO (720p),FAIL,HTTP 403,1.16,https://jmp2.uk/plu-660d67c419ca71000849a4e9.m3u8
TV,iptv-org English,Bondi Rescue (United States) (720p),FAIL,HTTP 403,0.96,https://jmp2.uk/plu-66166989635c7500084105a2.m3u8
TV,iptv-org English,Bounce (720p),UNVERIFIED,no route from test server (geo-lock/IPv6/timeout) - test on the TV box,10.01,http://23.237.104.106:8080/USA_BOUNCE/index.m3u8
TV,iptv-org English,Bounce XL (1080p),OK,HLS playlist + segment reachable,0.81,https://cdn-uw2-prod.tsv2.amagi.tv/linear/amg01438-ewscrippscompan-bouncexl-tablo/playlist.m3u8
TV,iptv-org English,BPTV (360p),OK,HLS playlist + segment reachable,0.39,https://buenapark.cablecast.tv/live/stream-1/live.m3u8
TV,iptv-org English,Bravo (720p),OK,HLS playlist + segment reachable,0.42,http://41.205.93.154/BRAVO/index.m3u8
TV,iptv-org English,Breinholts,FAIL,HTTP 403,1.05,https://jmp2.uk/plu-660d6c0094db140008fe2f74.m3u8
TV,iptv-org English,Brevard Government Access TV (720p),OK,HLS playlist + segment reachable,0.77,https://cdn3.wowza.com/5/cXdyRHF0Z3kxN0k2/brevardfl/G2111_002/playlist.m3u8
TV,iptv-org English,Bride TV (576p),PARTIAL,"playlist OK, segment failed: HTTP Error 403: Forbidden",1.05,https://viewmedia7219.bozztv.com/wmedia/viewmedia100/web_013/Stream/playlist.m3u8
TV,iptv-org English,Brit Asia TV (1080p),OK,HLS playlist + segment reachable,0.75,https://hls.autopo.st/hls/britasiatv/index.m3u8
TV,iptv-org English,Britain's Next Top Model,FAIL,HTTP 403,0.9,https://jmp2.uk/plu-67a09e5921af38000808900a.m3u8
TV,iptv-org English,Britain's Next Top Model DK,FAIL,HTTP 403,1.07,https://jmp2.uk/plu-67a09ddc21af380008088dc3.m3u8
TV,iptv-org English,Britain's Next Top Model NO,FAIL,HTTP 403,0.98,https://jmp2.uk/plu-67a09e25c070cf00083c40fa.m3u8
TV,iptv-org English,British Comedy,FAIL,HTTP 403,0.92,https://jmp2.uk/plu-638e11951177840007fdd6b2.m3u8
TV,iptv-org English,Broad City,FAIL,HTTP 403,0.95,https://jmp2.uk/plu-65cba7b1ec452d0008acbed8.m3u8
TV,iptv-org English,Broad City DK,FAIL,HTTP 403,0.99,https://jmp2.uk/plu-65cba73611ced700082123bc.m3u8
TV,iptv-org English,Broad City NO,FAIL,HTTP 403,0.92,https://jmp2.uk/plu-65cba778ec452d0008acbe86.m3u8
TV,iptv-org English,Brondby TV,FAIL,HTTP 403,0.96,https://jmp2.uk/plu-685029cda1e091e16ff57fc8.m3u8
TV,iptv-org English,BTL TV (720p) [Not 24/7],UNVERIFIED,no route from test server (geo-lock/IPv6/timeout) - test on the TV box,6.06,https://goliveafrica.media:9998/live/638da5440743c/index.m3u8
TV,iptv-org English,BTM TV (480p) [Not 24/7],UNVERIFIED,no route from test server (geo-lock/IPv6/timeout) - test on the TV box,0.07,https://btmug.zerocdn.org/hls/stream.m3u8
TV,iptv-org English,BTV (Uganda) (480p),UNVERIFIED,no route from test server (geo-lock/IPv6/timeout) - test on the TV box,6.05,https://streamfi-alphadgtl1.zettawiseroutes.com:8181/hls/stream.m3u8
TV,iptv-org English,Bukedde TV 2 (576p) [Not 24/7],OK,HLS playlist + segment reachable,1.12,https://stream.hydeinnovations.com/bukedde2flussonic/index.m3u8
TV,iptv-org English,Bull,FAIL,HTTP 403,0.93,https://jmp2.uk/plu-6964b9e19bf57be1537fc7d7.m3u8
TV,iptv-org English,Bull DK,FAIL,HTTP 403,1.01,https://jmp2.uk/plu-6964b982ca459f9b939da8e6.m3u8
TV,iptv-org English,Bull NO,FAIL,HTTP 403,1.09,https://jmp2.uk/plu-6964b9b97d2afdec4f9390f6.m3u8
TV,iptv-org English,Business Rockstars (720p),OK,HLS playlist + segment reachable,0.19,https://stream-us-east-1.getpublica.com/playlist.m3u8?network_id=2220
TV,iptv-org English,BUTV10 (1080p) [Not 24/7],OK,HLS playlist + segment reachable,0.43,https://cdnapisec.kaltura.com/p/2184561/sp/218456100/playManifest/entryId/1_68qxw4eu/format/applehttp/a.m3u8
TV,iptv-org English,Buying Blind Denmark,FAIL,HTTP 403,0.93,https://jmp2.uk/plu-63c6a7544faf1c0007b496d7.m3u8
TV,iptv-org English,Buzzfeed Unsolved,OK,HLS playlist + segment reachable,0.2,https://d39g1vxj2ef6in.cloudfront.net/v1/master/3fec3e5cac39a52b2132f9c66c83dae043dc17d4/prod-rakuten-stitched/master.m3u8?ads.xumo_channelId=88883099
TV,iptv-org English,Buzzr (1080p),UNVERIFIED,no route from test server (geo-lock/IPv6/timeout) - test on the TV box,10.01,http://23.237.104.106:8080/USA_BUZZR/index.m3u8
TV,iptv-org English,BX Arts (720p),OK,HLS playlist + segment reachable,0.39,https://reflect-stream-bronxnet.cablecast.tv/live-19/live/stream-2/live.m3u8
TV,iptv-org English,BX Culture (720p),OK,HLS playlist + segment reachable,0.95,https://reflect-stream-bronxnet.cablecast.tv/live-7/live/stream-3/live.m3u8
TV,iptv-org English,BX Inspire (720p),OK,HLS playlist + segment reachable,0.45,https://reflect-stream-bronxnet.cablecast.tv/live-18/live/stream-7/live.m3u8
TV,iptv-org English,BX Omni (720p),OK,HLS playlist + segment reachable,0.48,https://reflect-stream-bronxnet.cablecast.tv/live-16/live/stream-1/live.m3u8
TV,iptv-org English,BYU TV (1080p),OK,HLS playlist + segment reachable,0.57,https://d13j8jpstr8iqz.cloudfront.net/BYUtv.m3u8
TV,iptv-org English,C31 Melbourne (240p),OK,HLS playlist + segment reachable,0.8,https://d1k6kax80wecy5.cloudfront.net/RLnAKY/index.m3u8
TV,iptv-org English,Cagney & Lacey,FAIL,HTTP 403,1.05,https://jmp2.uk/plu-6960c5a906d76f50db2816dc.m3u8
TV,iptv-org English,Camera Smile TV (480p),OK,HLS playlist + segment reachable,0.23,https://rpn.bozztv.com/gusa/gusa-camerasmile/index.m3u8
TV,iptv-org English,Camp Kulinaris,FAIL,HTTP 403,0.95,https://jmp2.uk/plu-6400bf66dff38e00083f4ee8.m3u8
TV,iptv-org English,Camp Kulinaris NO,FAIL,HTTP 403,1.03,https://jmp2.uk/plu-61c1dce2fb9ae40007d0ac15.m3u8
TV,iptv-org English,CAN TV19 (1080p),PARTIAL,"playlist OK, segment failed: HTTP Error 403: Forbidden",0.23,https://cantv.streamguys1.com/cantv/cantv19hls/playlist.m3u8
TV,iptv-org English,CAN TV21 (1080p),OK,HLS playlist + segment reachable,0.23,https://cantv.streamguys1.com/cantv/cantv21hls/playlist.m3u8
TV,iptv-org English,CAN TV27 (1080p),OK,HLS playlist + segment reachable,0.28,https://cantv.streamguys1.com/cantv/cantv27hls/playlist.m3u8
TV,iptv-org English,CAN TV36 (1080p),OK,HLS playlist + segment reachable,0.31,https://cantv.streamguys1.com/cantv/cantv36hls/playlist.m3u8
TV,iptv-org English,Canada One (720p) [Not 24/7],OK,HLS playlist + segment reachable,0.16,http://cdn8.live247stream.com/canadaone/tv/playlist.m3u8
TV,iptv-org English,Canaf54 TV,UNVERIFIED,no route from test server (geo-lock/IPv6/timeout) - test on the TV box,6.05,https://5caf24a595d94.streamlock.net:1937/pvyugfkzkc/pvyugfkzkc/playlist.m3u8
TV,iptv-org English,Canal Motor (720p),OK,HLS playlist + segment reachable,0.99,https://digicom.hls.iptvdc.com/canalmotor/index.m3u8
TV,iptv-org English,Cape Town TV (576p),OK,HLS playlist + segment reachable,0.7,https://cdn.freevisiontv.co.za/sttv/smil:ctv.stream.smil/playlist.m3u8
TV,iptv-org English,Capital City Connection Montgomery [Not 24/7],OK,HLS playlist + segment reachable,0.5,https://capitalcityconnection.cablecast.tv/live/stream-1/live.m3u8
TV,iptv-org English,Capuchin TV,UNVERIFIED,no route from test server (geo-lock/IPv6/timeout) - test on the TV box,6.12,https://goliveafrica.media:9998/live/64227f58b8413/index.m3u8
TV,iptv-org English,Car Chase (Sweden) (720p),FAIL,HTTP 403,1.11,https://jmp2.uk/plu-65a93be02fac9c00083cbac4.m3u8
TV,iptv-org English,Car Chase (Sweden) DK (720p),FAIL,HTTP 403,0.97,https://jmp2.uk/plu-65a93b0607e03a000895abda.m3u8
TV,iptv-org English,Car Chase (Sweden) NO (720p),FAIL,HTTP 403,1.0,https://jmp2.uk/plu-65a93b870c7ff50008d1ca47.m3u8
TV,iptv-org English,Car Chase (United States) (720p),FAIL,HTTP 403,0.91,https://jmp2.uk/plu-65244c403fd33c0008ffff31.m3u8
TV,iptv-org English,Caribbean Gospel TV,OK,HLS playlist + segment reachable,0.39,https://25466019af9b7aed.servers.dvcloud.tv/hls/iptv_providers/fhvtgifbqbcjp0g19mdd76t18tpalu4k.m3u8
TV,iptv-org English,Caribbean Hot 7 TV (720p),FAIL,URLError: <urlopen error [SSL: CERTIFICATE_VERIFY_FAILED] certificate ,0.23,https://586a9edea75f1.streamlock.net/caribbeanhot7tv/ch7-1.stream/playlist.m3u8
TV,iptv-org English,Caroline in the City,FAIL,HTTP 403,0.97,https://jmp2.uk/plu-66a7ab4dcd0d3100084395b4.m3u8
TV,iptv-org English,Caroline in the City DK,FAIL,HTTP 403,0.95,https://jmp2.uk/plu-66a7aa44cd0d31000843942b.m3u8
TV,iptv-org English,Caroline in the City NO,FAIL,HTTP 403,0.94,https://jmp2.uk/plu-66a7aac9d512590008ab2dcb.m3u8
TV,iptv-org English,Catholic Faith Network (720p),OK,HLS playlist + segment reachable,0.51,https://uni8rtmp.tulix.tv/cfntv/cfntv/playlist.m3u8
TV,iptv-org English,Catholic TV (1080p),OK,HLS playlist + segment reachable,0.33,https://catholictvhd-lh.akamaized.net/hls/live/2043390/CTVLiveHD/master.m3u8
TV,iptv-org English,CAtv (1080p) [Not 24/7],UNVERIFIED,no route from test server (geo-lock/IPv6/timeout) - test on the TV box,6.05,https://video2.getstreamhosting.com:19360/8216/8216.m3u8
TV,iptv-org English,Caught-Up TV (480p) [Not 24/7],UNVERIFIED,no route from test server (geo-lock/IPv6/timeout) - test on the TV box,0.08,https://webstreaming-3.viewmedia.tv/web_031/Stream/playlist.m3u8
TV,iptv-org English,CBC Television CBAT-DT (720p) [Geo-blocked],FAIL,HTTP 403,0.31,https://cbcrclinear-tor.akamaized.net/hls/live/2042757/CBCRCLINEAR_TOR_3/master5.m3u8
TV,iptv-org English,CBC Television CBCT-DT (720p) [Geo-blocked],FAIL,HTTP 403,0.22,https://cbcrclinear-tor.akamaized.net/hls/live/2042756/CBCRCLINEAR_TOR_2/master5.m3u8
TV,iptv-org English,CBC Television CBET-DT (720p) [Geo-blocked],FAIL,HTTP 403,0.29,https://cbcrclinear-tor.akamaized.net/hls/live/2042759/CBCRCLINEAR_TOR_5/master5.m3u8
TV,iptv-org English,CBC Television CBHT-DT (720p) [Geo-blocked],FAIL,HTTP 403,0.28,https://cbcrclinear-tor.akamaized.net/hls/live/2042758/CBCRCLINEAR_TOR_4/master5.m3u8
TV,iptv-org English,CBC Television CBKT-DT (720p) [Geo-blocked],FAIL,HTTP 403,0.21,https://cbcrclinear-tor.akamaized.net/hls/live/2042764/CBCRCLINEAR_TOR_10/master5.m3u8
TV,iptv-org English,CBC Television CBLT-DT (720p) [Geo-blocked],FAIL,HTTP 403,0.26,https://cbcrclinear-tor.akamaized.net/hls/live/2042760/CBCRCLINEAR_TOR_6/master5.m3u8
TV,iptv-org English,CBC Television CBMT-DT (720p) [Geo-blocked],FAIL,HTTP 403,0.21,https://cbcrclinear-tor.akamaized.net/hls/live/2042761/CBCRCLINEAR_TOR_7/master5.m3u8
TV,iptv-org English,CBC Television CBNT-DT (720p) [Geo-blocked],FAIL,HTTP 403,0.26,https://cbcrclinear-tor.akamaized.net/hls/live/2042755/CBCRCLINEAR_TOR_1/master5.m3u8
TV,iptv-org English,CBC Television CBOT-DT (720p) [Geo-blocked],FAIL,HTTP 403,0.28,https://cbcrclinear-tor.akamaized.net/hls/live/2042762/CBCRCLINEAR_TOR_8/master5.m3u8
TV,iptv-org English,CBC Television CBRT-DT (720p) [Geo-blocked],FAIL,HTTP 403,0.26,https://cbcrclinear-tor.akamaized.net/hls/live/2042763/CBCRCLINEAR_TOR_9/master5.m3u8
TV,iptv-org English,CBC Television CBUT-DT (720p) [Geo-blocked],FAIL,HTTP 403,0.25,https://cbcrclinear-tor.akamaized.net/hls/live/2042768/CBCRCLINEAR_TOR_14/master5.m3u8
TV,iptv-org English,CBC Television CBWT-DT (720p) [Geo-blocked],FAIL,HTTP 403,0.21,https://cbcrclinear-tor.akamaized.net/hls/live/2042767/CBCRCLINEAR_TOR_13/master5.m3u8
TV,iptv-org English,CBC Television CBXT-DT (720p) [Geo-blocked],FAIL,HTTP 403,0.28,https://cbcrclinear-tor.akamaized.net/hls/live/2042765/CBCRCLINEAR_TOR_11/master5.m3u8
TV,iptv-org English,CBC Television CFYK-DT (720p) [Geo-blocked],FAIL,HTTP 403,0.22,https://cbcrclinear-tor.akamaized.net/hls/live/2042766/CBCRCLINEAR_TOR_12/master5.m3u8
TV,iptv-org English,CBC TV8 (1080p) [Not 24/7],FAIL,HTTP 404,0.15,https://1740288887.rsc.cdn77.org/1740288887/index.m3u8
TV,iptv-org English,CBN Family (1080p),OK,HLS playlist + segment reachable,0.21,https://fastly.live.brightcove.com/6380399588112/us-east-1/734546207001/eyJhbGciOiJIUzI1NiIsInR5cCI6IkpXVCJ9.eyJob3N0IjoiczFpM3ZpLmVncmVzcy50N2M3emwiLCJhY2NvdW50X2lkIjoiNzM0NTQ2MjA3MDAxIiwiZWhuIjoiZmFzdGx5LmxpdmUuYnJpZ2h0Y292ZS5jb20iLCJpc3MiOiJibGl2ZS1wbGF5YmFjay1zb3VyY2UtYXBpIiwic3ViIjoicGF0aG1hcHRva2VuIiwiYXVkIjpbIjczNDU0NjIwNzAwMSJdLCJqdGkiOiI2MzgwMzk5NTg4MTEyIn0.LYfIeObmX4AEStY_xCnPZwMJHXgOAPFMTKfztq-9F8U/playlist-hls.m3u8
TV,iptv-org English,CBN Gospel (720p),OK,HLS playlist + segment reachable,0.25,https://59d39900ebfb8.streamlock.net/ccbn/ccbn/playlist.m3u8
TV,iptv-org English,CBN News (1080p),OK,HLS playlist + segment reachable,0.25,https://fastly.live.brightcove.com/6380396819112/us-east-1/734546207001/eyJhbGciOiJIUzI1NiIsInR5cCI6IkpXVCJ9.eyJob3N0IjoiczFpM3ZpLmVncmVzcy50N2M3emwiLCJhY2NvdW50X2lkIjoiNzM0NTQ2MjA3MDAxIiwiZWhuIjoiZmFzdGx5LmxpdmUuYnJpZ2h0Y292ZS5jb20iLCJpc3MiOiJibGl2ZS1wbGF5YmFjay1zb3VyY2UtYXBpIiwic3ViIjoicGF0aG1hcHRva2VuIiwiYXVkIjpbIjczNDU0NjIwNzAwMSJdLCJqdGkiOiI2MzgwMzk2ODE5MTEyIn0.GDYp4IWtzwPkupEWeeOavnioVknO-Ev3UGlHvM1rE6I/playlist-hls.m3u8
TV,iptv-org English,CBN TV (720p),OK,HLS playlist + segment reachable,0.25,https://5790d294af2dc.streamlock.net/CBNVI/CBNVI/playlist.m3u8
TV,iptv-org English,CBS (1080p),UNVERIFIED,no route from test server (geo-lock/IPv6/timeout) - test on the TV box,10.05,http://stream.cammonitorplus.net/1783/index.m3u8
TV,iptv-org English,CBS KCCI (720p),OK,HLS playlist + segment reachable,0.43,https://aegis-cloudfront-1.tubi.video/8d1f164d-34ef-4f70-b948-ae33826a0aaa/playlist.m3u8
TV,iptv-org English,CBS KDBC-TV (1080p),FAIL,HTTP 503,0.33,https://linear-706.frequency.stream/dist/stirr/706/hls/master/playlist.m3u8
TV,iptv-org English,CBS KEYE-TV (1080p),FAIL,HTTP 503,0.57,https://linear-704.frequency.stream/dist/stirr/704/hls/master/playlist.m3u8
TV,iptv-org English,CBS KIRO-TV (1080p),OK,HLS playlist + segment reachable,0.67,https://cdn-ue1-prod.tsv2.amagi.tv/linear/amg00327-coxmediagroup-kirobreaking-ono/playlist.m3u8
TV,iptv-org English,CBS KMOV (1080p),UNVERIFIED,no route from test server (geo-lock/IPv6/timeout) - test on the TV box,10.09,http://best.happytv.xyz:2082/live/JThibodeau0923/gcEyG7W3/2193473.m3u8
TV,iptv-org English,CBS KMTV-TV (720p),OK,HLS playlist + segment reachable,0.38,https://aegis-cloudfront-1.tubi.video/0b16cabe-a8fd-4d91-99e5-3efb7aa740cc/playlist.m3u8
TV,iptv-org English,CBS KUTV (1080p),FAIL,HTTP 503,0.45,https://linear-707.frequency.stream/dist/stirr/707/hls/master/playlist.m3u8
TV,iptv-org English,CBS KWTV-DT (720p) [Not 24/7],OK,HLS playlist + segment reachable,0.82,https://fuel-streaming-prod01.fuelmedia.io/v1/sem/e48409e7-672d-42f2-b5e0-ebb6744b0425.m3u8
TV,iptv-org English,CBS KZTV (720p),OK,HLS playlist + segment reachable,0.4,https://content.uplynk.com/channel/d1f868588ae5476dadaeff450170a183.m3u8
TV,iptv-org English,CBS WCBI-TV (720p),OK,HLS playlist + segment reachable,0.66,https://townnews.g-mana.live/media/4efc62fa-ad0b-445c-a839-4d1e7636988e/main.m3u8
TV,iptv-org English,CBS WDEF-TV (720p),OK,HLS playlist + segment reachable,0.62,https://townnews.g-mana.live/media/a54a6409-5e91-46f0-9fee-06904c1fd094/main.m3u8
TV,iptv-org English,CBS WHIO-TV (1080p),OK,HLS playlist + segment reachable,0.48,https://cdn-ue1-prod.tsv2.amagi.tv/linear/amg00327-coxmediagroup-whiobreaking-ono/playlist.m3u8
TV,iptv-org English,CBS WJAX-TV (1080p),OK,HLS playlist + segment reachable,0.56,https://cdn-ue1-prod.tsv2.amagi.tv/linear/amg00327-coxmediagroup-wjaxbreaking-ono/playlist.m3u8
TV,iptv-org English,CBS WKRC-TV (1080p),FAIL,HTTP 503,0.36,https://linear-691.frequency.stream/dist/stirr/691/hls/master/playlist.m3u8
TV,iptv-org English,CBS WPEC (1080p),FAIL,HTTP 503,0.55,https://linear-692.frequency.stream/dist/stirr/692/hls/master/playlist.m3u8
TV,iptv-org English,CBS WTVR-TV (720p),OK,HLS playlist + segment reachable,0.55,https://aegis-cloudfront-1.tubi.video/d8fc1d6c-fd55-45c8-973b-b7327ee1a6e0/playlist.m3u8
TV,iptv-org English,CBS WWMT (1080p),FAIL,HTTP 503,0.33,https://linear-701.frequency.stream/dist/stirr/701/hls/master/playlist.m3u8
TV,iptv-org English,CBS en espanol,FAIL,HTTP 403,1.2,https://jmp2.uk/plu-668c5cb4f01dbe0008dd4082.m3u8
TV,iptv-org English,CBS Sports Golazo Network (720p),OK,HLS playlist + segment reachable,0.68,https://dai.google.com/linear/hls/event/7f3Wv6f7QEKfQna22jHqLQ/master.m3u8
TV,iptv-org English,CBS Sports HQ (720p),FAIL,HTTP 403,1.06,https://jmp2.uk/plu-5e9f2c05172a0f0007db4786.m3u8
TV,iptv-org English,CC-TV (720p),OK,HLS playlist + segment reachable,0.64,https://cdn3.wowza.com/5/cHYzekYzM2kvTVFH/charlotte/G0055_009/playlist.m3u8
TV,iptv-org English,CCTV-4 America (1080p),FAIL,URLError: <urlopen error [SSL: CERTIFICATE_VERIFY_FAILED] certificate ,0.48,https://global.cgtn.cicc.media.caton.cloud/master/cgtn-america.m3u8
TV,iptv-org English,CCTV-4 Asia (720p),UNVERIFIED,no route from test server (geo-lock/IPv6/timeout) - test on the TV box,10.01,http://74.91.26.218:82/live/cctv4hd.m3u8
TV,iptv-org English,CCTV-4 Europe,OK,HLS playlist + segment reachable,0.56,https://dash2.antik.sk/live/test_cctv_tizen/playlist.m3u8
TV,iptv-org English,CCX1 (1080p),FAIL,HTTP 403,0.26,http://reflect-ccx.cablecast.tv/live-9/live/stream-1/live.m3u8
TV,iptv-org English,CDM Internacional (480p) [Not 24/7],UNVERIFIED,no route from test server (geo-lock/IPv6/timeout) - test on the TV box,6.06,https://627bb251f23c7.streamlock.net:444/CDMInternacional/CDMInternacional/playlist.m3u8
TV,iptv-org English,Celebrity Name Game (1080p) [Geo-blocked],OK,HLS playlist + segment reachable,0.27,https://amg00353-amg00353c19-xumo-us-2608.playouts.now.amagi.tv/lionsgate-clbng/playlist.m3u8
TV,iptv-org English,Celebrity Scene TV (720p),PARTIAL,"playlist OK, segment failed: HTTP Error 403: Forbidden",0.34,https://rpn.bozztv.com/gusa/gusa-celebrityscene/index.m3u8
TV,iptv-org English,Cerritos TV3 (360p),OK,HLS playlist + segment reachable,0.55,https://cdn3.wowza.com/5/UWpORHhLSEs5SkJs/cerritos/G0010_002/playlist.m3u8
TV,iptv-org English,CFM TV Channel 98 (360p),OK,HLS playlist + segment reachable,0.75,https://cdn3.wowza.com/5/djRwZmQvTEJidmZD/cityftmyers/G2083_002/playlist.m3u8
TV,iptv-org English,CGTN Global Biz (1080p),OK,HLS playlist + segment reachable,0.38,https://fastlive.cctvplus.com/out/v1/2b3d8a0c805d437f9dc85b764c2ac599/index.m3u8
TV,iptv-org English,CGTV (720p),OK,HLS playlist + segment reachable,0.45,https://champaign-cablecast.cablecast.tv/live/stream-2/live.m3u8
TV,iptv-org English,Channel 9 (Australia) (720p) [Geo-blocked],FAIL,returned HTML page (geo-block / dead),0.93,https://9now-livestreams-fhd-t.akamaized.net/u/prod/simulcast/syd/ch9/hls/r1/index.m3u8
TV,iptv-org English,Channel 9 (Australia) Adelaide (720p) [Geo-blocked],FAIL,returned HTML page (geo-block / dead),0.65,https://9now-livestreams-fhd-t.akamaized.net/u/prod/simulcast/adl/ch9/hls/r1/index.m3u8
TV,iptv-org English,Channel 9 (Australia) Brisbane (720p) [Geo-blocked],FAIL,returned HTML page (geo-block / dead),0.68,https://9now-livestreams-fhd-t.akamaized.net/u/prod/simulcast/bne/ch9/hls/r1/index.m3u8
TV,iptv-org English,Channel 9 (Australia) Perth (720p) [Geo-blocked],FAIL,returned HTML page (geo-block / dead),0.67,https://9now-livestreams-fhd-t.akamaized.net/u/prod/simulcast/per/ch9/hls/r1/index.m3u8
TV,iptv-org English,Channel 10 (United States) (720p),OK,HLS playlist + segment reachable,0.64,https://cdn3.wowza.com/5/cFh0V0QwUVc4SDl2/santa-paula/G0930_002/playlist.m3u8
TV,iptv-org English,Channel 18 GAC,OK,HLS playlist + segment reachable,0.47,https://reflect-channel18vod-springfield-il-us.cablecast.tv/live-13/live/stream-1/live.m3u8
TV,iptv-org English,Channel 44 (480p),OK,HLS playlist + segment reachable,0.81,https://d1k6kax80wecy5.cloudfront.net/WFqZJc/index.m3u8
TV,iptv-org English,Channel 200 (540p),FAIL,HTTP 403,0.19,https://d1jlnqid3sfc6m.cloudfront.net/out/v1/3fc2254c865a457c8d7fbbce227a2aae/index.m3u8
TV,iptv-org English,Channel S (Bangladesh),PARTIAL,"playlist OK, segment failed: HTTP Error 403: Forbidden",0.6,https://app.ncare.live/c3VydmVyX8RpbEU9Mi8xNy8yMDE0GIDU6RgzQ6NTAgdEoaeFzbF92YWxIZTO0U0ezN1IzMyfvcGVMZEJCTEFWeVN3PTOmdFsaWRtaW51aiPhnPTI2/channels.stream/live-orgin/channels.stream/playlist.m3u8
TV,iptv-org English,Channel S (United Kingdom) (576p),OK,HLS playlist + segment reachable,0.61,https://app.ncare.live/c3VydmVyX8RpbEU9Mi8xNy8yMDE0GIDU6RgzQ6NTAgdEoaeFzbF92YWxIZTO0U0ezN1IzMyfvcGVMZEJCTEFWeVN3PTOmdFsaWRtaW51aiPhnPTI/chsukoff.stream/playlist.m3u8
TV,iptv-org English,Channel U (720p),OK,HLS playlist + segment reachable,1.22,https://cdn.qd.je/163189/chu
TV,iptv-org English,Chappelle's Show,FAIL,HTTP 403,0.93,https://jmp2.uk/plu-65e9783b0d456100082d9e05.m3u8
TV,iptv-org English,Chappelle's Show DK,FAIL,HTTP 403,0.99,https://jmp2.uk/plu-65e976ad0d456100082d9b74.m3u8
TV,iptv-org English,Chappelle's Show NO,FAIL,HTTP 403,0.89,https://jmp2.uk/plu-65e977a618036500082ec972.m3u8
TV,iptv-org English,Charterfeber,FAIL,HTTP 403,0.91,https://jmp2.uk/plu-61c1dda0fe470d00080f85b8.m3u8
TV,iptv-org English,CHCO-TV (720p) [Geo-blocked],UNVERIFIED,no route from test server (geo-lock/IPv6/timeout) - test on the TV box,0.09,https://temp4.isilive.ca/live/CHCOTV/live/index.m3u8
TV,iptv-org English,Cheers (Sweden) NO,FAIL,HTTP 403,0.92,https://jmp2.uk/plu-63e389dcc111bc0008ee5b8c.m3u8
TV,iptv-org English,Cheers (United States),FAIL,HTTP 403,0.98,https://jmp2.uk/plu-62bdb7f0db2eb30007376d4d.m3u8
TV,iptv-org English,Cheers + Frasier,FAIL,HTTP 403,0.28,https://jmp2.uk/plu-66ba495ffe11e5000881f049.m3u8
TV,iptv-org English,Chef Champion (720p) [Not 24/7],OK,HLS playlist + segment reachable,0.29,https://rpn.bozztv.com/gusa/gusa-chefchampion/index.m3u8
TV,iptv-org English,Chef Roc Show (720p) [Not 24/7],PARTIAL,"playlist OK, segment failed: HTTP Error 403: Forbidden",0.28,https://rpn.bozztv.com/gusa/gusa-chefrock/index.m3u8
TV,iptv-org English,Chile Channel (720p),OK,HLS playlist + segment reachable,0.54,https://v2.tustreaming.cl/chilechannel/index.m3u8
TV,iptv-org English,Choppertown (720p),UNVERIFIED,no route from test server (geo-lock/IPv6/timeout) - test on the TV box,10.08,https://linear-11.frequency.stream/dist/glewedtv/11/hls/master/playlist.m3u8
TV,iptv-org English,Chosen TV English (360p),PARTIAL,"playlist OK, segment failed: HTTP Error 403: Forbidden",1.85,https://viewmedia7219.bozztv.com/wmedia/viewmedia100/web_024/Stream/playlist.m3u8
TV,iptv-org English,Cine aventura,FAIL,HTTP 403,0.93,https://jmp2.uk/plu-60fb2f47c133270007327375.m3u8
TV,iptv-org English,Cine en espanol,FAIL,HTTP 403,1.09,https://jmp2.uk/plu-5cf96b1c4f1ca3f0629f4bf0.m3u8
TV,iptv-org English,Cinevault Westerns (540p) [Geo-blocked],OK,HLS playlist + segment reachable,0.43,https://gsn-cinevault-westerns-2-us.roku.wurl.tv/playlist.m3u8
TV,iptv-org English,Circle (1080p),OK,HLS playlist + segment reachable,0.27,https://circle-roku.amagi.tv/playlist.m3u8
TV,iptv-org English,City of Fairfield Channel 26 (720p) [Geo-blocked],OK,application/vnd.apple.mpegurl,0.41,https://reflect-fairfield-ca.cablecast.tv/live-8/live/live.m3u8
TV,iptv-org English,City of Fort Pierce (720p),OK,HLS playlist + segment reachable,0.26,https://edge-f.swagit.com/live/fortpiercefl/live-1-a/playlist.m3u8
TV,iptv-org English,City of Loveland TV (1080p),OK,application/vnd.apple.mpegurl,0.55,https://reflect-cityofloveland-co.cablecast.tv/live-3/live/live.m3u8
TV,iptv-org English,City of Monroe Government Channel,OK,HLS playlist + segment reachable,0.4,https://reflect-monroe-mi-ci.cablecast.tv/live-1/live/live.m3u8
TV,iptv-org English,City of Pompano Beach (720p),OK,HLS playlist + segment reachable,0.59,https://cdn3.wowza.com/5/M0lyamVmM2JWcjhQ/pompano/G0765_005/playlist.m3u8
TV,iptv-org English,City TV Carlsbad (720p),OK,HLS playlist + segment reachable,0.24,https://edge-f.swagit.com/live/carlsbadca/live-3-a-1/playlist.m3u8
TV,iptv-org English,City TV Channel 3/41 (360p),OK,HLS playlist + segment reachable,0.29,https://edge-f.swagit.com/live/chinohillsca/live-1-a/playlist.m3u8
TV,iptv-org English,CityTV 20 Santa Monica (360p) [Not 24/7],OK,HLS playlist + segment reachable,0.31,https://cdn3.wowza.com/5/bGZUOHp2TnhudnM2/santamonica/G0039_002/playlist.m3u8
TV,iptv-org English,CityTV Lakewood (720p),OK,HLS playlist + segment reachable,0.25,https://dlttx48mxf9m3.cloudfront.net/vod_clients/lakewood/live/ch1/video.m3u8
TV,iptv-org English,CityTV San Diego (360p),OK,HLS playlist + segment reachable,0.44,https://cdn3.wowza.com/5/dk84U1p2UUdoMGxT/sandiego/G1826_005/playlist.m3u8
TV,iptv-org English,CityTV Whittier (720p),OK,HLS playlist + segment reachable,0.62,https://whittier.cablecast.tv/live/stream-1/live.m3u8
TV,iptv-org English,Clarity 4K (2160p) [Geo-blocked],OK,HLS playlist + segment reachable,0.46,https://pb-qyrvophnifz47.akamaized.net/Clarity_4K.m3u8
TV,iptv-org English,Classic Arts Showcase (720p),OK,HLS playlist + segment reachable,0.39,https://classicarts.akamaized.net/hls/live/1024257/CAS/master.m3u8
TV,iptv-org English,Classic TV Comedy,FAIL,HTTP 403,0.98,https://jmp2.uk/plu-5f15e32b297f96000768f928.m3u8
TV,iptv-org English,Classic TV Crime Drama,FAIL,HTTP 403,0.89,https://jmp2.uk/plu-61325c4f982acd000723287e.m3u8
TV,iptv-org English,Classic TV Drama,FAIL,HTTP 403,0.27,https://jmp2.uk/plu-5f15e3cccf49290007053c67.m3u8
TV,iptv-org English,Classic TV: Families,FAIL,HTTP 403,0.87,https://jmp2.uk/plu-61325d18f5166c00081b84e0.m3u8
TV,iptv-org English,Classic TV: Families CA,FAIL,HTTP 403,3.32,https://jmp2.uk/plu-62e91af00c43540007f2bb43.m3u8
TV,iptv-org English,Clergy TV (720p) [Not 24/7],UNVERIFIED,no route from test server (geo-lock/IPv6/timeout) - test on the TV box,6.05,https://goliveafrica.media:9998/live/650452cf2ddb2/index.m3u8
TV,iptv-org English,Cloudflare TV (720p),OK,HLS playlist + segment reachable,0.39,https://cloudflare.tv/hls/live.m3u8
TV,iptv-org English,cLoveworld TV (480p),FAIL,HTTP 400,0.4,https://live-hls-5rxy.livepush.io/live_cdn/em_LJ5aZjqp0LdiQ/index.m3u8
TV,iptv-org English,CLTV 36 (720p) [Not 24/7],UNVERIFIED,no route from test server (geo-lock/IPv6/timeout) - test on the TV box,6.06,https://live.cltv36.tv:5443/LiveApp/streams/cltvlive.m3u8
TV,iptv-org English,CMAC 1 (720p),OK,HLS playlist + segment reachable,0.69,https://reflect-vod-cmac.cablecast.tv/live-11/live/stream-1/live.m3u8
TV,iptv-org English,CMAC 2 (720p),OK,HLS playlist + segment reachable,0.36,https://reflect-vod-cmac.cablecast.tv/live-11/live/stream-2/live.m3u8
TV,iptv-org English,CMAC 3 (720p),OK,HLS playlist + segment reachable,0.45,https://reflect-vod-cmac.cablecast.tv/live-11/live/stream-3/live.m3u8
TV,iptv-org English,CMAP Channel 17 (720p),OK,HLS playlist + segment reachable,0.36,https://livestream.telvue.com/cmap1/f7b44cfafd5c52223d5498196c8a2e7b.sdp/playlist.m3u8
TV,iptv-org English,CMAP Channel 18 (720p),OK,HLS playlist + segment reachable,2.01,https://livestream.telvue.com/cmap3/f7b44cfafd5c52223d5498196c8a2e7b.sdp/playlist.m3u8
TV,iptv-org English,CMAP Channel 19 (720p),UNVERIFIED,no route from test server (geo-lock/IPv6/timeout) - test on the TV box,10.1,https://livestream.telvue.com/cmap4/f7b44cfafd5c52223d5498196c8a2e7b.sdp/playlist.m3u8
TV,iptv-org English,CMAP Channel 20 (720p),OK,HLS playlist + segment reachable,0.33,https://livestream.telvue.com/cmap5/f7b44cfafd5c52223d5498196c8a2e7b.sdp/playlist.m3u8
TV,iptv-org English,CMTV (720p),OK,HLS playlist + segment reachable,0.68,https://cdn3.wowza.com/5/UWpORHhLSEs5SkJs/costamesa/G0075_002/playlist.m3u8
TV,iptv-org English,CMTv Kenya (576p) [Not 24/7],UNVERIFIED,no route from test server (geo-lock/IPv6/timeout) - test on the TV box,6.06,https://goliveafrica.media:9998/live/64ede813cfe1a/index.m3u8
TV,iptv-org English,CNBC (720p),UNVERIFIED,no route from test server (geo-lock/IPv6/timeout) - test on the TV box,10.01,http://4.30.180.36:8420/cnbc/index.m3u8?token=test
TV,iptv-org English,CNBC Asia (720p),UNVERIFIED,no route from test server (geo-lock/IPv6/timeout) - test on the TV box,10.04,http://nmk.ioapk.com:5050/4gtv-live130/index.m3u8
TV,iptv-org English,CNBC TV18 (1080p),OK,HLS playlist + segment reachable,0.41,https://n18syndication.akamaized.net/bpk-tv/CNBC_TV18_NW18_MOB/output01/index.m3u8
TV,iptv-org English,CNBC TV18 Prime HD (1080p),OK,HLS playlist + segment reachable,0.96,https://n18syndication.akamaized.net/bpk-tv/CNBC_Tv18_Prime_HD_NW18_MOB/output01/index.m3u8
TV,iptv-org English,Cold Case Files (1080p),OK,HLS playlist + segment reachable,0.25,https://aegis-cloudfront-1.tubi.video/1e764712-0649-4946-bd7e-f1bbba3be6fa/playlist.m3u8
TV,iptv-org English,Collier TV (720p),FAIL,HTTP 500,0.45,https://reflect-collier-countyboc.cablecast.tv/live-4/live/stream-1/live.m3u8
TV,iptv-org English,Comedy Central (Romania),FAIL,HTTP 403,0.18,https://saruman1.tharen1.cfd/comedi/usergenrx7zo1kr.m3u8
TV,iptv-org English,Comedy Central (Sweden),FAIL,HTTP 403,5.29,https://jmp2.uk/plu-61c0b550e0d3a700072b6a2a.m3u8
TV,iptv-org English,Comedy Central (Sweden) DK (720p),FAIL,HTTP 403,0.93,https://jmp2.uk/plu-61c0989431084d0007eab12d.m3u8
TV,iptv-org English,Comedy Central (United States) (576p),UNVERIFIED,no route from test server (geo-lock/IPv6/timeout) - test on the TV box,10.73,https://tvsen3.aynaott.com/5fUWDMxZ/index.m3u8
TV,iptv-org English,Comedy Central (United States) CA,FAIL,HTTP 403,0.97,https://jmp2.uk/plu-64f8a408bd341e000818fcda.m3u8
TV,iptv-org English,Comedy Central Animation,FAIL,HTTP 403,0.89,https://jmp2.uk/plu-64f8a949f5b5e4000862467c.m3u8
TV,iptv-org English,Comedy Central Pluto TV,FAIL,HTTP 403,5.42,https://jmp2.uk/plu-5ca671f215a62078d2ec0abf.m3u8
TV,iptv-org English,Comedy Central Roast,FAIL,HTTP 403,0.93,https://jmp2.uk/plu-6641fd41b18d700008e7e2b8.m3u8
TV,iptv-org English,Comedy Dynamics (1080p),FAIL,URLError: <urlopen error [SSL: CERTIFICATE_VERIFY_FAILED] certificate ,0.29,https://comedydynamics-plex-ingest.cinedigm.com/playlist.m3u8
TV,iptv-org English,Comet (1080p),OK,HLS playlist + segment reachable,0.26,https://fast-channels.sinclairstoryline.com/COMET/index.m3u8
TV,iptv-org English,Community 12TV (720p),OK,HLS playlist + segment reachable,0.27,https://lin10.isilive.ca/live/gainesville/live/index.m3u8
TV,iptv-org English,CommunityTV Channel 189 (1080p) [Geo-blocked],OK,HLS playlist + segment reachable,0.64,https://reflect-tacm.cablecast.tv/live-3/live/live.m3u8
TV,iptv-org English,Concord TV (720p),OK,HLS playlist + segment reachable,0.37,https://concordca.cablecast.tv/live/stream-2/live.m3u8
TV,iptv-org English,Contra Costa TV [Geo-blocked],OK,application/vnd.apple.mpegurl,6.08,https://reflect-contra-costa.cablecast.tv/live-7/live/live.m3u8
TV,iptv-org English,Cooking Panda (576p),OK,HLS playlist + segment reachable,0.24,https://stream-us-east-1.getpublica.com/playlist.m3u8?network_id=46
TV,iptv-org English,Cops (720p),OK,HLS playlist + segment reachable,0.84,https://langleyproductions-cops-2-eu.rakuten.wurl.tv/playlist.m3u8
TV,iptv-org English,Cornerstone TV (720p),OK,HLS playlist + segment reachable,0.34,https://2-fss-1.themediacdn.com/pl_122/206280-3059514-1/playlist.m3u8
TV,iptv-org English,COStv,OK,HLS playlist + segment reachable,0.43,https://irctv.cablecast.tv/live/stream-1/live.m3u8
TV,iptv-org English,Cottage Life (720p),FAIL,HTTP 503,0.09,http://185.246.209.113/CottageLife/index.m3u8
TV,iptv-org English,Coza TV (576p),PARTIAL,"playlist OK, segment failed: HTTP Error 403: Forbidden",0.86,https://viewmedia7219.bozztv.com/wmedia/viewmedia100/web_019/Stream/playlist.m3u8
TV,iptv-org English,CPAC English (720p),FAIL,HTTP 503,0.22,https://d7z3qjdsxbwoq.cloudfront.net/groupa/live/f9809cea-1e07-47cd-a94d-2ddd3e1351db/live.isml/.m3u8
TV,iptv-org English,Crazy Ex-Girlfriend,FAIL,HTTP 403,1.15,https://jmp2.uk/plu-693ae5b792fad2e93412a2c7.m3u8
TV,iptv-org English,Crazy Ex-Girlfriend DK,FAIL,HTTP 403,0.89,https://jmp2.uk/plu-693ae5660eedebc8d5db6579.m3u8
TV,iptv-org English,Crazy Ex-Girlfriend NO,FAIL,HTTP 403,6.21,https://jmp2.uk/plu-693ae58fc2d0f38be38df821.m3u8
TV,iptv-org English,Create (1080p),OK,application/vnd.apple.mpegurl,0.66,https://create.lls.pbs.org/index.m3u8
TV,iptv-org English,Create WMPT,OK,HLS playlist + segment reachable,0.27,https://2-fss-1.streamhoster.com/pl_122/amlst:201814-2122456/playlist.m3u8
TV,iptv-org English,CreaTV Channel 15 (720p),OK,HLS playlist + segment reachable,0.67,https://reflect-creatv.cablecast.tv/live-13/live/live.m3u8
TV,iptv-org English,CreaTV Channel 27 (720p),OK,HLS playlist + segment reachable,0.56,https://reflect-creatv.cablecast.tv/live-19/live/live.m3u8
TV,iptv-org English,CreaTV Channel 28 (720p),OK,HLS playlist + segment reachable,0.62,https://reflect-creatv.cablecast.tv/live-14/live/live.m3u8
TV,iptv-org English,CreaTV Channel 30 (720p),OK,HLS playlist + segment reachable,0.64,https://reflect-creatv.cablecast.tv/live-16/live/live.m3u8
TV,iptv-org English,Cricket Gold (1080p),OK,HLS playlist + segment reachable,0.54,https://streams2.sofast.tv/ptnr-yupptv/title-cricketgold/v1/master/611d79b11b77e2f571934fd80ca1413453772ac7/b2048bb8-1686-4432-aa50-647245383e0c/manifest.m3u8
TV,iptv-org English,Crime + Investigation (720p),UNVERIFIED,no route from test server (geo-lock/IPv6/timeout) - test on the TV box,10.01,http://23.237.104.106:8080/USA_CRIME_INVESTIGATION/index.m3u8
TV,iptv-org English,Crime + Investigation Asia (720p) [Geo-blocked],OK,application/vnd.apple.mpegurl,1.11,https://cdn09jtedge.indihometv.com/joss/133/crimeinvestigation/index.m3u8
TV,iptv-org English,Crime + Investigation CEE,UNVERIFIED,no route from test server (geo-lock/IPv6/timeout) - test on the TV box,10.01,http://88.212.15.19/live/test_cai_hevc/playlist.m3u8
TV,iptv-org English,Crime and Evidence (720p),UNVERIFIED,no route from test server (geo-lock/IPv6/timeout) - test on the TV box,10.51,https://afxporigin.telemedia.co.za/afxp/abr_crimeandevidence/playlist.m3u8
TV,iptv-org English,Crimenes Imperfectos,FAIL,HTTP 403,1.04,https://jmp2.uk/plu-5e94cd036cc69d0007e8a1ba.m3u8
TV,iptv-org English,CRTV (Cameroon) (576p),FAIL,HTTP 403,0.27,http://145.239.5.177/147/index.m3u8
TV,iptv-org English,Crunchyroll (720p),FAIL,HTTP 403,7.06,https://jmp2.uk/plu-65652f7fc0fc88000883537a.m3u8
TV,iptv-org English,Cruz TV,OK,HLS playlist + segment reachable,0.34,https://reflect-communitytv.cablecast.tv/live-4/live/stream-2/live.m3u8
TV,iptv-org English,CSat TV (1080p) [Not 24/7],UNVERIFIED,no route from test server (geo-lock/IPv6/timeout) - test on the TV box,10.03,http://media.smc-host.com:1935/csat.tv/smil:csat.smil/playlist.m3u8
TV,iptv-org English,CSI (Sweden),FAIL,HTTP 403,0.93,https://jmp2.uk/plu-6525419dc52b3600083db9c3.m3u8
TV,iptv-org English,CSI (United States),FAIL,HTTP 403,0.94,https://jmp2.uk/plu-5efbd29e4aa26700076c0d06.m3u8
TV,iptv-org English,CSI: Crime Scene Investigation,FAIL,HTTP 403,1.96,https://jmp2.uk/plu-6304f8d5ffb61000071ab478.m3u8
TV,iptv-org English,CSI: Miami,FAIL,HTTP 403,0.91,https://jmp2.uk/plu-62f54c11b3af68000702c304.m3u8
TV,iptv-org English,CSI: Miami en espanol,FAIL,HTTP 403,0.55,https://jmp2.uk/plu-632b5950b515b000079e6b81.m3u8
TV,iptv-org English,CSI: NY,FAIL,HTTP 403,8.28,https://jmp2.uk/plu-62f54c6439183b000769fb8f.m3u8
TV,iptv-org English,CSI: NY en espanol,FAIL,HTTP 403,0.91,https://jmp2.uk/plu-632b606e12a67b0007c9e371.m3u8
TV,iptv-org English,CT-N Court Feed (360p) [Not 24/7],OK,HLS playlist + segment reachable,0.38,http://video.ct-n.com/live/ctnSupreme/playlist_DVR.m3u8
TV,iptv-org English,CT-N Live Stream 2 (360p) [Not 24/7],OK,HLS playlist + segment reachable,0.38,http://video.ct-n.com/live/web2stream/playlist.m3u8
TV,iptv-org English,CT-N TV Conneticut (720p) [Not 24/7],OK,HLS playlist + segment reachable,0.31,http://video.ct-n.com/live/ctnstream/playlist_DVR.m3u8
TV,iptv-org English,CTB Perth (720p),UNVERIFIED,no route from test server (geo-lock/IPv6/timeout) - test on the TV box,10.14,https://live.ctbperth.net.au/hls/0/stream.m3u8
TV,iptv-org English,CTN (United States) (720p),OK,HLS playlist + segment reachable,0.61,https://d3k5y954fiztgy.cloudfront.net/FREECAST/CTN-2b0dd347-f7b0-e7ed-9096-68966d29db50/index.m3u8
TV,iptv-org English,CTV 2 Atlantic (720p),UNVERIFIED,no route from test server (geo-lock/IPv6/timeout) - test on the TV box,10.01,http://stream.cammonitorplus.net/1731/index.m3u8
TV,iptv-org English,CTV19 (720p),FAIL,returned HTML page (geo-block / dead),2.89,https://twitch-m3u8.bastypro112.workers.dev/ctv19live/index.m3u8
TV,iptv-org English,CTV (Canada) CFTO-DT (720p),FAIL,HTTP 503,7.8,http://stream.cammonitorplus.net/1712/index.m3u8
TV,iptv-org English,CTV (United States) (480p),OK,HLS playlist + segment reachable,0.65,https://cdn3.wowza.com/5/UWpORHhLSEs5SkJs/calabasas/G0009_003/playlist.m3u8
TV,iptv-org English,CTV Life Channel (720p),FAIL,HTTP 503,0.11,http://185.246.209.113/ANIMALPLANETHD/index.m3u8
TV,iptv-org English,CVC Education (480p),OK,HLS playlist + segment reachable,0.25,https://dlttx48mxf9m3.cloudfront.net/vod_clients/bolton/live/ch2/video.m3u8
TV,iptv-org English,CVC Government (480p),OK,HLS playlist + segment reachable,0.26,https://dlttx48mxf9m3.cloudfront.net/vod_clients/bolton/live/ch3/video.m3u8
TV,iptv-org English,CVC Public (480p),OK,HLS playlist + segment reachable,0.2,https://dlttx48mxf9m3.cloudfront.net/vod_clients/bolton/live/ch1/video.m3u8
TV,iptv-org English,CVTV Channel 192 (1080p),OK,HLS playlist + segment reachable,0.28,https://livestream.telvue.com/cvtv2/f7b44cfafd5c52223d5498196c8a2e7b.sdp/playlist.m3u8
TV,iptv-org English,CVTV Channel 194 (1080p),OK,HLS playlist + segment reachable,0.29,https://livestream.telvue.com/cvtv1/f7b44cfafd5c52223d5498196c8a2e7b.sdp/playlist.m3u8
TV,iptv-org English,Cypress Channel 36 (360p),OK,HLS playlist + segment reachable,0.26,https://livestream-us-east-edge-2.granicusops.com/live/cypressca/live-1-a/playlist.m3u8
TV,iptv-org English,Dallas Cowboys Cheerleaders,FAIL,HTTP 403,0.88,https://jmp2.uk/plu-64e7715c4c5ed800081230e4.m3u8
TV,iptv-org English,Dallas Cowboys Cheerleaders DK,FAIL,HTTP 403,6.97,https://jmp2.uk/plu-64e87c6b28cec700088ceb55.m3u8
TV,iptv-org English,Dallas Cowboys Cheerleaders NO,FAIL,HTTP 403,0.9,https://jmp2.uk/plu-64e77016324d190008291c13.m3u8
TV,iptv-org English,Dare To Dream Network,PARTIAL,"playlist OK, segment failed: HTTP Error 403: Forbidden",0.31,https://3abn.bozztv.com/3abn2/d2d_live/smil:d2d_live.smil/playlist.m3u8
TV,iptv-org English,Dark Matter TV (720p),OK,HLS playlist + segment reachable,0.32,https://tricoast-tv-dark-matter-01-us.ono.wurl.tv/playlist.m3u8
TV,iptv-org English,Dating Disasters,FAIL,HTTP 403,5.6,https://jmp2.uk/plu-651f239d9c7aeb0008286823.m3u8
TV,iptv-org English,Dating Naked UK,FAIL,HTTP 403,5.2,https://jmp2.uk/plu-692edd6bdb8695f63e14f3b9.m3u8
TV,iptv-org English,Dating Naked UK DK,FAIL,HTTP 403,1.01,https://jmp2.uk/plu-692edc78d52ea9e4858cf78f.m3u8
TV,iptv-org English,Dating Naked UK NO,FAIL,HTTP 403,6.24,https://jmp2.uk/plu-692edcff77f0147d69f19498.m3u8
TV,iptv-org English,Daystar TV (1080p),OK,HLS playlist + segment reachable,0.98,https://live-mcl.cdn01.net/smarttv/48vy43564/playlist.m3u8
TV,iptv-org English,Daystar TV WSLF-LD (720p),OK,HLS playlist + segment reachable,0.44,https://content.uplynk.com/channel/1992858a34c3423dbdad491d07ae6f75.m3u8
TV,iptv-org English,DAZN Combat (684p),FAIL,HTTP 403,4.67,https://jmp2.uk/plu-64d626ac9b414d000820e2fc.m3u8
TV,iptv-org English,DBS TV,OK,HLS playlist + segment reachable,0.42,https://stream.dbstvstlucia.com/hls/dbstv_main.m3u8
TV,iptv-org English,DC Council Hearing Room 120 (1080p),OK,HLS playlist + segment reachable,0.2,https://video.oct.dc.gov/out/u/97_12.m3u8
TV,iptv-org English,DCC (1080p),OK,HLS playlist + segment reachable,0.22,https://video.oct.dc.gov/out/u/15_12.m3u8
TV,iptv-org English,DCC: Making the Team,FAIL,HTTP 403,0.9,https://jmp2.uk/plu-5d40855b3fb0855028c99b6f.m3u8
TV,iptv-org English,DD Assam (504p),OK,HLS playlist + segment reachable,0.19,https://d2lk5u59tns74c.cloudfront.net/out/v1/d380bf5c167b4319a46cdd8204bc26b2/index.m3u8
TV,iptv-org English,DD India (1080p),OK,HLS playlist + segment reachable,0.98,https://mumbai-edge.smartplaytv.in/DDIndia/index.m3u8
TV,iptv-org English,DD Meghalaya (504p),OK,HLS playlist + segment reachable,0.43,https://d3qs3d2rkhfqrt.cloudfront.net/out/v1/4f81bc8d13dd49b484da35988abb8729/index.m3u8
TV,iptv-org English,DD Nagaland (504p),OK,HLS playlist + segment reachable,0.43,https://d2lk5u59tns74c.cloudfront.net/out/v1/29c92e0bef954a6d9b0908d1be29c1f0/index.m3u8
TV,iptv-org English,DD Sports (720p),OK,HLS playlist + segment reachable,1.24,https://mumbai-edge.smartplaytv.in/DDSportsHD/index.m3u8
TV,iptv-org English,DD Urdu (720p),OK,HLS playlist + segment reachable,0.91,https://cdn.pishow.tv/ott/live/8/master.m3u8
TV,iptv-org English,De unge modre,FAIL,HTTP 404,3.49,https://jmp2.uk/plu-69172a4fcf4a1101befdd894.m3u8
TV,iptv-org English,Deal or No Deal (1080p),OK,HLS playlist + segment reachable,0.42,https://amg00627-banijaygroup-dealornodeal-samsungau-si7xg.amagi.tv/playlist/amg00627-banijaygroup-dealornodeal-samsungau/playlist.m3u8
TV,iptv-org English,DeFiance Media (1080p),OK,HLS playlist + segment reachable,0.28,https://amg01529-defiancetv-defiancemedia-glewed-tre8x.amagi.tv/playlist.m3u8
TV,iptv-org English,Degrassi (720p),OK,HLS playlist + segment reachable,0.34,https://d3537vnymvfque.cloudfront.net/playlist.m3u8
TV,iptv-org English,DellaTV (720p),OK,HLS playlist + segment reachable,0.25,https://live20.bozztv.com/giatvplayout7/giatv-211474/playlist.m3u8
TV,iptv-org English,Den gule sofa med Allan Sindberg,FAIL,HTTP 403,1.23,https://jmp2.uk/plu-66b22714d512590008c3d573.m3u8
TV,iptv-org English,Denver 8 TV (720p),OK,HLS playlist + segment reachable,0.39,https://cdn3.wowza.com/5/bGZUOHp2TnhudnM2/denver/G0080_002/playlist.m3u8
TV,iptv-org English,Der TV,OK,HLS playlist + segment reachable,0.47,https://stream.berosat.live/hls/der-tv/der-tv.m3u8
TV,iptv-org English,DerryTV 17 (720p),OK,HLS playlist + segment reachable,0.19,https://livestream.telvue.com/derrynh1/f7b44cfafd5c52223d5498196c8a2e7b.sdp/playlist.m3u8
TV,iptv-org English,DerryTV 23 (720p),UNVERIFIED,no route from test server (geo-lock/IPv6/timeout) - test on the TV box,10.04,https://livestream.telvue.com/derrynh2/f7b44cfafd5c52223d5498196c8a2e7b.sdp/playlist.m3u8
TV,iptv-org English,Designated Survivor (1080p) [Geo-blocked],OK,HLS playlist + segment reachable,0.32,https://amg00353-amg00353c40-xumo-us-4839.playouts.now.amagi.tv/playlist.m3u8
TV,iptv-org English,Det sene show med Christian Fuhlendorff,FAIL,HTTP 403,0.95,https://jmp2.uk/plu-660d6bc10cd4630008f4a25a.m3u8
TV,iptv-org English,Detroit Channel 10,OK,HLS playlist + segment reachable,0.3,https://reflect-detroit-vod.cablecast.tv/live-2/live/stream-6/live.m3u8
TV,iptv-org English,Detroit Channel 21,OK,HLS playlist + segment reachable,0.36,https://reflect-detroit-vod.cablecast.tv/live-9/live/stream-4/live.m3u8
TV,iptv-org English,Detroit Channel 22,OK,HLS playlist + segment reachable,0.4,https://reflect-detroit-vod.cablecast.tv/live-3/live/stream-3/live.m3u8
TV,iptv-org English,Detroit Channel 68,OK,HLS playlist + segment reachable,0.39,https://reflect-detroit-vod.cablecast.tv/live-10/live/stream-5/live.m3u8
TV,iptv-org English,Diagnosis Murder,FAIL,HTTP 403,0.94,https://jmp2.uk/plu-668bf9be0642e5000815102d.m3u8
TV,iptv-org English,Diagnosis Murder DK,FAIL,HTTP 403,0.89,https://jmp2.uk/plu-668bf7dd74f5ec000817e6d1.m3u8
TV,iptv-org English,Diagnosis Murder NO,FAIL,HTTP 403,0.93,https://jmp2.uk/plu-668bf91208d5490008065ffd.m3u8
TV,iptv-org English,District of Columbia Network (1080p),OK,HLS playlist + segment reachable,0.27,https://video.oct.dc.gov/out/u/DCN.m3u8
TV,iptv-org English,Distrito Comedia (1080p),UNVERIFIED,no route from test server (geo-lock/IPv6/timeout) - test on the TV box,10.01,http://181.119.66.28:8081/DISTRITO-COMEDIA/index.m3u8
TV,iptv-org English,Diya TV (1080p),OK,HLS playlist + segment reachable,0.24,https://stream.diyatvinc.com/diya.m3u8
TV,iptv-org English,DKN (1080p),OK,HLS playlist + segment reachable,0.19,https://video.oct.dc.gov/out/u/DKN.m3u8
TV,iptv-org English,DLTV 1 (1080p),OK,HLS playlist + segment reachable,0.93,https://cdn-live.dltv.ac.th/dltv01.m3u8
TV,iptv-org English,DLTV 2 (1080p),OK,HLS playlist + segment reachable,0.94,https://cdn-live.dltv.ac.th/dltv02.m3u8
TV,iptv-org English,DLTV 3 (1080p),OK,HLS playlist + segment reachable,1.02,https://cdn-live.dltv.ac.th/dltv03.m3u8
TV,iptv-org English,DLTV 4 (1080p),OK,HLS playlist + segment reachable,0.96,https://cdn-live.dltv.ac.th/dltv04.m3u8
TV,iptv-org English,DLTV 5 (1080p),OK,HLS playlist + segment reachable,0.99,https://cdn-live.dltv.ac.th/dltv05.m3u8
TV,iptv-org English,DLTV 6 (1080p),OK,HLS playlist + segment reachable,0.9,https://cdn-live.dltv.ac.th/dltv06.m3u8
TV,iptv-org English,DLTV 7 (1080p),OK,HLS playlist + segment reachable,0.89,https://cdn-live.dltv.ac.th/dltv07.m3u8
TV,iptv-org English,DLTV 8 (1080p),OK,HLS playlist + segment reachable,0.88,https://cdn-live.dltv.ac.th/dltv08.m3u8
TV,iptv-org English,DLTV 9 (1080p),OK,HLS playlist + segment reachable,0.94,https://cdn-live.dltv.ac.th/dltv09.m3u8
TV,iptv-org English,DLTV 10 (1080p),OK,HLS playlist + segment reachable,1.0,https://cdn-live.dltv.ac.th/dltv10.m3u8
TV,iptv-org English,DLTV 11 (1080p),OK,HLS playlist + segment reachable,0.91,https://cdn-live.dltv.ac.th/dltv11.m3u8
TV,iptv-org English,DLTV 12 (1080p),OK,HLS playlist + segment reachable,0.96,https://cdn-live.dltv.ac.th/dltv12.m3u8
TV,iptv-org English,DLTV 13 (1080p),OK,HLS playlist + segment reachable,1.15,https://cdn-live.dltv.ac.th/dltv13.m3u8
TV,iptv-org English,DLTV 14 (1080p),OK,HLS playlist + segment reachable,1.22,https://cdn-live.dltv.ac.th/dltv14.m3u8
TV,iptv-org English,DLTV 15 (1080p),OK,HLS playlist + segment reachable,1.23,https://cdn-live.dltv.ac.th/dltv15.m3u8
TV,iptv-org English,Doc Martin (Sweden),FAIL,HTTP 403,0.91,https://jmp2.uk/plu-62b1e5e77d15410007f798c6.m3u8
TV,iptv-org English,Doc Martin (United States),FAIL,HTTP 403,0.92,https://jmp2.uk/plu-62e922f6675f71000736db3b.m3u8
TV,iptv-org English,Doctor Who Classic (1080p),OK,HLS playlist + segment reachable,0.33,https://bbc-classicdrwho-1-us.roku.wurl.tv/playlist.m3u8
TV,iptv-org English,Dog the Bounty Hunter (1080p),OK,HLS playlist + segment reachable,0.5,https://aegis-cloudfront-1.tubi.video/ff0ad399-75ed-42ba-8c60-75bb6cb8c929/playlist.m3u8
TV,iptv-org English,Dog the Bounty Hunter UK (1080p),OK,HLS playlist + segment reachable,0.3,https://amg00276-amg00276c11-rakuten-uk-3446.playouts.now.amagi.tv/playlist/amg00276-aetelevisionnetworksfast-dogthebountyhunterall-rakutenuk/playlist.m3u8
TV,iptv-org English,Dog Whisperer (1080p) [Geo-blocked],OK,HLS playlist + segment reachable,0.48,https://pb-ffpxvjshv4rxx.akamaized.net/Dog_Whisperer_with_Cesar_Millan.m3u8
TV,iptv-org English,Don't Tell The Bride (1080p),OK,HLS playlist + segment reachable,0.29,https://amg00426-lds-amg00426c15-samsung-au-3684.playouts.now.amagi.tv/playlist.m3u8
TV,iptv-org English,Dove Channel (1080p),OK,HLS playlist + segment reachable,0.33,https://linear-896.frequency.stream/dist/cineverse/896/hls/master/playlist.m3u8
TV,iptv-org English,Dr Pal TV (720p),FAIL,URLError: <urlopen error [SSL: CERTIFICATE_VERIFY_FAILED] certificate ,0.81,https://stream.cisk.tech/drpal/index.m3u8
TV,iptv-org English,Dr. Gene Scott (1080p),OK,HLS playlist + segment reachable,0.56,https://wescottcc.piksel.tech/hls/live/2041478/adp/playlist.m3u8
TV,iptv-org English,DraftKings Network (1080p),OK,HLS playlist + segment reachable,0.27,https://na.linear.zype.com/e0bd0e23-a958-4e43-8164-4f2fef8876a8/fd3614bd-90bf-4530-a277-65ae3a1720c8-zype/live.m3u8
TV,iptv-org English,Dream TV (480p),UNVERIFIED,no route from test server (geo-lock/IPv6/timeout) - test on the TV box,6.07,https://streamfi-dreamtv1.zettawiseroutes.com:8181/hls/stream.m3u8
TV,iptv-org English,DreamWorks Channel Asia (1080p),UNVERIFIED,no route from test server (geo-lock/IPv6/timeout) - test on the TV box,10.52,https://cdn12.178.indevs.in/163189/dreamworks
TV,iptv-org English,DroneTV (1080p),OK,HLS playlist + segment reachable,0.42,https://airvuz-dronetv-1-us.ohlscdn.wurl.tv/playlist.m3u8
TV,iptv-org English,Dry Bar Comedy+ (720p),OK,HLS playlist + segment reachable,0.46,https://drybar-drybarcomedy-1-au.samsung.wurl.tv/playlist.m3u8
TV,iptv-org English,DTV-8 [Geo-blocked],FAIL,HTTP 403,0.21,https://watch.davestv8.com/hls/stream.m3u8
TV,iptv-org English,Duck Dynasty (1080p),OK,HLS playlist + segment reachable,0.57,https://amg00276-amg00276c2-rakuten-uk-3449.playouts.now.amagi.tv/playlist.m3u8
TV,iptv-org English,Duck Hunting TV (1080p),OK,HLS playlist + segment reachable,0.49,https://main.duckhunting.playout.vju.tv/duckhuntingtv/main.m3u8
TV,iptv-org English,Dunamis TV (576p) [Not 24/7],FAIL,HTTP 404,0.58,https://atechgroupuk.site/DTV.m3u8
TV,iptv-org English,Dungeon TV (720p),OK,HLS playlist + segment reachable,0.26,https://stream-us-east-1.getpublica.com/playlist.m3u8?network_id=2226
TV,iptv-org English,Dynasty,FAIL,HTTP 403,0.88,https://jmp2.uk/plu-64d1606b4c5ed80008e3b8b9.m3u8
TV,iptv-org English,E! East (1080p),UNVERIFIED,no route from test server (geo-lock/IPv6/timeout) - test on the TV box,10.01,http://23.237.104.106:8080/USA_E/index.m3u8
TV,iptv-org English,E! Keeping Up (1080p),OK,HLS playlist + segment reachable,0.39,https://xumo-xumoent-vc-117-a3ga4.fast.nbcuni.com/live/master.m3u8
TV,iptv-org English,EBN TV (720p) [Not 24/7],UNVERIFIED,no route from test server (geo-lock/IPv6/timeout) - test on the TV box,6.05,https://goliveafrica.media:9998/live/65d8475d1e6cb/index.m3u8
TV,iptv-org English,EbS (1080p),PARTIAL,empty HLS playlist,0.7,https://streams.prd.commavservices.eu/live/ebs/index.m3u8
TV,iptv-org English,EBS HD (1080p),PARTIAL,"playlist OK, segment failed: HTTP Error 403: Forbidden",0.26,https://rpn.bozztv.com/ebstv/ebstv/index.m3u8
TV,iptv-org English,EBS English (400p) [Not 24/7],OK,HLS playlist + segment reachable,1.93,https://ebsonair.ebs.co.kr/plus3familypc/familypc1m/playlist.m3u8
TV,iptv-org English,EBS Plus 2 (400p),OK,HLS playlist + segment reachable,2.04,https://ebsonair.ebs.co.kr/plus2familypc/familypc1m/playlist.m3u8
TV,iptv-org English,EbS+ (1080p),PARTIAL,empty HLS playlist,0.68,https://streams.prd.commavservices.eu/live/ebsplus/index.m3u8
TV,iptv-org English,EET TV (1080p) [Not 24/7],FAIL,URLError: <urlopen error [SSL: CERTIFICATE_VERIFY_FAILED] certificate ,0.26,https://eu.streamjo.com/eetlive/eettv.m3u8
TV,iptv-org English,El Rey,FAIL,HTTP 400,0.25,https://stream.ads.ottera.tv/playlist.m3u8?network_id=1544
TV,iptv-org English,Electric Now (720p),OK,HLS playlist + segment reachable,0.26,https://amg01705-amg01705c1-amgplt0095.playout.now3.amagi.tv/playlist.m3u8
TV,iptv-org English,Elevate TV (720p) [Not 24/7],UNVERIFIED,no route from test server (geo-lock/IPv6/timeout) - test on the TV box,6.05,https://goliveafrica.media:9998/live/64a98a7eac12a/index.m3u8
TV,iptv-org English,Elevation Church Network (1080p),OK,HLS playlist + segment reachable,0.17,https://linear-1066.frequency.stream/dist/stirr/1066/hls/master/playlist.m3u8
TV,iptv-org English,Eman Channel (576p),UNVERIFIED,no route from test server (geo-lock/IPv6/timeout) - test on the TV box,6.05,https://ap02.iqplay.tv:8082/iqb8002/3m9n/playlist.m3u8
TV,iptv-org English,Energia TV (720p) [Not 24/7],PARTIAL,"playlist OK, segment failed: HTTP Error 403: Forbidden",0.25,https://sincerecloud.stream/loadbalancer/public/actMdyoE.m3u8
TV,iptv-org English,English Class (1080p),UNVERIFIED,no route from test server (geo-lock/IPv6/timeout) - test on the TV box,10.02,http://31.148.48.15/English_club_TV_HD/index.m3u8
TV,iptv-org English,English Club TV (576i),OK,HLS playlist + segment reachable,0.62,https://stream8.cinerama.uz/1442/tracks-v1a1/mono.m3u8
TV,iptv-org English,Enlace (1080p),UNVERIFIED,no route from test server (geo-lock/IPv6/timeout) - test on the TV box,10.01,http://138.121.15.230:9002/ENLACE/index.m3u8
TV,iptv-org English,EntrepreneurTV (720p),OK,HLS playlist + segment reachable,0.24,https://stream-us-east-1.getpublica.com/playlist.m3u8?network_id=2506
TV,iptv-org English,ERi-TV 1 (576p),OK,HLS playlist + segment reachable,0.61,https://jmc-live.ercdn.net/eritreatv/eritreatv.m3u8
TV,iptv-org English,Escambia County TV (720p),FAIL,HTTP 404,0.56,https://cpcdn.azureedge.net/ESCAMBIACOFLLIVE1/ESCAMBIACOFLLIVE1/playlist.m3u8
TV,iptv-org English,ESPN8: The Ocho (1080p),OK,HLS playlist + segment reachable,0.43,https://d3b6q2ou5kp8ke.cloudfront.net/ESPNTheOcho.m3u8
TV,iptv-org English,ESPNU (720p),UNVERIFIED,no route from test server (geo-lock/IPv6/timeout) - test on the TV box,10.01,http://23.237.104.106:8080/USA_ESPNU/index.m3u8
TV,iptv-org English,ESPNU HD (720p),UNVERIFIED,no route from test server (geo-lock/IPv6/timeout) - test on the TV box,10.01,http://85.237.89.160:9590/usa-s/ESPN-U-HD/index.m3u8
TV,iptv-org English,Estrella TV WMBC-TV (720p),OK,HLS playlist + segment reachable,1.24,http://d029dcec.kazmazpaz.ru/iptv/GVR4V8HYAGBS5V/1098/manifest.m3u8
TV,iptv-org English,ET Now (720p) [Geo-blocked],FAIL,HTTP 403,0.21,https://dztlhgid9me95.cloudfront.net/live-tv/Vidgyor/etnow/etnow_master.m3u8
TV,iptv-org English,Eurochannel (1080p),UNVERIFIED,no route from test server (geo-lock/IPv6/timeout) - test on the TV box,10.06,https://cdn1tlinkgo.tlink.cl/eurochannel/index.m3u8
TV,iptv-org English,Europa Europa (1080p),OK,HLS playlist + segment reachable,0.54,https://iptv.bitred.cl/EUROPAEUROPA_HD/index.m3u8
TV,iptv-org English,Eventyrlig Oppussing,FAIL,HTTP 403,2.99,https://jmp2.uk/plu-61c1de93244e500007581d69.m3u8
TV,iptv-org English,Everybody Hates Chris,FAIL,HTTP 403,2.11,https://jmp2.uk/plu-697b5be36dc3c71eb14d728a.m3u8
TV,iptv-org English,Everybody Hates Chris DK,FAIL,HTTP 403,3.22,https://jmp2.uk/plu-63a1cab19ab2df0007bf1c8b.m3u8
TV,iptv-org English,Everybody Hates Chris NO,FAIL,HTTP 403,3.25,https://jmp2.uk/plu-697b5a6c9567bf7b5f71a350.m3u8
TV,iptv-org English,EWTN (United States) (720p) [Geo-blocked],OK,HLS playlist + segment reachable,0.23,https://cdn3.wowza.com/1/QjRzVXJtVml5SUVx/WGJRSWxz/hls/live/playlist.m3u8
TV,iptv-org English,EWTN (United States) Africa-Asia (720p),OK,HLS playlist + segment reachable,0.24,https://cdn3.wowza.com/1/ZVBYYXFLLzE0c3NC/Qk1FMURC/hls/live/playlist.m3u8
TV,iptv-org English,EWTN (United States) Asia-Pacific (720p),OK,HLS playlist + segment reachable,0.3,https://cdn3.wowza.com/1/QmVNUVhTNTZSS3Uz/YWQ0aHpi/hls/live/playlist.m3u8
TV,iptv-org English,EWTN (United States) Canada (720p),OK,HLS playlist + segment reachable,0.15,https://cdn3.wowza.com/1/YW5wSWZiRGd2eFlU/bGV0aVBq/hls/live/playlist.m3u8
TV,iptv-org English,EWTN (United States) Europe (720p),OK,HLS playlist + segment reachable,0.2,https://cdn3.wowza.com/1/T2NXeHF6UGlGbHY3/WFluRldQ/hls/live/playlist.m3u8
TV,iptv-org English,Expo Channel (360p),OK,HLS playlist + segment reachable,0.44,https://tvsnhlslivetest.akamaized.net/hls/live/2034711/EXPO-MSL4/master.m3u8
TV,iptv-org English,Extrema TV (United States) (720p),UNVERIFIED,no route from test server (geo-lock/IPv6/timeout) - test on the TV box,10.05,http://livestreamcdn.net:1935/ExtremaTV/ExtremaTV/playlist.m3u8
TV,iptv-org English,F1 Channel (1080p) [Geo-blocked],OK,HLS playlist + segment reachable,0.28,https://amg12058-c15studio-amg12058c1-lg-us-5787.playouts.now.amagi.tv/playlist.m3u8
TV,iptv-org English,FailArmy (720p),OK,HLS playlist + segment reachable,0.29,https://failarmy-international-au.samsung.wurl.tv/playlist.m3u8
TV,iptv-org English,FailArmy Poland (720p),OK,HLS playlist + segment reachable,0.39,https://bd93cfed.wurl.com/master/f36d25e7e52f1ba8d7e56eb859c636563214f541/UmFrdXRlblRWLWV1X0ZhaWxBcm15X0hMUw/playlist.m3u8
TV,iptv-org English,FailArmy UK (720p),OK,HLS playlist + segment reachable,0.34,https://failarmy-international-gb.samsung.wurl.tv/playlist.m3u8
TV,iptv-org English,Faith Africa (1080p),OK,HLS playlist + segment reachable,1.27,https://faithnow-hls.secdn.net/faithnow-holland-channel/play/FaithAfrica.smil/playlist.m3u8
TV,iptv-org English,Faith TV (1080p),OK,HLS playlist + segment reachable,1.48,https://faithnow-hls.secdn.net/faithnow-holland-channel/play/FaithTV.smil/playlist.m3u8
TV,iptv-org English,Faith UK (1080p),OK,HLS playlist + segment reachable,1.24,https://faithnow-hls.secdn.net/faithnow-c-channel/play/FaithUK.smil/playlist.m3u8
TV,iptv-org English,Faith World TV (1080p),OK,HLS playlist + segment reachable,0.41,https://faithworldtv.abs.tv/1826926230/index.m3u8
TV,iptv-org English,Familien fra Bryggen,FAIL,HTTP 403,0.95,https://jmp2.uk/plu-61c19c8c9863900007acaa57.m3u8
TV,iptv-org English,Family Ties (Sweden),FAIL,HTTP 403,3.2,https://jmp2.uk/plu-654a510d986ad20008a45874.m3u8
TV,iptv-org English,Family Ties (Sweden) DK,FAIL,HTTP 403,0.54,https://jmp2.uk/plu-654a4a3ef91d250008ac089b.m3u8
TV,iptv-org English,Family Ties (Sweden) NO,FAIL,HTTP 403,0.53,https://jmp2.uk/plu-654a4f7bf9cc8200086877d5.m3u8
TV,iptv-org English,Family Ties (United States),FAIL,HTTP 403,0.94,https://jmp2.uk/plu-5f77939a630f530007dde654.m3u8
TV,iptv-org English,Faraja Television (1080p) [Not 24/7],UNVERIFIED,no route from test server (geo-lock/IPv6/timeout) - test on the TV box,6.05,https://panel.freedomflixtv.org:3868/hybrid/play.m3u8
TV,iptv-org English,Farscape,FAIL,HTTP 403,0.95,https://jmp2.uk/plu-699c1b4c9c3b075ecd513139.m3u8
TV,iptv-org English,Fashion Finds (720p),OK,HLS playlist + segment reachable,0.24,https://qvc-amd-live.akamaized.net/hls/live/2034113/lsqvc5us/master.m3u8
TV,iptv-org English,Fashion TV (1080p),OK,HLS playlist + segment reachable,0.31,http://stream.mcquack.net/287/index.m3u8
TV,iptv-org English,Fashion&LifeStyle (1080p),OK,HLS playlist + segment reachable,0.32,http://stream.mcquack.net/119/index.m3u8
TV,iptv-org English,FashionBox,UNVERIFIED,no route from test server (geo-lock/IPv6/timeout) - test on the TV box,10.04,https://dash2.antik.sk/live/test_fashionbox_medium_atk/playlist.m3u8
TV,iptv-org English,FashionTV Asia (720p),UNVERIFIED,no route from test server (geo-lock/IPv6/timeout) - test on the TV box,10.01,http://58.8.186.128:10006/bysid/2616
TV,iptv-org English,FashionTV Europe (1080p),FAIL,HTTP 504,0.18,https://68f1accef2154d2195cae87dec183843.mediatailor.us-east-1.amazonaws.com/v1/master/44f73ba4d03e9607dcd9bebdcb8494d86964f1d8/RakutenTV-eu_FashionTV/playlist.m3u8
TV,iptv-org English,FashionTV Secrets (1080p),OK,HLS playlist + segment reachable,0.54,https://ssai.aniview.com/api/v1/hls/stream.m3u8?AVS_SSAIID=67c0c39764ad6f7dab07aa0b&AV_APPNAME=[ADS.APP_NAME]&AV_APPPKGNAME=[ADS.APP_BUNDLE]&AV_APPSTOREURL=[ADS.APP_STORE_URL]&AV_CCPA=[ADS.US_PRIVACY]&AV_CLIENT_SECTION=ftv_secrets&AV_CONSENT=[ADS.GDPR_CONSENT]&AV_CONTENT_CAT=IAB7&AV_CONTENT_CHANNEL=&AV_CONTENT_CONTEXT=&AV_CONTENT_EPISODE=&AV_CONTENT_GENRE=fashion+and+lifestyle&AV_CONTENT_ID=[ADS.VIDAA_ADS_CONTENTID]&AV_CONTENT_KEYWORDS=&AV_CONTENT_LANGUAGE=en&AV_CONTENT_LENGTH=&AV_CONTENT_NETWORK=&AV_CONTENT_PROVIDER=FTV&AV_CONTENT_RATING=R&AV_CONTENT_SEASON=&AV_CONTENT_SERIES=&AV_CONTENT_TITLE=&AV_CONTENT_URL=&AV_DNT=[ADS.DNT]&AV_GDPR=[ADS.GDPR]&AV_HEIGHT=[ADS.H]&AV_IDFA=[ADS.IFA]&AV_IFA_TYPE=[ADS.IFA_TYPE]&AV_LANGUAGE=[ADS.DEVICE_LANGUAGE]&AV_OSVERS=[ADS.DEVICE_OSV]&AV_RTB_DEVICE_TYPE=[ADS.DEVICE_TYPE]&AV_VAUTH=[ADS.VAUTH]&AV_WIDTH=[ADS.W]&Content_Id=[ADS.ADS_CONTENTID]&ads.vidaa_ads_param=1191723366&cb=[CACHEBUSTER]&content_channel_name=ftv+-fashiontv+Secrets&content_livestream=1
TV,iptv-org English,Fast TV (720p),OK,HLS playlist + segment reachable,0.7,https://live-manifest.production-public.tubi.io/live/e7be5ad5-9044-4151-95d4-a9aae10ab0a5/playlist.m3u8
TV,iptv-org English,Fast&FunBox (Netherlands),OK,HLS playlist + segment reachable,0.7,https://dash3.antik.sk/live/test_fast_and_funbox_medium_atk/playlist.m3u8
TV,iptv-org English,Fazal TV (1080p),OK,HLS playlist + segment reachable,0.19,http://cdn9.live247stream.com/punjabitvcanada/tv/playlist.m3u8
TV,iptv-org English,FB TV,OK,application/vnd.apple.mpegurl,0.84,http://1hskrdto.rocketcdn.com/fenerbahcetv.smil/playlist.m3u8
TV,iptv-org English,FBoy Island,FAIL,HTTP 403,0.9,https://jmp2.uk/plu-6790d6c7bc03978b9bfbfd44.m3u8
TV,iptv-org English,FC Public Media (1080p),OK,HLS playlist + segment reachable,0.43,https://reflect-fcpublicmedia.cablecast.tv/live-5/live/stream-1/live.m3u8
TV,iptv-org English,FCK Lovinderne,FAIL,HTTP 403,1.26,https://jmp2.uk/plu-68ac5403de4a734954b5ab75.m3u8
TV,iptv-org English,FCTV (1080p),OK,HLS playlist + segment reachable,0.47,https://reflect-vod-fcgov.cablecast.tv/live-9/live/stream-1/live.m3u8
TV,iptv-org English,Fear Factor (1080p),OK,HLS playlist + segment reachable,0.32,https://amg00627-banijaygroup-fearfactor-samsungau-9vdod.amagi.tv/playlist/amg00627-banijaygroup-fearfactor-samsungau/playlist.m3u8
TV,iptv-org English,Feel Good Drama,FAIL,HTTP 403,0.95,https://jmp2.uk/plu-65775af3b3801200084a3aa4.m3u8
TV,iptv-org English,Fernandina Beach Channel (720p) [Not 24/7],OK,HLS playlist + segment reachable,0.26,https://edge-f.swagit.com/live/fernandinabeachfl/live-1-a/playlist.m3u8
TV,iptv-org English,FEVA TV (1080p),UNVERIFIED,no route from test server (geo-lock/IPv6/timeout) - test on the TV box,0.07,https://d21x3vavxu7p2x.cloudfront.net/v1/master/9d062541f2ff39b5c0f48b743c6411d25f62fc25/DistroTV-MuxIP-FEVATV/416.m3u8?ads.vf=nn5CUAdOxVu
TV,iptv-org English,FGTV (United States),OK,HLS playlist + segment reachable,0.34,https://securestream11.champds.com/LIVE/FultonCoGALIVE/FultonCoGALIVE.m3u8
TV,iptv-org English,FIFA+ (720p),FAIL,HTTP 403,0.95,https://jmp2.uk/plu-660c29b5aec9680008f5b4a4.m3u8
TV,iptv-org English,FIFA+ United States (720p),OK,HLS playlist + segment reachable,0.38,https://d2w9q46ikgrcwx.cloudfront.net/v1/master/3722c60a815c199d9c0ef36c5b73da68a62b09d1/cc-of5cbk3sav3w5/v1/sysdata_s_p_a_fifa_7/samsungheadend_us/latest/main/hls/playlist.m3u8
TV,iptv-org English,FIFA+ Women (720p),OK,HLS playlist + segment reachable,0.37,https://cffda8ff.wurl.com/master/f36d25e7e52f1ba8d7e56eb859c636563214f541/U2Ftc3VuZy1nYl9GSUZBUGx1c3dvbWVuX0hMUw/playlist.m3u8
TV,iptv-org English,Fight Network (1080p),UNVERIFIED,no route from test server (geo-lock/IPv6/timeout) - test on the TV box,10.15,https://d12a2vxqkkh1bo.cloudfront.net/hls/main.m3u8
TV,iptv-org English,FightBox,FAIL,HTTP 403,0.76,https://webtvstream.bhtelecom.ba/fightbox.m3u8
TV,iptv-org English,FightBox HD,OK,HLS playlist + segment reachable,0.75,https://nosignal1.antenaplay.ro/hls/fightbox-hd/index.m3u8
TV,iptv-org English,FilAmTV Network (1080p),OK,HLS playlist + segment reachable,0.9,https://cdn.vegasplus.us/vegas/ftv/playlist.m3u8
TV,iptv-org English,Firstlight (576p),OK,HLS playlist + segment reachable,0.48,https://uni01rtmp.tulix.tv/firstlight/firstlight.smil/playlist.m3u8
TV,iptv-org English,FITE 24/7 (1080p),OK,HLS playlist + segment reachable,0.25,https://d3d85c7qkywguj.cloudfront.net/scheduler/scheduleMaster/263.m3u8
TV,iptv-org English,Flame TV (576p),OK,HLS playlist + segment reachable,0.51,https://viewmedia7219.bozztv.com/wmedia/viewmedia100/web_010/Stream/playlist.m3u8
TV,iptv-org English,FloHockey (1080p),OK,HLS playlist + segment reachable,0.26,https://amg02278-amg02278c2-flosports-worldwide-9916.playouts.now.amagi.tv/playlist.m3u8
TV,iptv-org English,FloRacing (1080p),OK,HLS playlist + segment reachable,0.3,https://amg02278-amg02278c1-flosports-worldwide-7592.playouts.now.amagi.tv/playlist.m3u8
TV,iptv-org English,Flowers TV USA,OK,HLS playlist + segment reachable,0.46,https://yuppmedtaorire.akamaized.net/v1/master/a0d007312bfd99c47f76b77ae26b1ccdaae76cb1/flowers_nim_https/050522/flowers/playlist.m3u8
TV,iptv-org English,FNX (1080p),OK,application/vnd.apple.mpegurl,0.36,https://fnx.lls.pbs.org/index.m3u8
TV,iptv-org English,FNX KVCR-DT [Geo-blocked],OK,HLS playlist + segment reachable,0.23,https://castus-vod-dev.s3.amazonaws.com/vod_clients/kvcr/live/ch1/video.m3u8
TV,iptv-org English,For laekker til love,FAIL,HTTP 403,1.29,https://jmp2.uk/plu-6272511cb389bb0007b30b09.m3u8
TV,iptv-org English,Forsidefruer,FAIL,HTTP 403,0.91,https://jmp2.uk/plu-61c19dcefbb4b50007d242e1.m3u8
TV,iptv-org English,FORT TV (480p),OK,HLS playlist + segment reachable,0.41,https://fort.co-works.org/memfs/87017643-274a-4bc0-a786-7767a0d159c2.m3u8
TV,iptv-org English,Fortis TV,OK,HLS playlist + segment reachable,0.48,https://stream.fortistv.com/hls/fortis-news/index.m3u8
TV,iptv-org English,Foursquare TV (360p) [Not 24/7],UNVERIFIED,no route from test server (geo-lock/IPv6/timeout) - test on the TV box,0.07,https://webstreaming-3.viewmedia.tv/web_033/Stream/playlist.m3u8
TV,iptv-org English,Fox (United States) (720p),UNVERIFIED,no route from test server (geo-lock/IPv6/timeout) - test on the TV box,10.04,http://stream.cammonitorplus.net/1752/index.m3u8
TV,iptv-org English,Fox (United States) KBSI (720p) [Not 24/7],OK,HLS playlist + segment reachable,0.39,https://live.field59.com/kbsi/kbsi1/playlist.m3u8
TV,iptv-org English,Fox (United States) KCPQ (720p),OK,HLS playlist + segment reachable,0.13,https://aegis-cloudfront-1.tubi.video/cc394198-7bde-43e8-b186-875bc0eb3037/index.m3u8
TV,iptv-org English,Fox (United States) KDFW (1080p),OK,HLS playlist + segment reachable,1.01,https://cdn-uw2-prod.tsv2.amagi.tv/linear/amg00488-foxdigital-fox4dallaskdfw-vizious/playlist.m3u8
TV,iptv-org English,Fox (United States) KMPH-TV (1080p),FAIL,HTTP 503,0.52,https://linear-711.frequency.stream/dist/stirr/711/hls/master/playlist.m3u8
TV,iptv-org English,Fox (United States) KOKH-TV (1080p),FAIL,HTTP 503,0.53,https://linear-705.frequency.stream/dist/stirr/705/hls/master/playlist.m3u8
TV,iptv-org English,Fox (United States) KRIV (1080p),OK,HLS playlist + segment reachable,0.64,https://cdn-uw2-prod.tsv2.amagi.tv/linear/amg00488-foxdigital-kriv-lgus/playlist.m3u8
TV,iptv-org English,Fox (United States) KSAZ-TV (1080p),OK,HLS playlist + segment reachable,0.73,https://cdn-uw2-prod.tsv2.amagi.tv/linear/amg00488-foxdigital-ksaz-lgus/playlist.m3u8
TV,iptv-org English,Fox (United States) KTBC (1080p),OK,HLS playlist + segment reachable,0.75,https://cdn-uw2-prod.tsv2.amagi.tv/linear/amg00488-foxdigital-ktbc-lgus/playlist.m3u8
TV,iptv-org English,Fox (United States) KTTV (1080p),OK,HLS playlist + segment reachable,0.77,https://cdn-uw2-prod.tsv2.amagi.tv/linear/amg00488-foxdigital-fox11losangeleskttv-vizious/playlist.m3u8
TV,iptv-org English,Fox (United States) WBFF (1080p),OK,HLS playlist + segment reachable,0.37,https://linear-688.frequency.stream/dist/stirr/688/hls/master/playlist.m3u8
TV,iptv-org English,Fox (United States) West (720p),UNVERIFIED,no route from test server (geo-lock/IPv6/timeout) - test on the TV box,10.01,http://stream.cammonitorplus.net/1799/index.m3u8
TV,iptv-org English,Fox (United States) WFTX-TV (720p),OK,HLS playlist + segment reachable,0.67,https://content.uplynk.com/channel/8975f81e6efd4e609873c3e8e25c7756.m3u8
TV,iptv-org English,Fox (United States) WFXT (1080p) [Geo-blocked],OK,HLS playlist + segment reachable,1.47,https://pubads.g.doubleclick.net/ssai/event/1kItNgwtQUe54NjjBiiTGg/master.m3u8
TV,iptv-org English,Fox (United States) WHBQ-TV (1080p),OK,HLS playlist + segment reachable,0.46,https://cdn-uw2-prod.tsv2.amagi.tv/linear/amg02104-imagicommcommun-whbqbreaking-ono/playlist.m3u8
TV,iptv-org English,Fox (United States) WITI (1080p),OK,HLS playlist + segment reachable,0.66,https://cdn-uw2-prod.tsv2.amagi.tv/linear/amg00488-foxdigital-witi-lgus/playlist.m3u8
TV,iptv-org English,Fox (United States) WJBK (1080p),OK,HLS playlist + segment reachable,0.6,https://cdn-uw2-prod.tsv2.amagi.tv/linear/amg00488-foxdigital-fox2detroitwjbk-vizious/playlist.m3u8
TV,iptv-org English,Fox (United States) WNYW (1080p),OK,HLS playlist + segment reachable,0.69,https://cdn-uw2-prod.tsv2.amagi.tv/linear/amg00488-foxdigital-wnyw-lgus/playlist.m3u8
TV,iptv-org English,Fox (United States) WTTG (1080p),OK,HLS playlist + segment reachable,0.55,https://cdn-uw2-prod.tsv2.amagi.tv/linear/amg00488-foxdigital-fox5dcwttg-vizious/playlist.m3u8
TV,iptv-org English,Fox (United States) WTVT (1080p),OK,HLS playlist + segment reachable,0.65,https://cdn-uw2-prod.tsv2.amagi.tv/linear/amg00488-foxdigital-fox13tampabaywtvt-vizious/playlist.m3u8
TV,iptv-org English,Fox (United States) WTXF-TV (1080p),OK,HLS playlist + segment reachable,0.54,https://cdn-uw2-prod.tsv2.amagi.tv/linear/amg00488-foxdigital-fox29philadelphiawtx-vizious/playlist.m3u8
TV,iptv-org English,Fox (United States) WXXV-TV (720p),OK,HLS playlist + segment reachable,0.65,https://townnews.g-mana.live/media/c8c354e0-672f-4368-a17d-a862ee98af4a/main.m3u8
TV,iptv-org English,Fox Business Network (720p),FAIL,HTTP 404,0.23,http://5.254.89.106/6187/index.m3u8
TV,iptv-org English,Fox Deportes (720p),UNVERIFIED,no route from test server (geo-lock/IPv6/timeout) - test on the TV box,10.01,http://23.237.104.106:8080/USA_FOX_DEPORTES/index.m3u8
TV,iptv-org English,Fox Soul (1080p),OK,HLS playlist + segment reachable,0.33,https://foxsoul-vizio.amagi.tv/playlist.m3u8
TV,iptv-org English,Fox Sports 1 (720p),UNVERIFIED,no route from test server (geo-lock/IPv6/timeout) - test on the TV box,10.01,http://85.237.89.160:9590/usa-s/FOX-SPORTS-1/index.m3u8
TV,iptv-org English,Fox Weather (720p),OK,HLS playlist + segment reachable,0.2,https://247wlive.foxweather.com/stream/index.m3u8
TV,iptv-org English,Frasier (Sweden),FAIL,HTTP 403,0.9,https://jmp2.uk/plu-6400c095498393000878a634.m3u8
TV,iptv-org English,Frasier (United States),FAIL,HTTP 403,0.95,https://jmp2.uk/plu-62f4f90e39183b000769f12b.m3u8
TV,iptv-org English,Freebie TV (720p) [Not 24/7],FAIL,HTTP 504,0.39,https://d1h1d6qoy9vnra.cloudfront.net/v1/master/9d062541f2ff39b5c0f48b743c6411d25f62fc25/Freebie-Plex/187.m3u8
TV,iptv-org English,Freeform (720p),UNVERIFIED,no route from test server (geo-lock/IPv6/timeout) - test on the TV box,10.01,http://190.11.225.124:5000/live/freeform_hd/playlist.m3u8
TV,iptv-org English,Frusna Vagar,FAIL,HTTP 403,0.91,https://jmp2.uk/plu-61c19099bf8c520007a93cff.m3u8
TV,iptv-org English,FTF Sports (720p),OK,HLS playlist + segment reachable,0.17,https://1593604785.rsc.cdn77.org/FTF/FTF_SCTE.m3u8
TV,iptv-org English,Fubo Sports Network (1080p),OK,HLS playlist + segment reachable,0.29,https://dnf08l6u6uxnz.cloudfront.net/master.m3u8
TV,iptv-org English,FUEL TV (1080p),OK,HLS playlist + segment reachable,0.63,https://amg01074-fueltv-fueltvemeaen-rakuten-b6j62.amagi.tv/hls/amagi_hls_data_rakutenAA-fueltvemeaen/CDN/master.m3u8
TV,iptv-org English,FUEL TV AU (1080p),OK,HLS playlist + segment reachable,0.34,https://amg01074-fueltv-fueltvau-samsungau-g09kq.amagi.tv/playlist/amg01074-fueltv-fueltvau-samsungau/playlist.m3u8
TV,iptv-org English,FUEL TV US (1080p) [Geo-blocked],OK,HLS playlist + segment reachable,0.37,https://amg01074-fueltv-amg01074c1-firetv-us-3150.playouts.now.amagi.tv/playlist.m3u8
TV,iptv-org English,Fun Roads (720p),OK,HLS playlist + segment reachable,0.29,https://stream-us-east-1.getpublica.com/playlist.m3u8?network_id=978
TV,iptv-org English,FunBox UHD,FAIL,HTTP 403,0.75,https://webtvstream.bhtelecom.ba/funbox.m3u8
TV,iptv-org English,Funny AF,FAIL,HTTP 403,1.0,https://jmp2.uk/plu-580e87ff497c73ba2f321dd3.m3u8
TV,iptv-org English,Fuse (1080p),UNVERIFIED,no route from test server (geo-lock/IPv6/timeout) - test on the TV box,10.01,http://23.237.104.106:8080/USA_FUSE/index.m3u8
TV,iptv-org English,FX (United States) (1080p),UNVERIFIED,no route from test server (geo-lock/IPv6/timeout) - test on the TV box,10.01,http://23.237.104.106:8080/USA_FX/index.m3u8
TV,iptv-org English,FX (United States) East HD (720p),UNVERIFIED,no route from test server (geo-lock/IPv6/timeout) - test on the TV box,10.01,http://4.30.180.36:8420/fx/index.m3u8?token=test
TV,iptv-org English,G10TV (1080p),OK,application/vnd.apple.mpegurl,0.37,https://reflect-jacksonville.cablecast.tv/live-8/live/live.m3u8
TV,iptv-org English,Galveston County TV (720p) [Not 24/7],FAIL,HTTP 503,4.28,https://edge-f.swagit.com/live/galvestontx/smil:hd-16x9-1-a/playlist.m3u8
TV,iptv-org English,Galxy TV (720p),OK,HLS playlist + segment reachable,0.29,https://stream-us-east-1.getpublica.com/playlist.m3u8?network_id=2230
TV,iptv-org English,Game Show Central (720p),FAIL,HTTP 403,0.27,https://jmp2.uk/plu-5e54187aae660e00093561d6.m3u8
TV,iptv-org English,Game Show Network (720p) [Not 24/7],OK,HLS playlist + segment reachable,0.41,https://a-cdn.klowdtv.com/live2/gsn_720p/playlist.m3u8
TV,iptv-org English,Game+ (720p),OK,HLS playlist + segment reachable,0.46,https://a-cdn.klowdtv.com/live2/fntsy_720p/playlist.m3u8
TV,iptv-org English,Gametoon,FAIL,HTTP 403,0.76,https://webtvstream.bhtelecom.ba/gametoon.m3u8
TV,iptv-org English,GBS TV (720p) [Not 24/7],UNVERIFIED,no route from test server (geo-lock/IPv6/timeout) - test on the TV box,6.05,https://goliveafrica.media:9998/live/647460ac1ddd6/index.m3u8
TV,iptv-org English,GCN America (720p),OK,HLS playlist + segment reachable,1.0,http://liveen24-manminglobal3.ktcdn.co.kr/liveen24/gcnus_1300k.stream/playlist.m3u8
TV,iptv-org English,GCO.tv (1080p),FAIL,HTTP 502,0.67,https://reflect-golden-co.cablecast.tv/live-3/live/live.m3u8
TV,iptv-org English,Gem Shopping Network (720p),OK,HLS playlist + segment reachable,0.3,https://amg01460-gemshoppingnetw-gem-ono-x662c.amagi.tv/playlist.m3u8
TV,iptv-org English,Gems TV (720p),OK,HLS playlist + segment reachable,0.42,https://lo3.gemporia.com/abrgemporiaukgfx/smil:livestream.smil/playlist.m3u8
TV,iptv-org English,Genesis Science Network (720p),OK,HLS playlist + segment reachable,0.35,https://2-fss-1.streamhoster.com/pl_122/amlst:206018-2645902/playlist.m3u8
TV,iptv-org English,Geordie Shore (Germany) GB,FAIL,HTTP 403,0.93,https://jmp2.uk/plu-65c4960d11ced7000812c433.m3u8
TV,iptv-org English,Geordie Shore (Sweden),FAIL,HTTP 403,0.91,https://jmp2.uk/plu-64424be3e94c380008d0a66d.m3u8
TV,iptv-org English,Geordie Shore (Sweden) DK,FAIL,HTTP 403,0.92,https://jmp2.uk/plu-6442512cee6a2f0008d3351f.m3u8
TV,iptv-org English,Geordie Shore (Sweden) NO,FAIL,HTTP 403,0.96,https://jmp2.uk/plu-64424a1d5a0cd500083ed27c.m3u8
TV,iptv-org English,Ghost Dimension,FAIL,HTTP 403,0.96,https://jmp2.uk/plu-619e1bb3e9af5a0007f235ad.m3u8
TV,iptv-org English,Ghost Hunters (1080p),OK,HLS playlist + segment reachable,0.43,https://amg00353-amg00353c30-samsung-au-3440.playouts.now.amagi.tv/playlist.m3u8
TV,iptv-org English,Gillette Public Access Television Channel 189,OK,HLS playlist + segment reachable,0.3,https://securestream11.champds.com/LIVE/GilletteWYLIVE3/GilletteWYLIVE3.m3u8
TV,iptv-org English,Gillette Public Access Television Channel 190,OK,HLS playlist + segment reachable,0.32,https://securestream11.champds.com/LIVE/GilletteWYLIVE/GilletteWYLIVE.m3u8
TV,iptv-org English,Gillette Public Access Television Channel 192,OK,HLS playlist + segment reachable,0.28,https://securestream11.champds.com/LIVE/GilletteWYLIVE2/GilletteWYLIVE2.m3u8
TV,iptv-org English,Glendale 11 AZ (360p),OK,HLS playlist + segment reachable,0.23,https://edge-f.swagit.com/live/glendaleaz/live-1-a-1/playlist.m3u8
TV,iptv-org English,Glendale TV (720p) [Geo-blocked],OK,application/vnd.apple.mpegurl,0.66,https://reflect-gtv6-glendale.cablecast.tv/live-2/live/live.m3u8
TV,iptv-org English,Global Fashion Channel (1080p),OK,HLS playlist + segment reachable,0.47,https://pubgfc.teleosmedia.com/linear/globalfashionchannel/globalfashionchannel/playlist.m3u8
TV,iptv-org English,Global Trekker (720p),UNVERIFIED,no route from test server (geo-lock/IPv6/timeout) - test on the TV box,10.06,http://nmk.ioapk.com:5050/4gtv-live112/index.m3u8
TV,iptv-org English,GlobalWorldTV (720p),UNVERIFIED,no route from test server (geo-lock/IPv6/timeout) - test on the TV box,6.06,https://media.streambrothers.com:1936/8052/8052/playlist.m3u8
TV,iptv-org English,Glory Kickboxing Poland (720p),OK,HLS playlist + segment reachable,0.37,https://6f972d29.wurl.com/master/f36d25e7e52f1ba8d7e56eb859c636563214f541/UmFrdXRlblRWLWV1X0dsb3J5S2lja2JveGluZ19ITFM/playlist.m3u8
TV,iptv-org English,GNF TV (576p),FAIL,URLError: <urlopen error [SSL: CERTIFICATE_VERIFY_FAILED] certificate ,0.2,https://oqgdrb8my4rm-hls-live.5centscdn.com/GNF02/bcea197d8b00f79cb716c6288a861000.sdp/playlist.m3u8
TV,iptv-org English,GNN TV (1080p),OK,HLS playlist + segment reachable,0.22,https://na.linear.zype.com/bf94f9f4-383c-40e0-9d49-279a4f33ab8d/f29b8836-d990-4c8d-b421-192a8f43edc4-zype/live.m3u8
TV,iptv-org English,God Stands TV,UNVERIFIED,no route from test server (geo-lock/IPv6/timeout) - test on the TV box,6.07,https://online.godstands.tv:5443/WebRTCApp/streams/mainlive.m3u8
TV,iptv-org English,God Stands TV English,UNVERIFIED,no route from test server (geo-lock/IPv6/timeout) - test on the TV box,6.09,https://online.godstands.tv:5443/WebRTCApp/streams/EnglishStreaming.m3u8
TV,iptv-org English,GOD TV (576p),OK,HLS playlist + segment reachable,0.62,https://fl-dvr.iptvcdn.tv/chid_1/playlist.m3u8
TV,iptv-org English,God's Learning Channel KPCB-DT (480p),OK,HLS playlist + segment reachable,0.36,https://2-fss-1.streamhoster.com/pl_122/200562-1176456-1/playlist.m3u8
TV,iptv-org English,Golazo Network (720p),FAIL,HTTP 403,0.91,https://jmp2.uk/plu-63a0e33a45264d000850ed7e.m3u8
TV,iptv-org English,GoodLife 45 (720p) [Not 24/7],OK,HLS playlist + segment reachable,0.58,https://2-fss-2.streamhoster.com/pl_118/201450-1248872-1/playlist.m3u8
TV,iptv-org English,GoodNews TV (720p),OK,HLS playlist + segment reachable,4.12,https://bpgdlwwar3ze-hls-live.wmncdn.net/goodnews/live.stream/playlist.m3u8
TV,iptv-org English,Gordon Ramsay's Hell's Kitchen (720p),OK,HLS playlist + segment reachable,0.41,https://aegis-cloudfront-1.tubi.video/c8364f36-c60b-4a39-8d86-0b92db4611c0/index.m3u8
TV,iptv-org English,Gospel Truth TV (1080p),OK,HLS playlist + segment reachable,0.18,https://na.linear.zype.com/bf94f9f4-383c-40e0-9d49-279a4f33ab8d/f29b8836-d990-4c8d-b421-192a8f43edc4-zype/manifest.m3u8
TV,iptv-org English,GoTraveler (720p) [Geo-blocked],OK,HLS playlist + segment reachable,0.4,https://amg09501-amg09501c1-klowdtv-us-2398.playouts.now.amagi.tv/playlist/amg09501-quester-gotraveler-klowdtvus/playlist.m3u8
TV,iptv-org English,Government TV 16 (720p),OK,HLS playlist + segment reachable,0.46,https://livestream.telvue.com/nashuanh3/f7b44cfafd5c52223d5498196c8a2e7b.sdp/playlist.m3u8
TV,iptv-org English,Grace Network (720p),OK,HLS playlist + segment reachable,0.43,https://livecdn.live247stream.com/grace/tv/playlist.m3u8
TV,iptv-org English,Great Commission TV,OK,HLS playlist + segment reachable,0.94,https://stream-server9-jupiter.muxlive.com/hls/gctvghana/index.m3u8
TV,iptv-org English,Great Entertainment Television (720p),OK,HLS playlist + segment reachable,0.58,https://a-cdn.klowdtv.com/live2/greattv_720p/playlist.m3u8
TV,iptv-org English,Greater Love TV (720p),OK,HLS playlist + segment reachable,0.26,https://rpn.bozztv.com/dvrfl04/itv04019/index.m3u8
TV,iptv-org English,Greensboro TV (720p),UNVERIFIED,no route from test server (geo-lock/IPv6/timeout) - test on the TV box,0.09,https://lin12.isilive.ca/live/greensboro/GTN/index.m3u8
TV,iptv-org English,Grit Xtra (1080p),OK,HLS playlist + segment reachable,0.57,https://cdn-uw2-prod.tsv2.amagi.tv/linear/amg01438-ewscrippscompan-gritxtra-tablo/playlist.m3u8
TV,iptv-org English,GS Shop (1080p),UNVERIFIED,no route from test server (geo-lock/IPv6/timeout) - test on the TV box,7.44,https://gstv-gsshop.gsshop.com/gsshop_hd/gsshop_hd.stream/playlist.m3u8
TV,iptv-org English,GTN Canada (1080i) [Geo-blocked],PARTIAL,"playlist OK, segment failed: HTTP Error 403: Forbidden",1.4,https://streamer12.vdn.dstreamone.net/carishowtime/showtime/chunks.m3u8
TV,iptv-org English,GTN TV (1080p) [Not 24/7],UNVERIFIED,no route from test server (geo-lock/IPv6/timeout) - test on the TV box,6.05,https://goliveafrica.media:9998/live/644e07abdc1d3/index.m3u8
TV,iptv-org English,GTV (Ghana) (540p),FAIL,HTTP 403,0.23,https://g2qd3exjy7an-hls-live.5centscdn.com/gtvghana/ghanaweb.stream/playlist.m3u8
TV,iptv-org English,Guadalupe Media (720p),OK,HLS playlist + segment reachable,0.29,https://streamer1.nexgen.bz/GUADALUPE_MEDIA/index.m3u8
TV,iptv-org English,Gugudde TV (480p),FAIL,URLError: <urlopen error [SSL: CERTIFICATE_VERIFY_FAILED] certificate ,0.22,https://jk3lzqq4lw79-hls-live.5centscdn.com/gugudde/c9a1fdac6e082dd89e7173244f34d7b3.sdp/chunks.m3u8
TV,iptv-org English,Gunsmoke,FAIL,HTTP 403,0.27,https://jmp2.uk/plu-60f75771dfc72a00071fd0e0.m3u8
TV,iptv-org English,Gustav & Linse pa udebane,FAIL,HTTP 403,1.01,https://jmp2.uk/plu-69c290eeed1b1f1acb446dd8.m3u8
TV,iptv-org English,Gusto TV (1080p),OK,HLS playlist + segment reachable,0.2,https://e75fc053c0d2406fb74cdd71d77e1a7f.mediatailor.us-east-1.amazonaws.com/v1/master/f4e8c53a8367a5b58e20ce054ea3ce25a3e904d3/RakutenTV-eu_GustoTV/playlist.m3u8
TV,iptv-org English,Hala London (1080p),OK,HLS playlist + segment reachable,0.76,https://halalondon-live.ercdn.net/halalondon/halalondon.m3u8
TV,iptv-org English,Hallmark Channel (1080p),UNVERIFIED,no route from test server (geo-lock/IPv6/timeout) - test on the TV box,10.01,http://23.237.104.106:8080/USA_HALLMARK/index.m3u8
TV,iptv-org English,Happy Days (Sweden),FAIL,HTTP 403,0.92,https://jmp2.uk/plu-654a52254d6d8f00084eacfc.m3u8
TV,iptv-org English,Happy Days (Sweden) DK,FAIL,HTTP 403,0.91,https://jmp2.uk/plu-654a4e29ab05240008a18625.m3u8
TV,iptv-org English,Happy Days (Sweden) NO,FAIL,HTTP 403,0.92,https://jmp2.uk/plu-654a508d986ad20008a456a5.m3u8
TV,iptv-org English,Happy Days (United States),FAIL,HTTP 403,0.28,https://jmp2.uk/plu-5f7794162a4559000781fc12.m3u8
TV,iptv-org English,Happy Days (United States) CA,FAIL,HTTP 403,0.94,https://jmp2.uk/plu-62e917b5e354cf0007b97a67.m3u8
TV,iptv-org English,Hard Knocks (1080p),FAIL,HTTP 404,0.42,https://d3uyzhwvmemdyf.cloudfront.net/v1/master/9d062541f2ff39b5c0f48b743c6411d25f62fc25/Hard-Knocks-DistroTV/109.m3u8?ads.vf=6pOF6kgy418
TV,iptv-org English,Hard Knocks Fighting Championship,OK,HLS playlist + segment reachable,0.2,https://d39g1vxj2ef6in.cloudfront.net/v1/master/3fec3e5cac39a52b2132f9c66c83dae043dc17d4/prod-rakuten-stitched/master.m3u8?ads.xumo_channelId=88883037
TV,iptv-org English,Harvest USA (576p),OK,HLS playlist + segment reachable,3.39,https://7mbd4ogkr3gx-hls-live.wmncdn.net/harvestusa/d57ffba6564caea2fee3f4085f19a098.sdp/playlist.m3u8
TV,iptv-org English,HauntTV (1080p),OK,HLS playlist + segment reachable,0.37,https://amg01446-blueantmediacan-haunttvaussam-samsungau-vcnai.amagi.tv/playlist/amg01446-blueantmediacan-haunttvaussam-samsungau/playlist.m3u8
TV,iptv-org English,HauntTV CA (720p),FAIL,HTTP 403,0.9,https://jmp2.uk/plu-63934c218ef524000757b122.m3u8
TV,iptv-org English,HBTV (720p),OK,HLS playlist + segment reachable,0.66,https://reflect-huntingtonbeach.cablecast.tv/live-4/live/stream-1/live.m3u8
TV,iptv-org English,HCTV Educational Access Channel,OK,HLS playlist + segment reachable,0.46,https://reflect-hudsonctv.cablecast.tv/live-26/live/stream-1/live.m3u8
TV,iptv-org English,HCTV Government Channel,OK,HLS playlist + segment reachable,0.35,https://reflect-hudsonctv.cablecast.tv/live-26/live/stream-2/live.m3u8
TV,iptv-org English,HCTV Public Access Channel,OK,HLS playlist + segment reachable,0.4,https://reflect-hudsonctv.cablecast.tv/live-26/live/stream-5/live.m3u8
TV,iptv-org English,Heartland (720p),OK,HLS playlist + segment reachable,0.23,https://2-fss-2.streamhoster.com/pl_120/201950-2724904-1/playlist.m3u8
TV,iptv-org English,Heartland Web,FAIL,HTTP 403,0.3,https://jmp2.uk/plu-61f07513227feb00073ee6bc.m3u8
TV,iptv-org English,Heaven Bound TV (480p) [Not 24/7],UNVERIFIED,no route from test server (geo-lock/IPv6/timeout) - test on the TV box,6.06,https://goliveafrica.media:9998/live/62580b337c021/index.m3u8
TV,iptv-org English,Hell's Kitchen (1080p),OK,HLS playlist + segment reachable,0.47,https://amg00654-itv-amg00654c1-samsung-au-1072.playouts.now.amagi.tv/itv-hellskitchen-samsung/playlist.m3u8
TV,iptv-org English,HGPTV (720p) [Not 24/7],FAIL,HTTP 404,0.2,https://cdn-us-east-prod-ingest-infra-dacast-com.akamaized.net/8424fb7f-99a9-87ae-3861-f0620849d11c/source/index.m3u8
TV,iptv-org English,Hi Dost! (720p),OK,HLS playlist + segment reachable,0.86,https://cdn.pishow.tv/ott/live/224/master.m3u8
TV,iptv-org English,Hi-YAH! (1080p),OK,HLS playlist + segment reachable,0.6,https://linear-59.frequency.stream/dist/plex/59/hls/master/playlist.m3u8
TV,iptv-org English,Highway to Heaven,FAIL,HTTP 403,0.88,https://jmp2.uk/plu-68bff9a63efb41cd97562e46.m3u8
TV,iptv-org English,Hillsborough TV (360p),OK,HLS playlist + segment reachable,0.59,https://cdn3.wowza.com/5/M0lyamVmM2JWcjhQ/hillsboroughcounty/G2155_002/playlist.m3u8
TV,iptv-org English,His Glory TV (1080p),OK,HLS playlist + segment reachable,0.21,https://customer-6itfaqopbksp5p0q.cloudflarestream.com/3972e89fb79bf6d6dd2a16c75455087a/manifest/video.m3u8
TV,iptv-org English,His Grace TV (480p) [Not 24/7],UNVERIFIED,no route from test server (geo-lock/IPv6/timeout) - test on the TV box,6.06,https://goliveafrica.media:9998/live/6593c35f9c090/index.m3u8
TV,iptv-org English,HKTV (1080p) [Geo-blocked],OK,application/vnd.apple.mpegurl,0.4,https://reflect-hktv.cablecast.tv/live-3/live/live.m3u8
TV,iptv-org English,HLC TV (480p) [Not 24/7],UNVERIFIED,no route from test server (geo-lock/IPv6/timeout) - test on the TV box,6.05,https://goliveafrica.media:9998/live/627d06e001aaf/index.m3u8
TV,iptv-org English,Hobby Maker (720p),OK,HLS playlist + segment reachable,0.45,https://lo3.gemporia.com/abrhobbymakerukgfx/smil:livestreamFullHD.smil/playlist.m3u8
TV,iptv-org English,Hogan's Heroes,FAIL,HTTP 403,0.89,https://jmp2.uk/plu-68939e206727ec919bb39061.m3u8
TV,iptv-org English,Hogspanning,FAIL,HTTP 403,0.92,https://jmp2.uk/plu-6537abf42cf1310008441686.m3u8
TV,iptv-org English,Home.Made.Nation (720p),FAIL,HTTP 403,0.93,https://jmp2.uk/plu-5dc1cb279c91420009db261d.m3u8
TV,iptv-org English,Homebase TV (480p),OK,HLS playlist + segment reachable,0.61,https://viewmedia7219.bozztv.com/wmedia/viewmedia100/web_022/Stream/playlist.m3u8
TV,iptv-org English,Homeful US (1080p),OK,HLS playlist + segment reachable,0.33,https://amg00090-blueantcanada-amg00090c4-samsung-au-819.playouts.now.amagi.tv/playlist/amg00090-blueantfast-homefulworldwide-samsungau/playlist.m3u8
TV,iptv-org English,Homes Under Hammer (720p),OK,HLS playlist + segment reachable,0.28,https://all3media-homes-under-the-hammer-1-au.samsung.wurl.tv/playlist.m3u8
TV,iptv-org English,Homicide Hunter,FAIL,HTTP 404,0.82,https://jmp2.uk/plu-619e21b213ef6b0007d8c17a.m3u8
TV,iptv-org English,Hong Kong International Business Channel (1080p) [Geo-blocked],FAIL,HTTP 403,0.28,https://hoytv-live-stream.hoy.tv/ch76/index-fhd.m3u8
TV,iptv-org English,Hope4Life TV (720p),UNVERIFIED,no route from test server (geo-lock/IPv6/timeout) - test on the TV box,6.13,http://144.217.14.88/hls/hope4life.m3u8
TV,iptv-org English,Hope Channel Africa (1080p),OK,HLS playlist + segment reachable,0.58,https://jstre.am/live/jsl:i1onRBELcGV.m3u8
TV,iptv-org English,Hope Channel Australia (1080p),PARTIAL,unknown content-type text/plain,0.46,https://videodelivery.net/9fb3596948ddf463fde0ec4b85625b24/manifest/video.m3u8
TV,iptv-org English,Hope Channel Ghana (480p),PARTIAL,unknown content-type text/plain,0.41,https://videodelivery.net/dfbdca87f2a6291aa4fdc8fe3290769b/manifest/video.m3u8
TV,iptv-org English,Hope Channel India (576p),OK,HLS playlist + segment reachable,1.3,https://mumt01.tangotv.in/O5aw8Zn3HOPECHANNELINDIA/index.m3u8
TV,iptv-org English,Hope Channel Inter-America English (1080p),OK,HLS playlist + segment reachable,0.56,https://jstre.am/live/jsl:UP9KAdlVrm8.m3u8
TV,iptv-org English,Hope Channel International (1080p),OK,HLS playlist + segment reachable,0.54,https://jstre.am/live/jsl:cZXINbwrFj6.m3u8
TV,iptv-org English,Hope Channel North America (1080p),OK,HLS playlist + segment reachable,0.45,https://jstre.am/live/jsl:0sUSK6VA7GT.m3u8
TV,iptv-org English,Hope Channel Philippines (1080p),UNVERIFIED,no route from test server (geo-lock/IPv6/timeout) - test on the TV box,10.39,https://jstre.am/live/jsl:nX5eC7gQvZb.m3u8
TV,iptv-org English,Horse & Country TV (1080p),OK,HLS playlist + segment reachable,0.31,https://hnc-free-viewlift.amagi.tv/HNC_AUSTRALIA.m3u8
TV,iptv-org English,Hosanna TV Global,UNVERIFIED,no route from test server (geo-lock/IPv6/timeout) - test on the TV box,6.06,https://ktismaservers.in:3349/live/hosannatvlive.m3u8
TV,iptv-org English,Hot Bench (720p),FAIL,HTTP 403,0.55,https://jmp2.uk/plu-6036e6e7ac69c400072afca2.m3u8
TV,iptv-org English,House of Lies,FAIL,HTTP 403,0.91,https://jmp2.uk/plu-693ae6bf0ddf7d2a40b7fd35.m3u8
TV,iptv-org English,House of Lies DK,FAIL,HTTP 403,0.95,https://jmp2.uk/plu-693ae62a43fe00a023e76e0d.m3u8
TV,iptv-org English,House of Lies NO,FAIL,HTTP 403,0.95,https://jmp2.uk/plu-693ae65fab5959c036fa6c1e.m3u8
TV,iptv-org English,HSN2 (720p),OK,HLS playlist + segment reachable,0.23,https://qvc-amd-live.akamaized.net/hls/live/2034113/lshsn2us/master.m3u8
TV,iptv-org English,HSN (720p),OK,HLS playlist + segment reachable,0.28,https://qvc-amd-live.akamaized.net/hls/live/2034113/lshsn1us/master.m3u8
TV,iptv-org English,HSN West (720p),OK,HLS playlist + segment reachable,0.3,https://qvc-amd-live.akamaized.net/hls/live/2034113/lshsn1uswest/master.m3u8
TV,iptv-org English,HSTV (720p),FAIL,HTTP 404,0.49,https://live.castmaxcloud.com/live/hstv.m3u8
TV,iptv-org English,HTV 1 Houston Television (720p),OK,HLS playlist + segment reachable,0.25,https://stream.swagit.com/live-edge/houstontx/smil:hd-16x9-2-a/playlist.m3u8
TV,iptv-org English,HTV 2 Houston Television (720p),OK,HLS playlist + segment reachable,0.26,https://stream.swagit.com/live-edge/houstontx/smil:hd-16x9-2-b/playlist.m3u8
TV,iptv-org English,Huda TV (720p) [Not 24/7],UNVERIFIED,no route from test server (geo-lock/IPv6/timeout) - test on the TV box,6.06,https://cdn.bestream.io:19360/elfaro1/elfaro1.m3u8
TV,iptv-org English,Humor Mill (1080p),FAIL,HTTP 404,0.39,https://damkf751d85s1.cloudfront.net/v1/master/9d062541f2ff39b5c0f48b743c6411d25f62fc25/HumorMill-DistroTV/152.m3u8?ads.vf=3I7CXmxz7vK
TV,iptv-org English,Hungry (720p),OK,HLS playlist + segment reachable,0.43,https://dos35knl8v49a.cloudfront.net/v1/food/samsungheadend_us/latest/main/hls/playlist.m3u8
TV,iptv-org English,I Love Lucy,FAIL,HTTP 403,0.27,https://jmp2.uk/plu-634f3011f4fff20007431641.m3u8
TV,iptv-org English,I Love Lucy CA,FAIL,HTTP 403,0.26,https://jmp2.uk/plu-63a2f1dda0d69700078b7cba.m3u8
TV,iptv-org English,IBN TV (480p),UNVERIFIED,no route from test server (geo-lock/IPv6/timeout) - test on the TV box,10.01,http://138.68.138.119:8080/live/5a8993709ea19/index.m3u8
TV,iptv-org English,IBN TV Africa (720p),UNVERIFIED,no route from test server (geo-lock/IPv6/timeout) - test on the TV box,10.01,http://68.183.41.209:8080/live/5d9a537c64b9c/index.m3u8
TV,iptv-org English,iCarly (United States) SD,FAIL,HTTP 403,0.3,https://jmp2.uk/plu-6450209d939a5900084dba1d.m3u8
TV,iptv-org English,Ici Radio-Canada Tele CBXFT-DT [Geo-blocked],FAIL,HTTP 403,0.23,https://rcavlive.akamaized.net/hls/live/704020/cancbxft/master.m3u8
TV,iptv-org English,Ici Radio-Canada Tele CFHD-DT (720p),OK,HLS playlist + segment reachable,0.36,https://amdici.akamaized.net/hls/live/873426/ICI-Live-Stream/master.m3u8
TV,iptv-org English,ICTV (Kenya) (480p) [Not 24/7],UNVERIFIED,no route from test server (geo-lock/IPv6/timeout) - test on the TV box,6.06,https://goliveafrica.media:9998/live/659a7f33bed3f/index.m3u8
TV,iptv-org English,Ignite Television (1080p) [Not 24/7],PARTIAL,"playlist OK, segment failed: HTTP Error 403: Forbidden",0.28,https://rpn.bozztv.com/ignitelive/ignitetv/ignitetv/tracks-v1a1/mono.m3u8
TV,iptv-org English,iHolyfield TV WHPS-CD,OK,HLS playlist + segment reachable,0.23,https://f-tx-edge-87.christianworldmedia.com/313watkins/mp4:313watkins/playlist.m3u8
TV,iptv-org English,IIPC TV (720p),OK,HLS playlist + segment reachable,0.37,https://rpn.bozztv.com/dvrfl03/iipctv/index.m3u8
TV,iptv-org English,Imam Hussein TV 3 (1080p),OK,HLS playlist + segment reachable,1.07,http://en.imamhossaintv.com/live/ih3.m3u8
TV,iptv-org English,Impact Network (720p),OK,HLS playlist + segment reachable,0.27,https://edge1.lifestreamcdn.com/live/impactroku1/index.m3u8
TV,iptv-org English,Impossible Quiz Show (1080p),OK,HLS playlist + segment reachable,0.44,https://bbc-impossible-1-us.roku.wurl.tv/playlist.m3u8
TV,iptv-org English,In the Kitchen (720p),OK,HLS playlist + segment reachable,0.23,https://qvc-amd-live.akamaized.net/hls/live/2034113/lsqvc4us/master.m3u8
TV,iptv-org English,INC Radio (1080p),OK,HLS playlist + segment reachable,0.43,https://stream-243529.castr.net/6842a712b68c56f675d988f1/live_b60a96e056fc11f084c05f5d0649296b/rewind-1800.m3u8
TV,iptv-org English,INFAST (1080p),OK,HLS playlist + segment reachable,0.39,https://amg00861-terninternation-lifestyle-samsungau-kdlyy.amagi.tv/playlist/amg00861-terninternation-lifestyle-samsungau/playlist.m3u8
TV,iptv-org English,Inooro TV,OK,HLS playlist + segment reachable,0.34,https://live-onesignal.royalmedia.co.ke/live/T-MxRsFebq6zx7k2QFMbLw.m3u8
TV,iptv-org English,Insayt TV (2160p),OK,HLS playlist + segment reachable,0.63,https://stream8.cinerama.uz/1416/tracks-v1a1/mono.m3u8
TV,iptv-org English,Inside Crime (1080p),OK,HLS playlist + segment reachable,0.55,https://aenetworks-insidecrime-rakuten.amagi.tv/playlist.m3u8
TV,iptv-org English,INTRAVEL (1080p),OK,HLS playlist + segment reachable,0.28,https://amg00861-amg00861c10-rakuten-uk-3152.playouts.now.amagi.tv/playlist.m3u8
TV,iptv-org English,InTrouble (1080p),OK,HLS playlist + segment reachable,0.63,https://amg00861-amg00861c6-stirr-us-8229.playouts.now.amagi.tv/playlist.m3u8
TV,iptv-org English,Investiga US,FAIL,HTTP 403,0.93,https://jmp2.uk/plu-5cf96b8f4f1ca3f0629f4bf1.m3u8
TV,iptv-org English,InWonder (1080p),OK,HLS playlist + segment reachable,0.3,https://amg00861-terninternation-inwonder-samsungau-1k63k.amagi.tv/playlist/amg00861-terninternation-inwonder-samsungau/playlist.m3u8
TV,iptv-org English,ION Plus (1080p),OK,HLS playlist + segment reachable,0.55,https://cdn-uw2-prod.tsv2.amagi.tv/linear/amg01438-ewscrippscompan-ionplus-tablo/playlist.m3u8
TV,iptv-org English,ION TV (720p),UNVERIFIED,no route from test server (geo-lock/IPv6/timeout) - test on the TV box,10.01,http://23.237.104.106:8080/USA_ION/index.m3u8
TV,iptv-org English,Iqraa Africa & Europe (1080p),OK,HLS playlist + segment reachable,0.42,https://playlist.fasttvcdn.com/pl/dlkqw1ftuvuuzkcb4pxdcg/Iqraafasttv1/playlist.m3u8
TV,iptv-org English,Iqraa Quran (1080p),OK,HLS playlist + segment reachable,0.47,https://playlist.fasttvcdn.com/pl/dlkqw1ftuvuuzkcb4pxdcg/Iqraafasttv2/playlist.m3u8
TV,iptv-org English,Iris [Geo-blocked],UNVERIFIED,no route from test server (geo-lock/IPv6/timeout) - test on the TV box,0.08,https://live3-mediaset-it.akamaized.net/Content/hls_h0_clr_vos/live/channel(ki)/index.m3u8
TV,iptv-org English,Iris HD (1080p),FAIL,HTTP 403,0.44,https://live02-seg.msf.cdn.mediaset.net/live/ch-ki/ki-clr.isml/index.m3u8
TV,iptv-org English,Iron Chef,FAIL,HTTP 403,0.93,https://jmp2.uk/plu-6582f8dadfed030008e5a93d.m3u8
TV,iptv-org English,Isaac TV (720p),PARTIAL,"playlist OK, segment failed: HTTP Error 404: Not Found",0.48,https://livecdn.live247stream.com/isaac/tv/playlist.m3u8
TV,iptv-org English,Islam Channel (576p) [Not 24/7],FAIL,URLError: <urlopen error [SSL: CERTIFICATE_VERIFY_FAILED] certificate ,0.2,https://live.islamchannel.tv/live11/islamtv_english/bitrate1.isml/live.m3u8
TV,iptv-org English,Island Luck TV,UNVERIFIED,no route from test server (geo-lock/IPv6/timeout) - test on the TV box,10.11,https://cdn3.wowza.com/5/dFA0TmRpeFdNVXhT/NetUp/ILTV.stream/playlist.m3u8
TV,iptv-org English,It Is Written TV (1080p),OK,HLS playlist + segment reachable,0.3,https://itiswrittentv.akamaized.net/xR8gyATuHMVx69u9G79DXnpNRL/playlist.m3u8
TV,iptv-org English,It's Supernatural! Network (1080p),OK,HLS playlist + segment reachable,0.38,https://content.uplynk.com/channel/b880a791bf95426d917a509e0c44796a.m3u8
TV,iptv-org English,ITV2 HD (1080p),FAIL,returned HTML page (geo-block / dead),0.4,https://xemzi.short.gy/1000012
TV,iptv-org English,JAG (Sweden),FAIL,HTTP 403,0.92,https://jmp2.uk/plu-654a515f986ad20008a4593b.m3u8
TV,iptv-org English,JAG (Sweden) DK,FAIL,HTTP 403,0.93,https://jmp2.uk/plu-654a4ab92c1d330008657ae5.m3u8
TV,iptv-org English,JAG (Sweden) NO,FAIL,HTTP 403,0.88,https://jmp2.uk/plu-654a4fc753fc9700083ae79f.m3u8
TV,iptv-org English,JAG (United States),FAIL,HTTP 403,0.92,https://jmp2.uk/plu-66a105f4a79dea0008aa5e0f.m3u8
TV,iptv-org English,Jamaica Online TV (1080p) [Not 24/7],UNVERIFIED,no route from test server (geo-lock/IPv6/timeout) - test on the TV box,0.28,https://tvsw7-hls.secdn.net/tvsw7-chorigin/play/prod-bb11dd0e11ca45229a3f58aeff5213d8/playlist.m3u8
TV,iptv-org English,Jamaica Travel Channel (720p),FAIL,HTTP 404,0.27,https://stream-207076.castr.net/651b2d8bde8119abf5dabf19/live_2e935360c78c11eea7a2615e1a7388f3/index.m3u8
TV,iptv-org English,JBS (720p),PARTIAL,"playlist OK, segment failed: HTTP Error 403: Forbidden",0.35,https://rpn3.bozztv.com/jbstv-srt/srt-push/jbstv/playlist.m3u8
TV,iptv-org English,JCM TV (720p) [Not 24/7],UNVERIFIED,no route from test server (geo-lock/IPv6/timeout) - test on the TV box,6.05,https://goliveafrica.media:9998/live/646c92d07b16c/index.m3u8
TV,iptv-org English,Jersey Shore (Sweden),FAIL,HTTP 403,0.93,https://jmp2.uk/plu-64424c1be94c380008d0a98c.m3u8
TV,iptv-org English,Jersey Shore (Sweden) DK,FAIL,HTTP 403,0.91,https://jmp2.uk/plu-6442508e5a0cd500083edd3c.m3u8
TV,iptv-org English,Jersey Shore (Sweden) NO,FAIL,HTTP 403,0.9,https://jmp2.uk/plu-64424b21e1979c0008379681.m3u8
TV,iptv-org English,Jersey Shore (United States),FAIL,HTTP 403,0.27,https://jmp2.uk/plu-609bfa51fbecc1000733152e.m3u8
TV,iptv-org English,Jersey Shore Family Vacation,FAIL,HTTP 403,0.91,https://jmp2.uk/plu-6728c8b45534bb0008b31f35.m3u8
TV,iptv-org English,Jersey Shore Family Vacation DK,FAIL,HTTP 403,0.92,https://jmp2.uk/plu-6728c831c7626f0008b28127.m3u8
TV,iptv-org English,Jersey Shore Family Vacation NO,FAIL,HTTP 403,0.61,https://jmp2.uk/plu-6728c87cc7626f0008b28149.m3u8
TV,iptv-org English,Jewelry TV 2 (720p),OK,HLS playlist + segment reachable,0.8,https://cdn.jwplayer.com/live/broadcast/0rrJ3kkM.m3u8
TV,iptv-org English,Jewelry TV (720p),OK,HLS playlist + segment reachable,0.79,https://content.jwplatform.com/live/broadcast/oe7UD7Ag.m3u8
TV,iptv-org English,Jewish Life Television (1080p),OK,HLS playlist + segment reachable,0.32,https://jlt-jltv-strimm.otteravision.com/jlt/jltv/jltv.m3u8
TV,iptv-org English,Joel Osteen Network (1080p),OK,HLS playlist + segment reachable,0.37,https://linear-860.frequency.stream/dist/xumo/860/hls/master/playlist.m3u8
TV,iptv-org English,Johnny Carson TV (720p),OK,HLS playlist + segment reachable,0.3,https://aegis-cloudfront-1.tubi.video/475550ae-8708-46a5-a7c3-54acb3d91480/playlist.m3u8
TV,iptv-org English,Joshua TV (720p),OK,HLS playlist + segment reachable,0.42,https://livecdn.live247stream.com/joshua/tv/playlist.m3u8
TV,iptv-org English,Journy (720p),OK,HLS playlist + segment reachable,0.47,https://d3s3a5c7f101eb.cloudfront.net/playlist.m3u8
TV,iptv-org English,JTBS Classic,OK,HLS playlist + segment reachable,4.28,https://jtbsclassic.dpdns.org/live.m3u8
TV,iptv-org English,Judge Judy (Germany),FAIL,HTTP 403,0.91,https://jmp2.uk/plu-622f498d119b4c000719c0b7.m3u8
TV,iptv-org English,Judge Judy (Sweden),FAIL,HTTP 403,0.89,https://jmp2.uk/plu-6380c4ab81c8d2000790fbf3.m3u8
TV,iptv-org English,Judge Judy (Sweden) DK,FAIL,HTTP 403,0.94,https://jmp2.uk/plu-6380c36389eccc000858c50f.m3u8
TV,iptv-org English,Judge Judy (Sweden) NO,FAIL,HTTP 403,0.6,https://jmp2.uk/plu-6380c428dd0f47000799907c.m3u8
TV,iptv-org English,Judge Nosey (1080p),OK,HLS playlist + segment reachable,0.31,https://amg00514-noseybaxterllc-realnosey-cineverse-tqbpv.amagi.tv/playlist/amg00514-noseybaxterllc-realnosey-cineverse/playlist.m3u8
TV,iptv-org English,Just for Laughs Gags (1080p),OK,HLS playlist + segment reachable,1.09,https://streams2.sofast.tv/ptnr-yupptv/title-JUST_FOR_LAUGHS_GAGS_YUPPTV/v1/master/611d79b11b77e2f571934fd80ca1413453772ac7/2790d143-5874-4146-bf91-9063c52b2f15/manifest.m3u8
TV,iptv-org English,K24 (1080p),OK,application/vnd.apple.mpegurl,1.01,https://livecdn.premiumfree.tv/afxpstr/K24Backup/index.m3u8
TV,iptv-org English,K-Content by CJ ENM (1080p),OK,HLS playlist + segment reachable,0.38,https://d2q0mzb9bm4w5z.cloudfront.net/68fee8e1_605a_437b_b968_244c3c0d5f24/hls/playlist.m3u8
TV,iptv-org English,Kaloopy TV (1080p),OK,HLS playlist + segment reachable,0.42,https://streamingserver000.viewtv.cloud/VIEWTVNETWORK-KALOOPY/index.m3u8
TV,iptv-org English,Kantipur TV,UNVERIFIED,no route from test server (geo-lock/IPv6/timeout) - test on the TV box,6.18,https://ktvhdsg.ekantipur.com:8443/high_quality_85840165/hd/kantipurtv/hd_1080/chunks.m3u8
TV,iptv-org English,Kass TV (720p) [Not 24/7],UNVERIFIED,no route from test server (geo-lock/IPv6/timeout) - test on the TV box,6.06,https://goliveafrica.media:9998/live/62f643cdca8cf/index.m3u8
TV,iptv-org English,KBEV (1080p),FAIL,HTTP 403,0.29,https://s3-us-west-2.amazonaws.com/beverly-hills-high-school.castus-vod/live/ch1/video.m3u8
TV,iptv-org English,KBRI-8 (720p),OK,application/vnd.apple.mpegurl,0.37,https://brightonco.cablecast.tv/live-4/live/live.m3u8
TV,iptv-org English,KBS World (720p),OK,HLS playlist + segment reachable,0.63,https://stream8.cinerama.uz/1448/playlist.m3u8
TV,iptv-org English,KBSV 23.1 (720p) [Not 24/7],OK,HLS playlist + segment reachable,0.1,http://66.242.170.53/hls/live/temp/index.m3u8
TV,iptv-org English,KC2 (720p) [Not 24/7],UNVERIFIED,no route from test server (geo-lock/IPv6/timeout) - test on the TV box,10.01,http://197.243.19.131:1935/kc2/kc2/chunklist.m3u8
TV,iptv-org English,KCAT (1080p),OK,application/vnd.apple.mpegurl,0.73,https://reflect-kcat-live.cablecast.tv/live-2/live/live.m3u8
TV,iptv-org English,Kentucky Educational Television WKMJ-TV (480p),PARTIAL,empty HLS playlist,0.16,https://2-fss-1.streamhoster.com/pl_122/amlst:200914-2942150/playlist.m3u8
TV,iptv-org English,Kentucky Educational Television WKPC-TV (480p),PARTIAL,empty HLS playlist,0.22,https://2-fss-2.streamhoster.com/pl_132/amlst:200914-1315486/playlist.m3u8
TV,iptv-org English,Kern County TV,OK,HLS playlist + segment reachable,0.32,https://cdn3.wowza.com/5/dk84U1p2UUdoMGxT/kern/G0169_003/playlist.m3u8
TV,iptv-org English,Kevin Hart's LOL! Network (720p),FAIL,HTTP 502,0.56,https://d1kt53vrikzr5o.cloudfront.net/v1/lol_lolnetwork_5/samsungheadend_us/latest/main/hls/playlist.m3u8
TV,iptv-org English,Key & Peele,FAIL,HTTP 403,0.91,https://jmp2.uk/plu-65cba798d77d450008d056e5.m3u8
TV,iptv-org English,Key & Peele DK,FAIL,HTTP 403,0.88,https://jmp2.uk/plu-65cba715dc10a40008034917.m3u8
TV,iptv-org English,Key & Peele NO,FAIL,HTTP 403,0.91,https://jmp2.uk/plu-65cba7573ba51e00084d76e1.m3u8
TV,iptv-org English,KFON TV (720p) [Geo-blocked],OK,application/vnd.apple.mpegurl,0.81,https://reflect-watchkfon-fontana.cablecast.tv/live-3/live/live.m3u8
TV,iptv-org English,KIIO-LD 10.1,OK,HLS playlist + segment reachable,0.23,http://livestream.usatv.com/hls/master-iUSATVLIVENET.m3u8
TV,iptv-org English,KIIO-LD 10.4 (480p),OK,HLS playlist + segment reachable,0.45,https://streamer1.connectto.com/AABC_WEB_1201/index.m3u8
TV,iptv-org English,King TV (720p) [Not 24/7],PARTIAL,"playlist OK, segment failed: HTTP Error 403: Forbidden",0.35,https://streamer12.vdn.dstreamone.net/kingtv/kingtv/playlist.m3u8
TV,iptv-org English,Kingsview TV (1080p),FAIL,HTTP 404,0.69,https://j78dp6reyq5r-hls-live.5centscdn.com/4896_push_1963_001/00cb1f2e4ff89048f2e77e26940c00e6.sdp/playlist.m3u8
TV,iptv-org English,KIX,FAIL,HTTP 403,1.47,https://liveh34.vtvprime.vn/hls/KIX/04.m3u8
TV,iptv-org English,Klovn,FAIL,HTTP 403,0.91,https://jmp2.uk/plu-65a63ff00d9ab400080b101c.m3u8
TV,iptv-org English,KMCT-TV 39.1,UNVERIFIED,no route from test server (geo-lock/IPv6/timeout) - test on the TV box,6.06,https://wggstv16.ddns.net:9953/hls/KMCT1.m3u8
TV,iptv-org English,KNOV-CD 41.1 (720p),UNVERIFIED,no route from test server (geo-lock/IPv6/timeout) - test on the TV box,10.03,http://media4.tripsmarter.com:1935/LiveTV/NOTVHD/playlist.m3u8
TV,iptv-org English,KNXV-TV 61.1 (720p),OK,HLS playlist + segment reachable,0.42,https://aegis-cloudfront-1.tubi.video/e923f4ce-7229-4e01-a25e-d453993dab82/playlist.m3u8
TV,iptv-org English,Koch'en pa toppen,FAIL,HTTP 403,0.98,https://jmp2.uk/plu-660d667519ca71000849a1e1.m3u8
TV,iptv-org English,KOCT Channel 18 (720p),OK,HLS playlist + segment reachable,0.73,https://securestream10.champds.com/LIVE/KOCTCALIVE/KOCTCALIVE.m3u8
TV,iptv-org English,KOCT Channel 19 (720p),OK,HLS playlist + segment reachable,0.73,https://securestream10.champds.com/LIVE/KOCTCALIVE2/KOCTCALIVE2.m3u8
TV,iptv-org English,Kordia TV (1080p),OK,HLS playlist + segment reachable,0.55,https://ptvlive.kordia.net.nz/out/v1/3fc2254c865a457c8d7fbbce227a2aae/index.m3u8
TV,iptv-org English,Kozoom TV (1080p),OK,HLS playlist + segment reachable,0.5,https://streams2.sofast.tv/v1/master/611d79b11b77e2f571934fd80ca1413453772ac7/fdd6f243-f971-4a1a-9510-97ac01d6b37f/manifest.m3u8
TV,iptv-org English,Kpop Mix (720p),OK,HLS playlist + segment reachable,0.55,https://cloud.tvomix.com/KPOPMIX/index.m3u8
TV,iptv-org English,KPVM-LD 25.1,OK,HLS playlist + segment reachable,0.33,https://2-fss-1.streamhoster.com/pl_122/206858-4405346-1/playlist.m3u8
TV,iptv-org English,KRC TV,OK,HLS playlist + segment reachable,0.48,https://channels.ad-ug.com/live/ch03/index.m3u8
TV,iptv-org English,KSCE 38.1 (360p),OK,HLS playlist + segment reachable,0.22,https://2-fss-2.streamhoster.com/pl_138/200226-1359204-1/playlist.m3u8
TV,iptv-org English,KSCE 38.3 (360p),OK,HLS playlist + segment reachable,0.2,https://2-fss-1.streamhoster.com/pl_122/200226-1427780-1/playlist.m3u8
TV,iptv-org English,KSTV Uganda,OK,HLS playlist + segment reachable,0.43,https://live.esteem.africa/kstv/hls/0/stream.m3u8
TV,iptv-org English,KTOO 360TV KTOO-TV,OK,HLS playlist + segment reachable,0.64,https://api.v3.invintus.com/StreamURI/persis/2147483647/KTOO360TV.stream/media.m3u8
TV,iptv-org English,KTV Sport (1080p),OK,HLS playlist + segment reachable,0.66,https://kwtspta.cdn.mangomolo.com/sp/smil:sp.stream.smil/chunklist.m3u8
TV,iptv-org English,KVTN-DT 25.1 (720p),OK,HLS playlist + segment reachable,1.85,https://jk3lzkn4lw79-hls-live.5centscdn.com/VTN2/bcaafe9ad8d42834b08e762ac58596b8.sdp/playlist.m3u8
TV,iptv-org English,LA36 (1080p),OK,HLS playlist + segment reachable,0.41,https://reflect-channel36-la.cablecast.tv/live-3/live/stream-1/live.m3u8
TV,iptv-org English,LA CityView 35 (1080p),FAIL,HTTP 500,0.38,https://reflect-losangeles.cablecast.tv/live-3/live/live.m3u8
TV,iptv-org English,La Voz de Jesus HD (720p),OK,HLS playlist + segment reachable,0.25,https://live20.bozztv.com/giatvplayout7/giatv-208429/playlist.m3u8
TV,iptv-org English,Lacrosse TV (720p),OK,HLS playlist + segment reachable,0.51,https://a-cdn.klowdtv.com/live2/lsn_720p/playlist.m3u8
TV,iptv-org English,Laff (576p),UNVERIFIED,no route from test server (geo-lock/IPv6/timeout) - test on the TV box,10.02,http://tvsen7.aynascope.net/laff/index.m3u8
TV,iptv-org English,Laff WJLP (576p),UNVERIFIED,no route from test server (geo-lock/IPv6/timeout) - test on the TV box,10.01,http://4.30.180.36:8420/laff/index.m3u8?token=test
TV,iptv-org English,Lake Havasu City 4,OK,HLS playlist + segment reachable,0.73,https://cdn3.wowza.com/5/cHYzekYzM2kvTVFH/lakehavasucity/G0643_003/playlist.m3u8
TV,iptv-org English,LakeFront TV (720p),FAIL,HTTP 502,0.34,https://reflect-lakefront-leesburgflorida.cablecast.tv/live-6/live/live.m3u8
TV,iptv-org English,Lakewood Channel 8 (720p),FAIL,HTTP 404,0.4,https://live8fd.lakewood.org/live-2/live/live.m3u8
TV,iptv-org English,Langt fra Bryggen,FAIL,HTTP 403,0.94,https://jmp2.uk/plu-654a3fe6986ad20008a42add.m3u8
TV,iptv-org English,Las Vegas Tonight with Dale Davidson (1080p),OK,HLS playlist + segment reachable,0.71,https://cdn.vegasplus.us/vegas/lasvegastonight/playlist.m3u8
TV,iptv-org English,Latest TV (480p),UNVERIFIED,no route from test server (geo-lock/IPv6/timeout) - test on the TV box,10.05,https://5a0e89631aa14.streamlock.net/live/LatestTelevision/playlist.m3u8
TV,iptv-org English,Latino Channel TV (1080p),OK,HLS playlist + segment reachable,0.73,https://cdn.vegasplus.us/vegas/latch/playlist.m3u8
TV,iptv-org English,LATV (1080p) [Geo-blocked],OK,HLS playlist + segment reachable,0.42,https://amg00779-latv-amg00779c1-cineverse-us-1746.playouts.now.amagi.tv/playlist/amg00779-latvnetworkllc-latv-cineverseus/playlist.m3u8
TV,iptv-org English,Legislative Assembly of British Columbia,UNVERIFIED,no route from test server (geo-lock/IPv6/timeout) - test on the TV box,10.09,https://cdn3.wowza.com/5/YldIU1hsTlljRWZF/hbs-prim-house-httpo/HouseP.smil/playlist.m3u8
TV,iptv-org English,Legislative Assembly of British Columbia Committee A,UNVERIFIED,no route from test server (geo-lock/IPv6/timeout) - test on the TV box,10.1,https://cdn3.wowza.com/5/YldIU1hsTlljRWZF/hbs-prim-dougfir-httpo/DougFirP.smil/playlist.m3u8
TV,iptv-org English,Legislative Assembly of Ontario,UNVERIFIED,no route from test server (geo-lock/IPv6/timeout) - test on the TV box,0.09,https://temp3.isilive.ca/live/_definst_/ontla/house-en/playlist.m3u8
TV,iptv-org English,Legislative Assembly TV Nunavut,FAIL,URLError: <urlopen error [Errno -2] Name or service not known>,0.02,http://temp2.isilive.ca/live/nunavut/live-eng/index.m3u8
TV,iptv-org English,Leominster TV Educational (720p),OK,HLS playlist + segment reachable,0.33,https://livestream.telvue.com/leominster2/f7b44cfafd5c52223d5498196c8a2e7b.sdp/playlist.m3u8
TV,iptv-org English,Leominster TV Government (720p),OK,HLS playlist + segment reachable,0.43,https://livestream.telvue.com/leominster3/f7b44cfafd5c52223d5498196c8a2e7b.sdp/playlist.m3u8
TV,iptv-org English,Leominster TV Public (720p) [Not 24/7],UNVERIFIED,no route from test server (geo-lock/IPv6/timeout) - test on the TV box,10.04,https://livestream.telvue.com/leominster1/f7b44cfafd5c52223d5498196c8a2e7b.sdp/playlist.m3u8
TV,iptv-org English,Lex TV (720p),OK,HLS playlist + segment reachable,0.59,https://cdn3.wowza.com/5/M0lyamVmM2JWcjhQ/lfucg/G0264_005/playlist.m3u8
TV,iptv-org English,LGTV (1080p),OK,HLS playlist + segment reachable,0.47,https://livestream.telvue.com/lexmedia3/f7b44cfafd5c52223d5498196c8a2e7b.sdp/lexmedia3/stream1/playlist.m3u8
TV,iptv-org English,Lifetime (720p),UNVERIFIED,no route from test server (geo-lock/IPv6/timeout) - test on the TV box,10.01,http://4.30.180.36:8420/lifetime/index.m3u8?token=test
TV,iptv-org English,Lifetime Asia (1080p),UNVERIFIED,no route from test server (geo-lock/IPv6/timeout) - test on the TV box,10.04,http://nmk.ioapk.com:5050/4gtv-live029/index.m3u8
TV,iptv-org English,LifevisionTV (406p) [Not 24/7],PARTIAL,"playlist OK, segment failed: HTTP Error 403: Forbidden",0.66,https://tgn.bozztv.com/lifevision/lifevision/index.m3u8
TV,iptv-org English,Little Guyana TV (1080p),UNVERIFIED,no route from test server (geo-lock/IPv6/timeout) - test on the TV box,6.07,https://video1.getstreamhosting.com:1936/8122/8122/playlist.m3u8
TV,iptv-org English,Littleton 8 TV (1080p),FAIL,HTTP 404,0.33,https://ch8.littletongov.org/live-2/live/live.m3u8
TV,iptv-org English,Live Music,FAIL,HTTP 403,1.08,https://jmp2.uk/plu-5873fc21cad696fb37aa9054.m3u8
TV,iptv-org English,Living Asia Channel (1080p),PARTIAL,"playlist OK, segment failed: HTTP Error 403: Forbidden",0.73,https://cdn.vegasplus.us/vegas/lac/playlist.m3u8
TV,iptv-org English,Living Faith TV (540p),OK,HLS playlist + segment reachable,0.32,https://cdn-unified-hls.streamspot.com/ingest1/0b5c0f18e9/playlist.m3u8?origin=1
TV,iptv-org English,LLBN His Light (720p),OK,HLS playlist + segment reachable,0.54,https://brightstar-hislight-pull-secure.akamaized.net/brightstarhislight/stream.m3u8
TV,iptv-org English,LLBN His Word (720p),OK,HLS playlist + segment reachable,0.58,https://brightstar-hisword-pull-secure.akamaized.net/brightstarhisword/stream.m3u8
TV,iptv-org English,Localish (1080p),OK,HLS playlist + segment reachable,0.32,https://dnmfq3sh1jipj.cloudfront.net/DisneyLocalish.m3u8
TV,iptv-org English,Logo Pluto TV,FAIL,HTTP 403,0.3,https://jmp2.uk/plu-5ce5a8954311f992edbe1da2.m3u8
TV,iptv-org English,Logos TV English (1080p) [Not 24/7],OK,HLS playlist + segment reachable,0.53,https://5aafcc5de91f1.streamlock.net/logoschannel.com/logoseng/playlist.m3u8
TV,iptv-org English,Lone Star (1080p),OK,HLS playlist + segment reachable,0.26,https://lonestar-rakuten.amagi.tv/playlist.m3u8
TV,iptv-org English,Lone Star Poland (720p),OK,HLS playlist + segment reachable,0.4,https://6b88cde9.wurl.com/master/f36d25e7e52f1ba8d7e56eb859c636563214f541/UmFrdXRlblRWLWV1X0xvbmVTdGFyX0hMUw/playlist.m3u8
TV,iptv-org English,Lotus TV (720p),FAIL,HTTP 403,0.96,https://cdn4.skygo.mn/live/disk1/Lotus/HLSv3-FTA/Lotus.m3u8
TV,iptv-org English,Love & Hip Hop,FAIL,HTTP 403,0.27,https://jmp2.uk/plu-5d51ddf0369acdb278dfb05e.m3u8
TV,iptv-org English,Love Nature 4K (2160p) [Geo-blocked],OK,HLS playlist + segment reachable,0.5,https://pb-ehs1glsha1juy.akamaized.net/Love_Nature_4K.m3u8
TV,iptv-org English,Love Nature en Espanol (1080p) [Geo-blocked],OK,HLS playlist + segment reachable,0.26,https://amg01515-amg01515c17-xumo-us-2489.playouts.now.amagi.tv/bamus-lovenaturespanish-roku/playlist.m3u8
TV,iptv-org English,LoveWorld UK (1080p) [Not 24/7],OK,HLS playlist + segment reachable,0.45,https://cdn3.wowza.com/5/L1Uzd2FrbVlLRG1W/live/smil:lwukweb.smil/playlist.m3u8
TV,iptv-org English,LoveWorld USA (720p),OK,HLS playlist + segment reachable,0.65,https://cdn3.wowza.com/5/RGtVZkFxL3FOQkxX/LWU/ngrp:lwu.stream_all/playlist.m3u8
TV,iptv-org English,LoveworldSAT (1080p),OK,HLS playlist + segment reachable,0.36,https://cdnstack.internetmultimediaonline.org/lwsat/lwsat.stream/index.m3u8
TV,iptv-org English,LTN Family SD (576p),UNVERIFIED,no route from test server (geo-lock/IPv6/timeout) - test on the TV box,10.01,http://103.250.28.74:8000/play/a02j/index.m3u8
TV,iptv-org English,Luksusfaelden,FAIL,HTTP 403,0.96,https://jmp2.uk/plu-61c19b7785706b00072d421a.m3u8
TV,iptv-org English,Luksusfellen,FAIL,HTTP 403,0.91,https://jmp2.uk/plu-61c1e060197fe600073c1ffb.m3u8
TV,iptv-org English,Luksusfellen Sverige,FAIL,HTTP 403,0.9,https://jmp2.uk/plu-61c1e0f1d6d97900076ea16f.m3u8
TV,iptv-org English,Lyxfallan,FAIL,HTTP 403,0.51,https://jmp2.uk/plu-61c18f62f5acaf0007f83135.m3u8
TV,iptv-org English,Lyxfallan Danmark,FAIL,HTTP 403,0.87,https://jmp2.uk/plu-61c19165decece0007e9b2f3.m3u8
TV,iptv-org English,Lyxfallan Norge,FAIL,HTTP 403,0.88,https://jmp2.uk/plu-67f7d328efc5473b6b4ac5f4.m3u8
TV,iptv-org English,M Entertainment Channel (720p),FAIL,HTTP 530,0.24,https://mmtvs.exliatycl.online/mchannel/stream.m3u8
TV,iptv-org English,MacGyver (Sweden),FAIL,HTTP 403,0.93,https://jmp2.uk/plu-63a19eceb3d0eb0007439c34.m3u8
TV,iptv-org English,MacGyver (Sweden) DK,FAIL,HTTP 403,0.93,https://jmp2.uk/plu-654a59742c1d33000865a797.m3u8
TV,iptv-org English,MacGyver (Sweden) NO,FAIL,HTTP 403,0.95,https://jmp2.uk/plu-654a59d483595c0008187514.m3u8
TV,iptv-org English,Mad Dog and Merrill (540p) [Not 24/7],PARTIAL,"playlist OK, segment failed: HTTP Error 403: Forbidden",0.73,https://rpn.bozztv.com/gusa/gusa-mwg/index.m3u8
TV,iptv-org English,Madani Channel English (720p),OK,HLS playlist + segment reachable,0.59,http://tvsen7.aynascope.net/MadaniTV/index.m3u8
TV,iptv-org English,Mahaasin TV,OK,HLS playlist + segment reachable,0.73,https://mahaasintv.livebox.co.in/mahaasintvhls/mahaasintv.m3u8
TV,iptv-org English,Maldives TV (720p),PARTIAL,"playlist OK, segment failed: HTTP Error 404: Not Found",1.08,https://lana.psm.mv/live/mtv.m3u8
TV,iptv-org English,Man with a Plan,FAIL,HTTP 403,0.91,https://jmp2.uk/plu-6825efbb9eed174f7ffbe5b0.m3u8
TV,iptv-org English,Man with a Plan DK,FAIL,HTTP 403,0.94,https://jmp2.uk/plu-678f88bb272ded16b1558c5e.m3u8
TV,iptv-org English,Man with a Plan NO,FAIL,HTTP 403,0.51,https://jmp2.uk/plu-6825eeeeb19ce6d4a34ebb2a.m3u8
TV,iptv-org English,Mana Church Online (1080p) [Not 24/7],OK,HLS playlist + segment reachable,0.73,https://w2.manasat.com/church-online/smil:church-online.smil/playlist.m3u8
TV,iptv-org English,Maria Vision USA (1080p),OK,HLS playlist + segment reachable,0.25,https://1601580044.rsc.cdn77.org/live/_jcn_/amls:PALMIAMI/playlist.m3u8
TV,iptv-org English,Marjaeyat TV English (1080p),OK,HLS playlist + segment reachable,0.75,https://livefa.marjaeyattv.com/mtv_en/playlist.m3u8
TV,iptv-org English,Married with Children,FAIL,HTTP 403,0.9,https://jmp2.uk/plu-66bb3212fe11e5000883ea6b.m3u8
TV,iptv-org English,Martin County TV (720p),OK,HLS playlist + segment reachable,0.66,https://cdn3.wowza.com/5/UWpORHhLSEs5SkJs/martin/G0074_002/playlist.m3u8
TV,iptv-org English,Mas adrenalina,FAIL,HTTP 403,0.54,https://jmp2.uk/plu-687fea9a4fa995eff284a1c8.m3u8
TV,iptv-org English,Mashariki TV (720p) [Not 24/7],UNVERIFIED,no route from test server (geo-lock/IPv6/timeout) - test on the TV box,6.05,https://goliveafrica.media:9998/live/634adc0806f2b/index.m3u8
TV,iptv-org English,Master Chefs Academy TV (720p),OK,HLS playlist + segment reachable,0.53,https://platform-iuoamc.uk/iptv/mca-tv/index.m3u8
TV,iptv-org English,Master's TV (720p),FAIL,RemoteDisconnected: Remote end closed connection without response,0.53,https://mn-nl.mncdn.com/commectv_live/masterstv/index.m3u8
TV,iptv-org English,MasterChef Danmarks storste madtalenter,FAIL,HTTP 403,0.94,https://jmp2.uk/plu-61c19edbf535220007075c4e.m3u8
TV,iptv-org English,Matlock (Sweden),FAIL,HTTP 403,1.01,https://jmp2.uk/plu-66290c12801af8000850c1a9.m3u8
TV,iptv-org English,Matlock (Sweden) DK,FAIL,HTTP 403,0.93,https://jmp2.uk/plu-66290a779e68c20008a18cf3.m3u8
TV,iptv-org English,Matlock (Sweden) NO,FAIL,HTTP 403,0.88,https://jmp2.uk/plu-66290b7523e24f000832cc17.m3u8
TV,iptv-org English,Matlock (United States),FAIL,HTTP 403,0.95,https://jmp2.uk/plu-60f754f98185580007eb0754.m3u8
TV,iptv-org English,Matlock (United States) CA,FAIL,HTTP 403,0.93,https://jmp2.uk/plu-63da365f60bc8f0008a50f44.m3u8
TV,iptv-org English,MBC 1 USA (1080p) [Geo-blocked],OK,HLS playlist + segment reachable,0.35,https://shd-gcp-live.edgenextcdn.net/live/bitmovin-mbc-1-usa/fdac3a4fc0473f1f56e07ec1d63a4b7b/index.m3u8
TV,iptv-org English,MBC (1080p),FAIL,HTTP 574,0.48,https://cdn8.fntvchannel.com/v1/master/02eeb1726c343dc9c30c32e93dee82013e157021/FNTV-CHANNEL_CDN77/index.m3u8
TV,iptv-org English,MBTV (720p),OK,HLS playlist + segment reachable,0.23,https://edge-f.swagit.com/live/miamibeachfl/live-1-a/playlist.m3u8
TV,iptv-org English,McLeod's Daughters (1080p),OK,HLS playlist + segment reachable,0.47,https://amg00627-amg00627c5-samsung-nz-2807.playouts.now.amagi.tv/playlist/amg00627-banijayfast-mcleodsdaughters-samsungnz/playlist.m3u8
TV,iptv-org English,MCN6 Arts Channel (1080p) [Not 24/7],OK,HLS playlist + segment reachable,0.26,https://d18fcxaqfnwjhj.cloudfront.net/CDN_Ingest/MCN6_COMEDY.smil/Playlist.m3u8
TV,iptv-org English,MCN6 Main Channel (1080p) [Not 24/7],OK,HLS playlist + segment reachable,0.29,https://d18fcxaqfnwjhj.cloudfront.net/CDN_Ingest/MCN6_MAIN.smil/Playlist.m3u8
TV,iptv-org English,MCPSS TV,PARTIAL,"playlist OK, segment failed: HTTP Error 404: Not Found",0.25,https://5b200f5268ceb.streamlock.net/MCPSS/MCPSS247.smil/playlist.m3u8
TV,iptv-org English,Med kniven for struben,FAIL,HTTP 403,0.93,https://jmp2.uk/plu-63e3b33e8795f300087e6a46.m3u8
TV,iptv-org English,Medium (Sweden),FAIL,HTTP 403,0.92,https://jmp2.uk/plu-68f0f642a25ba0aab3e64e66.m3u8
TV,iptv-org English,Medium (Sweden) DK,FAIL,HTTP 403,0.91,https://jmp2.uk/plu-68f0f54ca362b63a8df4d5a9.m3u8
TV,iptv-org English,Medium (Sweden) NO,FAIL,HTTP 403,0.92,https://jmp2.uk/plu-68f0f602a362b63a8df4efb4.m3u8
TV,iptv-org English,Mega TV (United States) WSBS-TV (1080p),OK,HLS playlist + segment reachable,0.95,https://mdstrm.com/live-stream-playlist/67ed74e8af482ba71d47fd7b.m3u8
TV,iptv-org English,Mehran TV (576p),UNVERIFIED,no route from test server (geo-lock/IPv6/timeout) - test on the TV box,10.01,http://103.250.28.74:8000/play/a00m/index.m3u8
TV,iptv-org English,Mercy and Truth Ministries Television (720p),UNVERIFIED,no route from test server (geo-lock/IPv6/timeout) - test on the TV box,6.06,https://angel.btbn.tv:5443/mtmtv/streams/live.m3u8
TV,iptv-org English,Mercy TV (Sierra Leone),FAIL,HTTP 404,0.31,https://cdn-cloudfront.eu-central-1.prod.ingest.aws-infra.dacast.com/live/bff8bd53-ee89-2c76-6a51-95a0003f7d96/master.m3u8
TV,iptv-org English,Merit Street (1080p),OK,HLS playlist + segment reachable,0.2,https://d9069ugodwkju.cloudfront.net/Merit_Street.m3u8
TV,iptv-org English,MERU TV (720p) [Not 24/7],UNVERIFIED,no route from test server (geo-lock/IPv6/timeout) - test on the TV box,6.05,https://goliveafrica.media:9998/live/628e5c1991061/index.m3u8
TV,iptv-org English,MeTV (720p),FAIL,HTTP 403,0.26,https://82934cf9c8696bd2.mediapackage.us-east-1.amazonaws.com/out/v1/23685237ffbb4047a8143ac2166ead44/index.m3u8
TV,iptv-org English,meWATCH LIVE 1 (1080p),OK,application/dash+xml,0.9,https://tglmp04.akamaized.net/out/v1/898b1cbac7c747e3b1f3deb460e9b67e/manifest.mpd
TV,iptv-org English,MHZ,OK,HLS playlist + segment reachable,0.25,https://mhz-samsung-linear-ca.samsung.wurl.tv/playlist.m3u8
TV,iptv-org English,Middle East TV (1080p),OK,HLS playlist + segment reachable,0.27,https://content.uplynk.com/channel/9d35b73c264946d5945db6cdff26336e.m3u8
TV,iptv-org English,Midnight Pulp (1080p),OK,HLS playlist + segment reachable,0.24,https://linear-897.frequency.stream/dist/cineverse/897/hls/master/playlist.m3u8
TV,iptv-org English,Midpen Media Center Channel 26 (720p),PARTIAL,"playlist OK, segment failed: HTTP Error 404: Not Found",0.54,https://5c2974786200d.streamlock.net/live-chan26/ngrp:ch26_all/playlist.m3u8
TV,iptv-org English,Midpen Media Center Channel 28 (720p),PARTIAL,"playlist OK, segment failed: HTTP Error 404: Not Found",0.6,https://5c2974786200d.streamlock.net/live-chan28/ngrp:ch28_all/playlist.m3u8
TV,iptv-org English,Midpen Media Center Channel 29 (720p),OK,HLS playlist + segment reachable,0.54,https://5c2974786200d.streamlock.net/live-chan29/ngrp:ch29_all/playlist.m3u8
TV,iptv-org English,Midpen Media Center Channel 30 (720p),OK,HLS playlist + segment reachable,0.58,https://5c2974786200d.streamlock.net/live-chan30/ngrp:ch30_all/playlist.m3u8
TV,iptv-org English,Midpen Media Center Channel 75 (720p),OK,HLS playlist + segment reachable,0.75,https://5c2974786200d.streamlock.net/live-chan75/ngrp:ch75_all/playlist.m3u8
TV,iptv-org English,Midsomer Murders (1080p),OK,HLS playlist + segment reachable,0.29,https://all3media-midsomer-1-us.roku.wurl.tv/playlist.m3u8
TV,iptv-org English,Mindanow Network TV (1080p),PARTIAL,"playlist OK, segment failed: HTTP Error 403: Forbidden",0.69,https://cdn.vegasplus.us/vegas/mmn01/playlist.m3u8
TV,iptv-org English,Miracle TV (480p),PARTIAL,"playlist OK, segment failed: HTTP Error 403: Forbidden",2.01,https://viewmedia7219.bozztv.com/wmedia/viewmedia100/web_030/Stream/playlist.m3u8
TV,iptv-org English,MIS Televizija (720p) [Not 24/7],FAIL,HTTP 404,0.92,https://5afd52b55ff79.streamlock.net/MISTV/myStream/playlist.m3u8
TV,iptv-org English,Mission Asia (1080p),OK,HLS playlist + segment reachable,0.4,https://livecdn.live247stream.com/missionasia/tv/playlist.m3u8
TV,iptv-org English,Mission Impossible (Sweden),FAIL,HTTP 403,0.94,https://jmp2.uk/plu-639b4f14be012600070fe1be.m3u8
TV,iptv-org English,Mission Impossible (Sweden) DK,FAIL,HTTP 403,0.53,https://jmp2.uk/plu-6478a9e4f77b61000817034b.m3u8
TV,iptv-org English,Mission Impossible (Sweden) NO,FAIL,HTTP 403,0.94,https://jmp2.uk/plu-639b4eb4da3fda0008036f6e.m3u8
TV,iptv-org English,Mission Impossible (United States),FAIL,HTTP 403,1.0,https://jmp2.uk/plu-5f77977bd924d80007eee60c.m3u8
TV,iptv-org English,Mission Impossible (United States) CA,FAIL,HTTP 403,0.99,https://jmp2.uk/plu-62ea43aa0c43540007f2db96.m3u8
TV,iptv-org English,Mission TV (1080p) [Not 24/7],UNVERIFIED,no route from test server (geo-lock/IPv6/timeout) - test on the TV box,6.05,https://6096a9cf11ae5.streamlock.net:1943/live/missiontv/playlist.m3u8
TV,iptv-org English,Mit plastikmareridt,FAIL,HTTP 403,1.12,https://jmp2.uk/plu-643814ef479f6400086ff043.m3u8
TV,iptv-org English,MLB (720p),FAIL,HTTP 403,0.33,https://jmp2.uk/plu-5e66968a70f34c0007d050be.m3u8
TV,iptv-org English,MLB Strike Zone (720p),UNVERIFIED,no route from test server (geo-lock/IPv6/timeout) - test on the TV box,10.01,http://23.237.104.106:8080/USA_MLB_STRIKE_ZONE/index.m3u8
TV,iptv-org English,MMA TV (576p),UNVERIFIED,no route from test server (geo-lock/IPv6/timeout) - test on the TV box,10.01,http://31.148.48.15/M1_Global/index.m3u8
TV,iptv-org English,MMTV (1080p),OK,HLS playlist + segment reachable,0.84,https://sendlive.online/hls/mmtv.m3u8
TV,iptv-org English,MNB World (1080p),FAIL,HTTP 403,0.8,https://cdn4.skygo.mn/live/disk1/MNB_World/DASH-FTA/MNB_World.mpd
TV,iptv-org English,MNT WCIV (1080p),OK,HLS playlist + segment reachable,0.31,https://linear-700.frequency.stream/dist/stirr/700/hls/master/playlist.m3u8
TV,iptv-org English,MNT WFLD (1080p),OK,HLS playlist + segment reachable,0.7,https://cdn-uw2-prod.tsv2.amagi.tv/linear/amg00488-foxdigital-wfld-lgus/playlist.m3u8
TV,iptv-org English,MNT WWOR-TV,OK,HLS playlist + segment reachable,1.07,http://37c18028.akadatel.com/iptv/T6XNCP6L7LLKPD/1088/mpegts
TV,iptv-org English,MOF TV,UNVERIFIED,no route from test server (geo-lock/IPv6/timeout) - test on the TV box,6.05,https://goliveafrica.media:9998/live/6425a6efa15c8/index.m3u8
TV,iptv-org English,MOGPA TV,FAIL,URLError: <urlopen error [SSL: CERTIFICATE_VERIFY_FAILED] certificate ,0.16,https://bk7l2r2nyx53-hls-live.5centscdn.com/ablazetv/f7b44cfafd5c52223d5498196c8a2e7b.sdp/playlist.m3u8
TV,iptv-org English,MOGPA TV Plus,FAIL,URLError: <urlopen error [SSL: CERTIFICATE_VERIFY_FAILED] certificate ,0.15,https://bk7l2r2nyx53-hls-live.5centscdn.com/mogpatvplus/2567a5ec9705eb7ac2c984033e06189d.sdp/playlist.m3u8
TV,iptv-org English,Moji [Geo-blocked],UNVERIFIED,no route from test server (geo-lock/IPv6/timeout) - test on the TV box,0.48,https://op-group1-swiftservehd-1.dens.tv/h/h207/index.m3u8
TV,iptv-org English,Monroe Community Media Education Channel,OK,HLS playlist + segment reachable,0.26,https://reflect-monroe-public-access.cablecast.tv/live-4/live/live.m3u8
TV,iptv-org English,Monroe Community Media Public Access Channel,OK,HLS playlist + segment reachable,0.54,https://reflect-monroe-public-access.cablecast.tv/live-3/live/live.m3u8
TV,iptv-org English,Monroe County TV (1080p),OK,HLS playlist + segment reachable,0.2,https://castus-vod-dev.s3.amazonaws.com/vod_clients/monroe/live/ch1/video.m3u8
TV,iptv-org English,Monster Jam (720p),FAIL,HTTP 403,0.29,https://jmp2.uk/plu-65bcc9c8d77d450008b34c6b.m3u8
TV,iptv-org English,Monte Carlo Digital Television (1080p),OK,HLS playlist + segment reachable,0.71,https://fl718492-exthls-p1.flovp.com/fl718492/live/live.m3u8
TV,iptv-org English,Montgomery Channel,OK,HLS playlist + segment reachable,0.56,https://reflect-montgomerycommunitymedia.cablecast.tv/live-11/live/stream-4/live.m3u8
TV,iptv-org English,Montreal Greek TV (480p),PARTIAL,"playlist OK, segment failed: HTTP Error 404: Not Found",0.3,http://live.greektv.ca/hls1/greektv.m3u8
TV,iptv-org English,More Grace TV (410p) [Not 24/7],FAIL,HTTP 404,0.58,https://atechgroupuk.site/ETV.m3u8
TV,iptv-org English,More Pluto TV Comedy,FAIL,HTTP 403,0.92,https://jmp2.uk/plu-62e91c3add66e00007eeb24c.m3u8
TV,iptv-org English,More True Crime,FAIL,HTTP 403,1.01,https://jmp2.uk/plu-6532e6a9bdf3cf000887ab29.m3u8
TV,iptv-org English,More TV Crime,FAIL,HTTP 403,0.96,https://jmp2.uk/plu-639b558c73423d00071ce624.m3u8
TV,iptv-org English,More TV Drama,FAIL,HTTP 403,0.47,https://jmp2.uk/plu-613260e4bdb71c00070d63fa.m3u8
TV,iptv-org English,More TV Sitcoms,FAIL,HTTP 403,0.29,https://jmp2.uk/plu-6132619f9ddaa50007e7dd86.m3u8
TV,iptv-org English,Morning Cloud TV (720p),OK,HLS playlist + segment reachable,0.43,https://livecdn.live247stream.com/mc/tv/playlist.m3u8
TV,iptv-org English,Most Haunted (1080p),OK,HLS playlist + segment reachable,0.28,https://amg00426-lds-amg00426c17-samsung-gb-10157.playouts.now.amagi.tv/playlist.m3u8
TV,iptv-org English,Motorvision (1080p),OK,HLS playlist + segment reachable,0.28,https://mvg-mv-xumo.otteravision.com/mvg/mv/mv.m3u8
TV,iptv-org English,MRVTV Channel 44 (720p),OK,HLS playlist + segment reachable,0.32,https://livestream.telvue.com/madrivervalleytv1/f7b44cfafd5c52223d5498196c8a2e7b.sdp/playlist.m3u8
TV,iptv-org English,MRVTV Channel 45 (720p),OK,HLS playlist + segment reachable,0.42,https://livestream.telvue.com/madrivervalleytv2/f7b44cfafd5c52223d5498196c8a2e7b.sdp/playlist.m3u8
TV,iptv-org English,MSG (720p),UNVERIFIED,no route from test server (geo-lock/IPv6/timeout) - test on the TV box,10.01,http://23.237.104.106:8080/USA_MSG/index.m3u8
TV,iptv-org English,MST3K (1080p),OK,HLS playlist + segment reachable,0.31,https://mst3k-roku.amagi.tv/playlist.m3u8
TV,iptv-org English,MSTV (1080p),FAIL,HTTP 502,0.4,https://reflect-mcsb-vod.cablecast.tv/live-16/live/live.m3u8
TV,iptv-org English,MTA1 World (720p),OK,HLS playlist + segment reachable,0.48,https://chlivemta1.akamaized.net/hls/live/2008145/mta1/playlist.m3u8
TV,iptv-org English,MTA2 Europe (720p),OK,HLS playlist + segment reachable,0.59,https://chlivemta1.akamaized.net/hls/live/2008145/mta2/playlist.m3u8
TV,iptv-org English,MTA4 Africa (1080p),OK,HLS playlist + segment reachable,0.55,https://chlivemta.akamaized.net/hls/live/2010555/mtaafrica1/playlist.m3u8
TV,iptv-org English,MTA5 Africa (1080p),OK,HLS playlist + segment reachable,0.56,https://chlivemta.akamaized.net/hls/live/2010555/mtaafrica2/playlist.m3u8
TV,iptv-org English,MTA6 Asia (1080p),PARTIAL,"playlist OK, segment failed: HTTP Error 404: Not Found",0.6,https://livemtaasia.akamaized.net/hls/live/2039224/mta6asia/playlist.m3u8
TV,iptv-org English,MTA7 Asia (1080p),PARTIAL,"playlist OK, segment failed: HTTP Error 404: Not Found",0.54,https://livemtaasia.akamaized.net/hls/live/2039224/mtaasia2/playlist.m3u8
TV,iptv-org English,MTA8 America (1080p),OK,HLS playlist + segment reachable,0.54,https://chlivemta.akamaized.net/hls/live/2016718/mta8/playlist.m3u8
TV,iptv-org English,Mtavari Arkhi,FAIL,HTTP 403,0.19,https://live20.bozztv.com/dvrfl05/gin-mtavariarxi/index.m3u8
TV,iptv-org English,MTV2 (720p),UNVERIFIED,no route from test server (geo-lock/IPv6/timeout) - test on the TV box,10.01,http://198.58.104.90:8989/mtv2/index.m3u8
TV,iptv-org English,MTV (Germany),OK,HLS playlist + segment reachable,0.9,https://ma.anixa.tv/clips/stream/mtv/playlist.php
TV,iptv-org English,MTV (United States) (1080p),UNVERIFIED,no route from test server (geo-lock/IPv6/timeout) - test on the TV box,10.01,http://23.237.104.106:8080/USA_MTV/index.m3u8
TV,iptv-org English,MTV Catfish (Sweden) (720p),FAIL,HTTP 403,0.94,https://jmp2.uk/plu-61780d4267bf4d00077ddd73.m3u8
TV,iptv-org English,MTV Catfish (Sweden) DK (720p),FAIL,HTTP 403,0.97,https://jmp2.uk/plu-6177fe76691b2e000702c7fc.m3u8
TV,iptv-org English,MTV Catfish (Sweden) NO,FAIL,HTTP 403,0.95,https://jmp2.uk/plu-61781a52a3638a00078fa57e.m3u8
TV,iptv-org English,MTV Catfish (United States),FAIL,HTTP 403,0.97,https://jmp2.uk/plu-64f8a2a23a0d700008a6ed7b.m3u8
TV,iptv-org English,MTV Dating (Sweden) (720p),FAIL,HTTP 403,0.92,https://jmp2.uk/plu-685140f121f49d1b9d178249.m3u8
TV,iptv-org English,MTV Dating (Sweden) DK (720p),FAIL,HTTP 403,0.95,https://jmp2.uk/plu-6851407c21f49d1b9d177493.m3u8
TV,iptv-org English,MTV Dating (Sweden) NO (720p),FAIL,HTTP 403,0.53,https://jmp2.uk/plu-685140bd21f49d1b9d177e21.m3u8
TV,iptv-org English,MTV Dating (United States) CA,FAIL,HTTP 403,1.01,https://jmp2.uk/plu-64f8a0c230ab3300084369b8.m3u8
TV,iptv-org English,MTV en Espanol,FAIL,HTTP 403,0.39,https://jmp2.uk/plu-5cf96d351652631e36d4331f.m3u8
TV,iptv-org English,MTV Ex On The Beach,FAIL,HTTP 403,1.01,https://jmp2.uk/plu-61c09072a09bbe00078f5692.m3u8
TV,iptv-org English,MTV Ex On The Beach DK,FAIL,HTTP 403,0.92,https://jmp2.uk/plu-61c0909b872c650008ed42e4.m3u8
TV,iptv-org English,MTV Ex On The Beach NO,FAIL,HTTP 403,0.94,https://jmp2.uk/plu-61c1d66518447e000717e4c2.m3u8
TV,iptv-org English,MTV Global (720p),FAIL,HTTP 403,1.65,http://dvr2.kablova.tv/MTV/index.m3u8
TV,iptv-org English,MTV Guyana (1080p) [Not 24/7],FAIL,HTTP 404,0.55,https://stream.mtvgy.com/mtvguyana/index.fmp4.m3u8
TV,iptv-org English,MTV Jersey Shore,FAIL,HTTP 403,0.97,https://jmp2.uk/plu-68b9b0dbf9cf3d7cb9f56d88.m3u8
TV,iptv-org English,MTV Pluto TV,FAIL,HTTP 403,0.47,https://jmp2.uk/plu-5ca672f515a62078d2ec0ad2.m3u8
TV,iptv-org English,MTV Reality (Sweden) (720p),FAIL,HTTP 403,0.95,https://jmp2.uk/plu-685139b0f7d8b74b62f41c96.m3u8
TV,iptv-org English,MTV Reality (Sweden) DK (720p),FAIL,HTTP 403,0.94,https://jmp2.uk/plu-685137f4a1e091e16f2dd471.m3u8
TV,iptv-org English,MTV Reality (Sweden) NO,FAIL,HTTP 403,0.99,https://jmp2.uk/plu-68513950f212bedacf8ec48f.m3u8
TV,iptv-org English,MTV Reality (United States) CA,FAIL,HTTP 403,0.98,https://jmp2.uk/plu-64f89fcfd661bb00081ba45c.m3u8
TV,iptv-org English,MTV Ridiculousness (Sweden) (720p),FAIL,HTTP 403,0.98,https://jmp2.uk/plu-62cda0dfddc1040008fccacc.m3u8
TV,iptv-org English,MTV Ridiculousness (Sweden) DK (720p),FAIL,HTTP 403,0.94,https://jmp2.uk/plu-62cd9641393d8400076f34db.m3u8
TV,iptv-org English,MTV Ridiculousness (Sweden) NO (720p),FAIL,HTTP 403,0.96,https://jmp2.uk/plu-62cd9e0d10bb020007005628.m3u8
TV,iptv-org English,MTV Ridiculousness (United States) CA,FAIL,HTTP 403,0.95,https://jmp2.uk/plu-64f9cccf110545000837912e.m3u8
TV,iptv-org English,MTV Teen Mom (Sweden) (720p),FAIL,HTTP 403,0.92,https://jmp2.uk/plu-61c09342b3a6230007a45119.m3u8
TV,iptv-org English,MTV Teen Mom (Sweden) DK (720p),FAIL,HTTP 403,0.94,https://jmp2.uk/plu-61c092157e1b8b0007372a35.m3u8
TV,iptv-org English,MTV Teen Mom (Sweden) NO (720p),FAIL,HTTP 403,1.13,https://jmp2.uk/plu-61c1df62b7672a0007b6c9ba.m3u8
TV,iptv-org English,MTV The Hills,FAIL,HTTP 403,0.93,https://jmp2.uk/plu-61c08d7c73bdb800070eef0a.m3u8
TV,iptv-org English,MTV The Hills DK,FAIL,HTTP 403,0.93,https://jmp2.uk/plu-61c09039ebd75200072587f9.m3u8
TV,iptv-org English,MTV The Hills NO,FAIL,HTTP 403,0.91,https://jmp2.uk/plu-61c1d56f28e94c0007827bdb.m3u8
TV,iptv-org English,Munnaaru,PARTIAL,unknown content-type text/plain,0.41,https://customer-ujex1meek7koqd9x.cloudflarestream.com/6a46f90ca384c7419efdbef3ff1892a9/manifest/video.m3u8
TV,iptv-org English,Muslim Network TV,OK,HLS playlist + segment reachable,0.52,https://afghantv.app/hls2/muslimnetwork/index.m3u8
TV,iptv-org English,MUTV (720p),OK,HLS playlist + segment reachable,0.29,https://fastly.live.brightcove.com/6374054671112/eu-west-1/6058004203001/eyJhbGciOiJIUzI1NiIsInR5cCI6IkpXVCJ9.eyJob3N0IjoiYXplMnp5LmVncmVzcy55ODN1ZWIiLCJhY2NvdW50X2lkIjoiNjA1ODAwNDIwMzAwMSIsImVobiI6ImZhc3RseS5saXZlLmJyaWdodGNvdmUuY29tIiwiaXNzIjoiYmxpdmUtcGxheWJhY2stc291cmNlLWFwaSIsInN1YiI6InBhdGhtYXB0b2tlbiIsImF1ZCI6WyI2MDU4MDA0MjAzMDAxIl0sImp0aSI6IjYzNzQwNTQ2NzExMTIifQ.3FmuTna3DAmY7xlhK5fk6LMrosrtrR5VsU2QOgYO5y4/playlist-hls.m3u8
TV,iptv-org English,Mwangaza TV (720p) [Not 24/7],UNVERIFIED,no route from test server (geo-lock/IPv6/timeout) - test on the TV box,6.06,https://goliveafrica.media:9998/live/6516be24a6bac/index.m3u8
TV,iptv-org English,My Family [Geo-blocked],UNVERIFIED,no route from test server (geo-lock/IPv6/timeout) - test on the TV box,0.3,https://op-group1-swiftservehd-1.dens.tv/h/h194/index.m3u8
TV,iptv-org English,My Righteous TV,FAIL,HTTP 403,0.23,https://live20.bozztv.com/ssh101/ssh101/myrighteous/playlist.m3u8
TV,iptv-org English,Myanmar International TV,OK,HLS playlist + segment reachable,2.49,https://mrtvott.com/cache/MITV/master.m3u8
TV,iptv-org English,Mystery Science Theater 3000 (1080p),OK,HLS playlist + segment reachable,0.51,https://d1c73nj8qxp55a.cloudfront.net/Mystery_Science_Theater_3000.m3u8
TV,iptv-org English,Mystery TV (1080p),OK,HLS playlist + segment reachable,0.5,https://aenetworks-mysterytv-rakuten.amagi.tv/playlist.m3u8
TV,iptv-org English,Mythbusters (1080p),OK,HLS playlist + segment reachable,0.32,https://d2bog959vw5xq.cloudfront.net/playlist/amg00627-banijayfast-mythbusters-samsungau/playlist.m3u8
TV,iptv-org English,NACTV,OK,HLS playlist + segment reachable,0.47,https://stream2.pivotalelements.com/memfs/2d2e1038-9eb2-44df-a9b9-109de5752f3b_output_0.m3u8
TV,iptv-org English,Naruto (1080p),OK,HLS playlist + segment reachable,0.3,https://d21vn5eki5qsdi.cloudfront.net/playlist.m3u8
TV,iptv-org English,Nash Bridges (720p),FAIL,HTTP 403,0.3,https://jmp2.uk/plu-666021cccb3ea10008406866.m3u8
TV,iptv-org English,Nashua ETV (720p),OK,HLS playlist + segment reachable,0.26,https://livestream.telvue.com/nashuanh2/f7b44cfafd5c52223d5498196c8a2e7b.sdp/playlist.m3u8
TV,iptv-org English,Nashville CA,FAIL,HTTP 403,0.9,https://jmp2.uk/plu-65cf8d7428730900087c5907.m3u8
TV,iptv-org English,Natick Education Channel (720p),OK,HLS playlist + segment reachable,0.49,https://livestream.telvue.com/natickpegasus1/f7b44cfafd5c52223d5498196c8a2e7b.sdp/playlist.m3u8
TV,iptv-org English,Natick Government Channel (720p),OK,HLS playlist + segment reachable,0.34,https://livestream.telvue.com/natickpegasus3/f7b44cfafd5c52223d5498196c8a2e7b.sdp/playlist.m3u8
TV,iptv-org English,Natick Public Access Channel (720p),OK,HLS playlist + segment reachable,2.02,https://livestream.telvue.com/natickpegasus2/f7b44cfafd5c52223d5498196c8a2e7b.sdp/playlist.m3u8
TV,iptv-org English,Natural TV (720p) [Not 24/7],UNVERIFIED,no route from test server (geo-lock/IPv6/timeout) - test on the TV box,20.07,http://broadcasttr.com:1935/naturaltv/bant1/playlist.m3u8
TV,iptv-org English,Nautical Channel (720p),OK,HLS playlist + segment reachable,0.43,https://a-cdn.klowdtv.com/live2/nautical_720p/playlist.m3u8
TV,iptv-org English,NBA TV (1080p),OK,HLS playlist + segment reachable,0.22,https://cdn1.ayitistream.com/NBATV/index.m3u8
TV,iptv-org English,NBC 1 [Not 24/7],UNVERIFIED,no route from test server (geo-lock/IPv6/timeout) - test on the TV box,0.07,https://hls2.nbcplus.na/hls/high_nbc1.m3u8
TV,iptv-org English,NBC (1080p),UNVERIFIED,no route from test server (geo-lock/IPv6/timeout) - test on the TV box,10.01,http://190.11.225.124:5000/live/nbc_hd/playlist.m3u8
TV,iptv-org English,NBC KNTV (1080p),OK,HLS playlist + segment reachable,0.28,https://d368vp0qqzvkid.cloudfront.net/11603/88889711/hls/master.m3u8?ads.xumo_channelId=88889711a&ads.xumo_ifaType=&ads.xumo_providerId=3822&ads.xumo_providerName=NBCNBA
TV,iptv-org English,NBC KRIS-TV (1080p),OK,HLS playlist + segment reachable,0.26,https://content.uplynk.com/channel/e72660594b7a4182982af1690609683d.m3u8
TV,iptv-org English,NBC KSBW (720p),OK,HLS playlist + segment reachable,0.37,https://aegis-cloudfront-1.tubi.video/8e6af50d-76df-4208-ab8d-3ff8f512cd38/playlist.m3u8
TV,iptv-org English,NBC KSBY (720p),OK,HLS playlist + segment reachable,0.31,https://aegis-cloudfront-1.tubi.video/d5f0543d-5f83-4a69-ba01-c5a68f0c09a1/playlist.m3u8
TV,iptv-org English,NBC KSHB-TV (720p),OK,HLS playlist + segment reachable,0.41,https://content.uplynk.com/channel/50d0fa1b042945a3a4f550f9b8412c83.m3u8
TV,iptv-org English,NBC KSNV (1080p),FAIL,HTTP 503,0.35,https://linear-708.frequency.stream/dist/stirr/708/hls/master/playlist.m3u8
TV,iptv-org English,NBC KXAS-TV (1080p),OK,HLS playlist + segment reachable,0.23,https://d368vp0qqzvkid.cloudfront.net/11603/88889706/hls/master.m3u8?ads.xumo_channelId=88889706a&ads.xumo_ifaType=&ads.xumo_providerId=3831&ads.xumo_providerName=NBCNDAL
TV,iptv-org English,NBC WBAL-TV (720p),OK,HLS playlist + segment reachable,0.31,https://aegis-cloudfront-1.tubi.video/888aedca-93fb-4aed-bb92-4beb8f1323c6/playlist.m3u8
TV,iptv-org English,NBC WBTS-CD (1080p),OK,HLS playlist + segment reachable,0.4,https://d368vp0qqzvkid.cloudfront.net/11603/88889713/hls/master.m3u8?ads.xumo_channelId=88889713a&ads.xumo_ifaType=&ads.xumo_providerId=3820&ads.xumo_providerName=NBCNBOS
TV,iptv-org English,NBC West (720p),UNVERIFIED,no route from test server (geo-lock/IPv6/timeout) - test on the TV box,10.05,http://stream.cammonitorplus.net/1800/index.m3u8
TV,iptv-org English,NBC WGAL (720p),OK,HLS playlist + segment reachable,0.24,https://aegis-cloudfront-1.tubi.video/5d314174-0110-42af-8811-feaae073ea1e/playlist.m3u8
TV,iptv-org English,NBC WGBA-TV (720p),OK,HLS playlist + segment reachable,0.32,https://aegis-cloudfront-1.tubi.video/b32c0573-4add-4b47-b826-24412d952164/playlist.m3u8
TV,iptv-org English,NBC WHEC-TV (1080p),OK,HLS playlist + segment reachable,0.33,https://amg01942-amg01942c4-stirr-us-10190.playouts.now.amagi.tv/playlist.m3u8
TV,iptv-org English,NBC WJAC-TV (1080p),FAIL,HTTP 503,0.31,https://linear-698.frequency.stream/dist/stirr/698/hls/master/playlist.m3u8
TV,iptv-org English,NBC WJAR (1080p),OK,HLS playlist + segment reachable,0.74,https://pubads.g.doubleclick.net/ssai/event/kpannrCBQ5KwdV3Hag3Wog/master.m3u8
TV,iptv-org English,NBC WLIO (720p) [Not 24/7],FAIL,HTTP 404,0.27,https://live.field59.com/wlio/wlio1/playlist.m3u8
TV,iptv-org English,NBC WMAQ-TV (1080p),OK,HLS playlist + segment reachable,0.2,https://d368vp0qqzvkid.cloudfront.net/11603/88889704/hls/master.m3u8?ads.xumo_channelId=88889704a&ads.xumo_ifaType=&ads.xumo_providerId=3818&ads.xumo_providerName=NBCNCHI
TV,iptv-org English,NBC WMGT-TV (720p),OK,HLS playlist + segment reachable,0.52,https://townnews.g-mana.live/media/e6909128-cd42-4690-8340-4b8a49455666/main.m3u8
TV,iptv-org English,NBC WNYT (1080p),OK,HLS playlist + segment reachable,0.3,https://amg01942-amg01942c5-stirr-us-10184.playouts.now.amagi.tv/playlist.m3u8
TV,iptv-org English,NBC WOAI-TV (1080p),FAIL,HTTP 503,0.55,https://linear-703.frequency.stream/dist/stirr/703/hls/master/playlist.m3u8
TV,iptv-org English,NBC WPTV-TV (720p),OK,HLS playlist + segment reachable,0.21,https://content.uplynk.com/channel/b02350ef854c4eef8358eead1f59a5cc.m3u8
TV,iptv-org English,NBC WPXI (1080p),OK,HLS playlist + segment reachable,0.47,https://cdn-ue1-prod.tsv2.amagi.tv/linear/amg00327-coxmediagroup-wpxibreaking-ono/playlist.m3u8
TV,iptv-org English,NBC WRDE-LD (720p) [Not 24/7],FAIL,HTTP 404,0.2,https://live.field59.com/wrde/wrde1/playlist.m3u8
TV,iptv-org English,NBC WTMJ-TV (720p),OK,HLS playlist + segment reachable,0.24,https://aegis-cloudfront-1.tubi.video/d4d923f2-17de-4371-b86d-43490499bcdb/playlist.m3u8
TV,iptv-org English,NBC WTOV-TV (1080p),OK,HLS playlist + segment reachable,0.56,https://linear-699.frequency.stream/dist/stirr/699/hls/master/playlist.m3u8
TV,iptv-org English,NBC WTVJ (1080p),OK,HLS playlist + segment reachable,0.28,https://nbculocallive.akamaized.net/hls/live/2037498/miami/stream1/master.m3u8
TV,iptv-org English,NBC WVIT (1080p),OK,HLS playlist + segment reachable,0.2,https://d368vp0qqzvkid.cloudfront.net/11603/88889707/hls/master.m3u8?ads.xumo_channelId=88889707a&ads.xumo_ifaType=&ads.xumo_providerId=3832&ads.xumo_providerName=NBCNCT
TV,iptv-org English,NBC Comedy Vault (1080p),OK,HLS playlist + segment reachable,0.23,https://xumo-xumoent-vc-105-z0vpm.fast.nbcuni.com/live/master.m3u8
TV,iptv-org English,NBC LX Home (1080p),OK,HLS playlist + segment reachable,0.43,https://plex-xumoent-ch485-e7l5l.fast.nbcuni.com/live/master_5.m3u8
TV,iptv-org English,NBC Sports NOW (1080p),OK,HLS playlist + segment reachable,0.31,https://d4whmvwm0rdvi.cloudfront.net/10007/99993008/hls/master.m3u8?ads.xumo_channelId=99993008
TV,iptv-org English,NBC TV (1080p) [Not 24/7],OK,HLS playlist + segment reachable,0.28,https://205444.global.ssl.fastly.net/64ee8a084b935f9f8a6f8825/live_ab333a6093bc11eeb89fbd81423485b7/index.fmp4.m3u8
TV,iptv-org English,NBC Universo West (720p),UNVERIFIED,no route from test server (geo-lock/IPv6/timeout) - test on the TV box,10.01,http://190.11.225.124:5000/live/universo_hd/playlist.m3u8
TV,iptv-org English,NBCLX (1080p),OK,HLS playlist + segment reachable,0.5,https://nbculocallive.akamaized.net/hls/live/2037096/lx/use1.m3u8
TV,iptv-org English,NBT World (1080p),OK,HLS playlist + segment reachable,1.47,https://cdn-edge.iiptvcdn.com/live_event/smil:d36f-93c1-9c58-fdcc-427f.smil/playlist.m3u8
TV,iptv-org English,NCIS (Sweden),FAIL,HTTP 403,0.91,https://jmp2.uk/plu-6319ec31c62c3f00075c90b1.m3u8
TV,iptv-org English,NCIS (United States) CA,FAIL,HTTP 403,0.95,https://jmp2.uk/plu-62f4f5de1c100100075665ef.m3u8
TV,iptv-org English,NCIS: Det bedste med Gibbs,FAIL,HTTP 403,1.05,https://jmp2.uk/plu-6901d952ec12c3c759fdc7cd.m3u8
TV,iptv-org English,NCIS: Det bedste med Tony & Ziva,FAIL,HTTP 403,0.94,https://jmp2.uk/plu-68921b2f4fa995eff24df6c8.m3u8
TV,iptv-org English,NCIS: Los Angeles (Sweden),FAIL,HTTP 403,0.92,https://jmp2.uk/plu-66fbf4d3d7de140008d41f5b.m3u8
TV,iptv-org English,NCIS: Los Angeles (United States),FAIL,HTTP 403,0.99,https://jmp2.uk/plu-66a106c8a79dea0008aa5ef3.m3u8
TV,iptv-org English,NCM Government & Politics Channel,FAIL,HTTP 502,0.31,https://reflect-npa.cablecast.tv/live-8/live/live.m3u8
TV,iptv-org English,NCM Main Channel,FAIL,HTTP 502,0.34,https://reflect-npa.cablecast.tv/live-6/live/live.m3u8
TV,iptv-org English,NCTV79 (1080p),OK,HLS playlist + segment reachable,0.3,https://livestream.telvue.com/nctv791/f7b44cfafd5c52223d5498196c8a2e7b.sdp/playlist.m3u8
TV,iptv-org English,NDTV Good Times (1080p),OK,HLS playlist + segment reachable,0.37,https://amg01448-samsungin-ndtvgoodtimes-samsungin-ad-gp.amagi.tv/playlist/amg01448-samsungin-ndtvgoodtimes-samsungin/playlist.m3u8
TV,iptv-org English,NDTV Profit (1080p),OK,HLS playlist + segment reachable,0.49,https://ndtvprofit.akamaized.net/hls/live/2107404/ndtvprofit/chunklist_5.m3u8
TV,iptv-org English,Nevis Television,UNVERIFIED,no route from test server (geo-lock/IPv6/timeout) - test on the TV box,6.13,https://media.slactech.com:1936/NTvDirect/ngrp:NTvDirect_all/playlist.m3u8
TV,iptv-org English,New Vision TV (360p),OK,HLS playlist + segment reachable,1.23,https://viewmedia7219.bozztv.com/wmedia/viewmedia100/web_027/Stream/playlist.m3u8
TV,iptv-org English,NFL Channel (720p),FAIL,HTTP 403,0.44,https://jmp2.uk/plu-5ced7d5df64be98e07ed47b6.m3u8
TV,iptv-org English,NFL Network (720p),UNVERIFIED,no route from test server (geo-lock/IPv6/timeout) - test on the TV box,10.01,http://23.237.104.106:8080/USA_NFL_NETWORK/index.m3u8
TV,iptv-org English,NHK World Premium (720p),OK,HLS playlist + segment reachable,0.7,https://media-tyo.hls.nhkworld.jp/hls/wp/live/master.m3u8
TV,iptv-org English,NHL Network (1080p),OK,HLS playlist + segment reachable,0.41,https://nhl-firetv.amagi.tv/playlist.m3u8
TV,iptv-org English,NHRA TV (1080p),OK,HLS playlist + segment reachable,0.37,https://d265y4sk8257lt.cloudfront.net/nh.m3u8
TV,iptv-org English,Nice TV Kenya (720p) [Not 24/7],UNVERIFIED,no route from test server (geo-lock/IPv6/timeout) - test on the TV box,6.05,https://goliveafrica.media:9998/live/64ada04aa7678/index.m3u8
TV,iptv-org English,Nigbati (720p) [Not 24/7],OK,HLS playlist + segment reachable,0.69,https://viewmedia7219.bozztv.com/wmedia/viewmedia100/web_023/Stream/playlist.m3u8
TV,iptv-org English,Njata TV (576p) [Not 24/7],UNVERIFIED,no route from test server (geo-lock/IPv6/timeout) - test on the TV box,6.05,https://goliveafrica.media:9998/live/625816e585a2b/index.m3u8
TV,iptv-org English,NMBTV (720p),OK,HLS playlist + segment reachable,0.6,https://cdn3.wowza.com/5/cXdyRHF0Z3kxN0k2/citynmb/G2044_002/playlist.m3u8
TV,iptv-org English,Noor TV (United Kingdom) (720p),OK,HLS playlist + segment reachable,0.52,https://sscsott.com/srt/noortvuk/index.m3u8
TV,iptv-org English,NorCast Weather (1080p),OK,HLS playlist + segment reachable,0.53,https://norcast-weather.streamology.live/api/v1/streams/c1b5b114698e1ad4687153c4402d5ef0/live.m3u8
TV,iptv-org English,Nordisk krim fra Viaplay,FAIL,HTTP 403,0.92,https://jmp2.uk/plu-64eca23c9c1e390008524ae6.m3u8
TV,iptv-org English,Nos Pais (720p) [Not 24/7],UNVERIFIED,no route from test server (geo-lock/IPv6/timeout) - test on the TV box,10.07,https://5f86a49aedff6.streamlock.net/nos_pais_24_7/nos_pais_24_7/playlist.m3u8
TV,iptv-org English,Nosey (1080p),OK,HLS playlist + segment reachable,0.25,https://nosey-intl-1-samsungau.amagi.tv/playlist.m3u8
TV,iptv-org English,Nosey UK,FAIL,HTTP 403,0.94,https://jmp2.uk/plu-5dc2ba1a9c91420009db4858.m3u8
TV,iptv-org English,Noursat English (576p),OK,HLS playlist + segment reachable,0.47,https://svs.itworkscdn.net/noursatenglive/noursateng.smil/playlist.m3u8
TV,iptv-org English,NRBTV (720p),FAIL,HTTP 403,0.25,http://145.239.5.177/215/index.m3u8
TV,iptv-org English,NTA International (576p) [Not 24/7],UNVERIFIED,no route from test server (geo-lock/IPv6/timeout) - test on the TV box,10.07,https://api.visionip.tv/live/ASHTTP/visiontvuk-entertainment-ntai-hsslive-25f-4x3-MB/playlist.m3u8
TV,iptv-org English,NTD TV (1080p),OK,HLS playlist + segment reachable,0.33,https://ntd02.akamaized.net/HD-NY/index.m3u8
TV,iptv-org English,NTD TV West (720p),OK,HLS playlist + segment reachable,0.37,https://ntd02.akamaized.net/HD-LA/index.m3u8
TV,iptv-org English,NTD TV Canada,OK,HLS playlist + segment reachable,0.71,https://live.ntdtv.com/mllive860/playlist.m3u8
TV,iptv-org English,NTD TV Canada West,OK,HLS playlist + segment reachable,0.74,https://live.ntdtv.com/cwlive220/playlist.m3u8
TV,iptv-org English,NTV7,FAIL,HTTP 400,0.22,https://tonton-live-switch-ssar.akamaized.net/stream-ntv7/master.m3u8?bpkio_serviceid=6c0958d82a830a02ca0936d9cfab8311
TV,iptv-org English,NTV (Canada) CJON-DT (480p),OK,HLS playlist + segment reachable,0.21,https://2-fss-1.streamhoster.com/pl_122/201748-1431018-1/playlist.m3u8
TV,iptv-org English,NTV+,OK,HLS playlist + segment reachable,0.18,https://2-fss-1.streamhoster.com/pl_122/201748-1431018-1/chunklist.m3u8
TV,iptv-org English,Numb3rs,FAIL,HTTP 403,0.95,https://jmp2.uk/plu-63dbe8a1c111bc0008dec8b8.m3u8
TV,iptv-org English,Numb3rs NO,FAIL,HTTP 403,0.95,https://jmp2.uk/plu-63dbe78051f5d000083e9249.m3u8
TV,iptv-org English,Numbers (Sweden),FAIL,HTTP 403,0.91,https://jmp2.uk/plu-62bebb3a67307900077a7f9d.m3u8
TV,iptv-org English,NuView TV (360p),PARTIAL,"playlist OK, segment failed: HTTP Error 403: Forbidden",1.19,https://viewmedia7219.bozztv.com/wmedia/viewmedia100/web_002/Stream/playlist.m3u8
TV,iptv-org English,NYXT (1080p),FAIL,HTTP 502,0.47,https://reflect-stream-bronxnet.cablecast.tv/live-10/live/live.m3u8
TV,iptv-org English,OCN TV,OK,HLS playlist + segment reachable,0.49,https://5d12bc59c4748.streamlock.net/redirect/ocnbroadcasting.com/ocnbroadcasting2?type=m3u8
TV,iptv-org English,Oireachtas TV Committee Room 1 (720p),FAIL,HTTP 403,0.27,https://d33zah5htxvoxb.cloudfront.net/el/live/cr1/hls.m3u8
TV,iptv-org English,Oireachtas TV Committee Room 2 (720p),FAIL,HTTP 403,0.26,https://d33zah5htxvoxb.cloudfront.net/el/live/cr2/hls.m3u8
TV,iptv-org English,Oireachtas TV Committee Room 3 (720p),FAIL,HTTP 403,0.16,https://d33zah5htxvoxb.cloudfront.net/el/live/cr3/hls.m3u8
TV,iptv-org English,Oireachtas TV Committee Room 4 (720p),FAIL,HTTP 403,0.25,https://d33zah5htxvoxb.cloudfront.net/el/live/cr4/hls.m3u8
TV,iptv-org English,Oireachtas TV Dail Eireann (720p),FAIL,HTTP 403,0.17,https://d33zah5htxvoxb.cloudfront.net/el/live/dail/hls.m3u8
TV,iptv-org English,Oireachtas TV Seanad Eireann (720p),FAIL,HTTP 403,0.17,https://d33zah5htxvoxb.cloudfront.net/el/live/seanad/hls.m3u8
TV,iptv-org English,Okey [Geo-blocked],FAIL,HTTP 403,0.2,https://d25tgymtnqzu8s.cloudfront.net/smil:okey/playlist.m3u8?id=3
TV,iptv-org English,Olelo 49 (720p),OK,HLS playlist + segment reachable,0.42,https://cdn3.wowza.com/5/V2Y2VmhqMEFDTUkx/olelo/G0125_009/playlist.m3u8
TV,iptv-org English,Olelo 53 (720p),OK,HLS playlist + segment reachable,0.32,https://cdn3.wowza.com/5/V2Y2VmhqMEFDTUkx/olelo/G0125_011/playlist.m3u8
TV,iptv-org English,Olelo 54 (720p),OK,HLS playlist + segment reachable,0.33,https://cdn3.wowza.com/5/V2Y2VmhqMEFDTUkx/olelo/G0125_012/playlist.m3u8
TV,iptv-org English,Olelo 55 (720p),OK,HLS playlist + segment reachable,0.33,https://cdn3.wowza.com/5/V2Y2VmhqMEFDTUkx/olelo/G0125_013/playlist.m3u8
TV,iptv-org English,Oman Sports TV (1080p) [Not 24/7],OK,HLS playlist + segment reachable,0.3,https://partneta.cdn.mgmlcdn.com/omsport/smil:omsport.stream.smil/chunklist.m3u8
TV,iptv-org English,Omid e Iran TV,OK,HLS playlist + segment reachable,0.43,https://oitnhls.wns.live/hls/stream.m3u8
TV,iptv-org English,One 31 (720p),FAIL,HTTP 403,1.44,https://lb1-live-mv.v2h-cdn.com/hls/ffba/yogvfi/yogvfi.m3u8
TV,iptv-org English,One Golf (720p),UNVERIFIED,no route from test server (geo-lock/IPv6/timeout) - test on the TV box,10.01,http://162.250.201.58:6211/pk/ONEGOLF/index.m3u8
TV,iptv-org English,Ontario Parliamentary Network (720p),OK,HLS playlist + segment reachable,0.31,https://origin-http-delivery.isilive.ca/live/_definst_/ontla/house-en/playlist.m3u8
TV,iptv-org English,Ontario Public Access Channel (360p),OK,HLS playlist + segment reachable,0.44,https://cdn3.wowza.com/5/dk84U1p2UUdoMGxT/ontarioca/G2446_002/playlist.m3u8
TV,iptv-org English,OnTV4U (1080p) [Geo-blocked],OK,HLS playlist + segment reachable,0.35,https://stirr.b-cdn.net/stirr/playlist.m3u8
TV,iptv-org English,Orange Government Access TV (720p),OK,HLS playlist + segment reachable,0.21,https://livestream.telvue.com/ogat1/f7b44cfafd5c52223d5498196c8a2e7b.sdp/playlist.m3u8
TV,iptv-org English,OSBC TV (480p),FAIL,HTTP 403,0.23,https://cloud.odysee.live/content/0edfb4b7fb52d2d5ae30e052ce6b61d376fcd662/master.m3u8
TV,iptv-org English,OTV (Ghana) (720p),OK,HLS playlist + segment reachable,0.22,https://5dcabf026b188.streamlock.net/OceansTV/livestream/playlist.m3u8
TV,iptv-org English,OTV (Lebanon) (1080p),PARTIAL,"playlist OK, segment failed: <urlopen error _ssl.c:999: The handshake operation timed out",0.61,https://otv.hibridcdn.net/otv/tv_abr/playlist.m3u8
TV,iptv-org English,Outdoor America (1080p),OK,HLS playlist + segment reachable,0.44,https://d1e354daam8g5r.cloudfront.net/playlist.m3u8
TV,iptv-org English,Outdoor Channel (1080p),OK,HLS playlist + segment reachable,0.32,https://amg00718-outdoorchannela-outdoortv-samsungau-uc7mp.amagi.tv/playlist/amg00718-outdoorchannela-outdoortv-samsungau/playlist.m3u8
TV,iptv-org English,Outdoor Channel HD (720p),UNVERIFIED,no route from test server (geo-lock/IPv6/timeout) - test on the TV box,10.01,http://23.237.104.106:8080/USA_OUTDOOR/index.m3u8
TV,iptv-org English,Outlaw WGGS-TV (720p),OK,HLS playlist + segment reachable,0.23,https://content.uplynk.com/channel/1f93c13275024afb9e0ead299624073d.m3u8
TV,iptv-org English,Outside TV (1080p),OK,HLS playlist + segment reachable,0.39,https://outsidetv-firetv.amagi.tv/playlist.m3u8
TV,iptv-org English,Overcomers TV (720p),OK,HLS playlist + segment reachable,0.5,https://glorystartv.live/Overcomers/index.m3u8
TV,iptv-org English,Overtime (1080p),OK,HLS playlist + segment reachable,0.43,https://d1a8aq6t30gkqj.cloudfront.net/v1/amc_overtime_1/samsungheadend_us/latest/main/hls/playlist_hd.m3u8
TV,iptv-org English,Oxygen (720p),UNVERIFIED,no route from test server (geo-lock/IPv6/timeout) - test on the TV box,10.01,http://198.58.104.90:8989/oxygen/index.m3u8
TV,iptv-org English,Pac-12 Insider (1080p),OK,HLS playlist + segment reachable,0.26,https://pac12-firetv.amagi.tv/playlist.m3u8
TV,iptv-org English,Pacific Island Network (1080p),PARTIAL,"playlist OK, segment failed: HTTP Error 403: Forbidden",0.77,https://cdn.vegasplus.us/vegas/mpin/playlist.m3u8
TV,iptv-org English,Palm Beaches TV (720p),OK,HLS playlist + segment reachable,0.27,https://live.feed.thepalmbeaches.tv/index.m3u8
TV,iptv-org English,Panico (576p),UNVERIFIED,no route from test server (geo-lock/IPv6/timeout) - test on the TV box,10.01,http://181.78.8.199:8000/play/a0bt/index.m3u8
TV,iptv-org English,Panjab TV (576p),OK,HLS playlist + segment reachable,0.77,https://panjabtv.akamaized.net/panjabtv/panjabtvhlsout/playlist.m3u8
TV,iptv-org English,Paradise,FAIL,HTTP 403,0.9,https://jmp2.uk/plu-6380c73f76e43f000721f73b.m3u8
TV,iptv-org English,Paradise DK,FAIL,HTTP 403,0.92,https://jmp2.uk/plu-629e095e511d4b00070c9f44.m3u8
TV,iptv-org English,Paradise Hotel,FAIL,HTTP 403,1.01,https://jmp2.uk/plu-61c18e1e0cd4cc00076bc4b3.m3u8
TV,iptv-org English,Paradise Hotel DK,FAIL,HTTP 403,0.95,https://jmp2.uk/plu-61c19af83fae0a00078c8918.m3u8
TV,iptv-org English,Paradise Hotel NO,FAIL,HTTP 403,0.91,https://jmp2.uk/plu-61c1db901346480007b7c345.m3u8
TV,iptv-org English,Paradise Hotel: Under lagnerne,FAIL,HTTP 403,0.92,https://jmp2.uk/plu-662b71658dd8160008fc3abf.m3u8
TV,iptv-org English,Paranormal State,FAIL,HTTP 403,0.92,https://jmp2.uk/plu-60804d85858bd00007c5d591.m3u8
TV,iptv-org English,Pardesi TV (720p),OK,HLS playlist + segment reachable,0.23,http://stream.pardesitv.online/pardesi/tracks-v1a1/mono.m3u8
TV,iptv-org English,Parliament TV (New Zealand) (1080p),OK,HLS playlist + segment reachable,0.92,https://ptvlive.kordia.net.nz/out/v1/daf20b9a9ec5449dadd734e50ce52b74/index.m3u8
TV,iptv-org English,Pasco TV (480p),OK,HLS playlist + segment reachable,0.54,https://cpcdn.azureedge.net/PASCOCOFLLIVE1/PASCOCOFLLIVE1/playlist.m3u8
TV,iptv-org English,PBC TV Channel 20 (720p),OK,HLS playlist + segment reachable,0.51,https://pbcvideostreams1.pbc.gov/memfs/1af49f9a-6b90-4ec2-a640-7f65ceebed4a.m3u8
TV,iptv-org English,PBR RidePass (720p),FAIL,HTTP 403,0.34,https://jmp2.uk/plu-60d39387706fe50007fda8e8.m3u8
TV,iptv-org English,PBS (1080p) [Geo-blocked],OK,HLS playlist + segment reachable,0.44,https://pbs.lls.cdn.pbs.org/est/index.m3u8
TV,iptv-org English,PBS KETS [Geo-blocked],PARTIAL,unknown content-type ,0.31,https://ketsdt.lls.pbs.org/out/v1/03c094dbd7874a4a8c3fe9fb10081bdb/index.m3u8
TV,iptv-org English,PBS KHET (1080p) [Not 24/7],PARTIAL,unknown content-type ,0.45,https://khetdt.lls.pbs.org/out/v1/7ec7903413294b72bb64f83963d8ea9b/index.m3u8
TV,iptv-org English,PBS KMOS-TV (1080p) [Geo-blocked],OK,HLS playlist + segment reachable,0.36,https://hls-kmosdt.lls.cdn.pbs.org/hls/live/index.m3u8
TV,iptv-org English,PBS KQED (1080p),OK,application/vnd.apple.mpegurl,0.4,https://kqeddt2.lls.pbs.org/kqeddt2-hls.m3u8
TV,iptv-org English,PBS KUON-TV (1080p) [Geo-blocked],PARTIAL,unknown content-type ,0.33,https://kuondt.lls.pbs.org/out/v1/91d8b5ffc5c1453c8a621508a07749a6/index.m3u8
TV,iptv-org English,PBS KVIE (1080p),OK,application/vnd.apple.mpegurl,0.52,https://kviedt2.lls.pbs.org/kviedt2-hls.m3u8
TV,iptv-org English,PBS WEDQ (1080p),OK,application/vnd.apple.mpegurl,0.44,https://wedqdt4.lls.pbs.org/wedqdt4-hls.m3u8
TV,iptv-org English,PBS WJXT (720p),OK,HLS playlist + segment reachable,0.94,https://dai.google.com/linear/hls/event/RDmbn03GRCOLNG1eetEKhg/master.m3u8
TV,iptv-org English,PBS WNET (720p),UNVERIFIED,no route from test server (geo-lock/IPv6/timeout) - test on the TV box,10.01,http://4.30.180.36:8420/wnethd/index.m3u8?token=test
TV,iptv-org English,PBS WNJT (1080p) [Not 24/7],PARTIAL,unknown content-type ,0.27,https://wnjtdt.lls.pbs.org/out/v1/e62efd8d4f92403996425fc389df0ffd/index.m3u8
TV,iptv-org English,PBS Antiques Roadshow (1080p),OK,HLS playlist + segment reachable,0.31,https://amg00953-pbsusa-antiroadshow-xumo-x6ud5.amagi.tv/playlist.m3u8
TV,iptv-org English,PBS Nature (1080p),OK,HLS playlist + segment reachable,0.21,https://d3mr43kyql7wgk.cloudfront.net/PBS_Nature.m3u8
TV,iptv-org English,PBS Travel (1080p),OK,HLS playlist + segment reachable,0.24,https://d3hqevbyoxtkoi.cloudfront.net/PBS_Travel.m3u8
TV,iptv-org English,PCT Channel 26 (720p),OK,HLS playlist + segment reachable,0.33,https://livestream.telvue.com/pacificaca2/f7b44cfafd5c52223d5498196c8a2e7b.sdp/playlist.m3u8
TV,iptv-org English,PCT Channel 27 (720p),OK,HLS playlist + segment reachable,0.47,https://livestream.telvue.com/pacificaca1/f7b44cfafd5c52223d5498196c8a2e7b.sdp/playlist.m3u8
TV,iptv-org English,PCTV 26 (480p),OK,HLS playlist + segment reachable,1.03,https://cdn3.wowza.com/5/cXdyRHF0Z3kxN0k2/pinole/G0032_004/playlist.m3u8
TV,iptv-org English,PCTV 28 (480p),OK,HLS playlist + segment reachable,0.61,https://cdn3.wowza.com/5/cXdyRHF0Z3kxN0k2/pinole/G0032_002/playlist.m3u8
TV,iptv-org English,Peace TV English (1080p),OK,HLS playlist + segment reachable,0.87,https://dzkyvlfyge.erbvr.com/PeaceTvEnglish/index.m3u8
TV,iptv-org English,Peer TV South Tyrol (1280p),OK,HLS playlist + segment reachable,1.21,https://iptv.peer.biz/live/peertv-en.m3u8
TV,iptv-org English,Pent TV,OK,HLS playlist + segment reachable,0.34,https://playlist.dacast.com/live/a72117af-d78e-7ffe-7c12-1af6cd4a8483-live-42172a86-494b-a866-498f-dbaff4b5e3c0/master.m3u8
TV,iptv-org English,People Are Awesome (1080p),OK,HLS playlist + segment reachable,1.02,https://mumbai-edge.smartplaytv.in/PeopleAreAwesome/index.m3u8
TV,iptv-org English,People Are Awesome Poland (720p),OK,HLS playlist + segment reachable,0.39,https://3ab76e42.wurl.com/master/f36d25e7e52f1ba8d7e56eb859c636563214f541/UmFrdXRlblRWLWV1X1Blb3BsZUFyZUF3ZXNvbWVfSExT/playlist.m3u8
TV,iptv-org English,Perry Mason,FAIL,HTTP 403,0.28,https://jmp2.uk/plu-6197086891ddd4000739941a.m3u8
TV,iptv-org English,Perry Mason CA,FAIL,HTTP 403,0.3,https://jmp2.uk/plu-63e20bd160bc8f0008b4c949.m3u8
TV,iptv-org English,PFL MMA (720p),FAIL,HTTP 403,0.31,https://jmp2.uk/plu-64f6180130ab3300083d896b.m3u8
TV,iptv-org English,PGA Tour (1080p),OK,HLS playlist + segment reachable,0.41,https://d11k1mnrgfposz.cloudfront.net/playlist.m3u8
TV,iptv-org English,Phenomenal Life TV (1080p),UNVERIFIED,no route from test server (geo-lock/IPv6/timeout) - test on the TV box,6.07,https://5be80bd118c27.streamlock.net:433/phenomenaltv/phenomenal/playlist.m3u8
TV,iptv-org English,PhillyCAM (720p),OK,HLS playlist + segment reachable,0.29,https://livestream.telvue.com/phillycam1/f7b44cfafd5c52223d5498196c8a2e7b.sdp/playlist.m3u8
TV,iptv-org English,PHLgovTV (720p),OK,HLS playlist + segment reachable,0.3,https://livestream.telvue.com/ctyphiladelphia1/f7b44cfafd5c52223d5498196c8a2e7b.sdp/playlist.m3u8
TV,iptv-org English,PHXTV,OK,HLS playlist + segment reachable,0.33,https://cdn3.wowza.com/5/bGZUOHp2TnhudnM2/phoenix/G1498_006/playlist.m3u8
TV,iptv-org English,Pillar TV (720p) [Not 24/7],UNVERIFIED,no route from test server (geo-lock/IPv6/timeout) - test on the TV box,6.07,https://goliveafrica.media:9998/live/627e198474bd1/index.m3u8
TV,iptv-org English,Pimp My Ride,FAIL,HTTP 403,0.54,https://jmp2.uk/plu-61c09a3894aa450007814aea.m3u8
TV,iptv-org English,Pimp My Ride DK,FAIL,HTTP 403,0.28,https://jmp2.uk/plu-61c091343bf4940007803e03.m3u8
TV,iptv-org English,Pimp My Ride NO,FAIL,HTTP 403,0.29,https://jmp2.uk/plu-61c1d6e1f5acaf0007f8381d.m3u8
TV,iptv-org English,PixL TV,PARTIAL,"playlist OK, segment failed: HTTP Error 404: Not Found",0.28,https://frndlymsl.akamaized.net/hls/live/2006426/pixlmsl/pixlmsl/playlist.m3u8?hdnts=st=1606053234~exp=3216054041~acl=*~hmac=208d261d9f98d76a5ac30aa2ce51751f88ee50cfc24812b7cbea8b0397489a07
TV,iptv-org English,Placid (1080p) [Not 24/7],OK,HLS playlist + segment reachable,0.54,https://toy.vcdn.fyi/placid/index.m3u8
TV,iptv-org English,Planet Fun (1080p),UNVERIFIED,no route from test server (geo-lock/IPv6/timeout) - test on the TV box,10.01,http://66.102.126.10:8000/play/a02k/index.m3u8
TV,iptv-org English,Plous TV (1080p),OK,HLS playlist + segment reachable,0.34,https://vcp.myplaytv.com/glowtv/glowtv/playlist.m3u8
TV,iptv-org English,Plus TLT (720p),UNVERIFIED,no route from test server (geo-lock/IPv6/timeout) - test on the TV box,10.01,http://15.204.246.24:8080/PlusTLTHD/index.m3u8
TV,iptv-org English,Plus TV Africa (720p) [Not 24/7],UNVERIFIED,no route from test server (geo-lock/IPv6/timeout) - test on the TV box,10.05,https://5c0740dba62b3.streamlock.net/plustv/myStream/playlist.m3u8
TV,iptv-org English,Pluto TV Adventure,FAIL,HTTP 403,0.89,https://jmp2.uk/plu-69d7ebb726eeec84158e28cb.m3u8
TV,iptv-org English,Pluto TV Adventure CA,FAIL,HTTP 403,0.98,https://jmp2.uk/plu-653bdb0fbdf3cf00089cc395.m3u8
TV,iptv-org English,Pluto TV Animation,FAIL,HTTP 403,0.92,https://jmp2.uk/plu-612f761008a9e50007984ba0.m3u8
TV,iptv-org English,Pluto TV Anime,FAIL,HTTP 403,0.39,https://jmp2.uk/plu-5812b7d3249444e05d09cc49.m3u8
TV,iptv-org English,Pluto TV Anime CA,FAIL,HTTP 403,0.91,https://jmp2.uk/plu-68d25b620a0f3829b116bb6f.m3u8
TV,iptv-org English,Pluto TV Anime Movies,FAIL,HTTP 403,0.29,https://jmp2.uk/plu-67ed8f7e443f0671bc2b2368.m3u8
TV,iptv-org English,Pluto TV Backcountry,FAIL,HTTP 403,0.28,https://jmp2.uk/plu-5cabdf1437b88b26947346b2.m3u8
TV,iptv-org English,Pluto TV Buskis,FAIL,HTTP 403,0.93,https://jmp2.uk/plu-660d5f2a635c75000828855f.m3u8
TV,iptv-org English,Pluto TV Cars,FAIL,HTTP 403,0.95,https://jmp2.uk/plu-5812b3a4249444e05d09cc46.m3u8
TV,iptv-org English,Pluto TV Cars CA,FAIL,HTTP 403,0.9,https://jmp2.uk/plu-69c592dff0f1a7d732dc6e36.m3u8
TV,iptv-org English,Pluto TV Classic TV,FAIL,HTTP 403,0.91,https://jmp2.uk/plu-5d134a74ca91eedee1630faa.m3u8
TV,iptv-org English,Pluto TV Classic TV Variety,FAIL,HTTP 403,1.0,https://jmp2.uk/plu-68d25c623175a2780d051d3a.m3u8
TV,iptv-org English,Pluto TV Comedy,FAIL,HTTP 403,0.3,https://jmp2.uk/plu-5a4d3a00ad95e4718ae8d8db.m3u8
TV,iptv-org English,Pluto TV Comedy CA,FAIL,HTTP 403,1.02,https://jmp2.uk/plu-62e92178946c8000079a3160.m3u8
TV,iptv-org English,Pluto TV Competition,FAIL,HTTP 403,0.92,https://jmp2.uk/plu-603fde9026ecbf0007752c2c.m3u8
TV,iptv-org English,Pluto TV Crime GB,FAIL,HTTP 403,1.04,https://jmp2.uk/plu-5d767790d0438aceb41d03ae.m3u8
TV,iptv-org English,Pluto TV Fantastic,FAIL,HTTP 403,0.92,https://jmp2.uk/plu-5b64a245a202b3337f09e51d.m3u8
TV,iptv-org English,Pluto TV FBI,FAIL,HTTP 403,0.87,https://jmp2.uk/plu-693adae77f21340ef9746f56.m3u8
TV,iptv-org English,Pluto TV Game Shows,FAIL,HTTP 403,0.29,https://jmp2.uk/plu-6036e7c385749f00075dbd3b.m3u8
TV,iptv-org English,Pluto TV Handboll Highlights,FAIL,HTTP 403,0.92,https://jmp2.uk/plu-68dfa3e2cc3c6cd904052c41.m3u8
TV,iptv-org English,Pluto TV Handboll Live,FAIL,HTTP 403,1.07,https://jmp2.uk/plu-686faf533ffa5e0c912688e7.m3u8
TV,iptv-org English,Pluto TV Hometown Drama,FAIL,HTTP 403,0.94,https://jmp2.uk/plu-69d6c7befde57cd5ba0160c3.m3u8
TV,iptv-org English,Pluto TV Investigation,FAIL,HTTP 403,0.89,https://jmp2.uk/plu-63808dc806aa4700075f319a.m3u8
TV,iptv-org English,Pluto TV Lives,FAIL,HTTP 403,0.27,https://jmp2.uk/plu-5d8beeb39b5d5d5f8c672530.m3u8
TV,iptv-org English,Pluto TV Military,FAIL,HTTP 403,0.29,https://jmp2.uk/plu-5bb3fea0f711fd76340eebff.m3u8
TV,iptv-org English,Pluto TV Motor (Sweden),FAIL,HTTP 403,0.94,https://jmp2.uk/plu-68ac52fac9b5923e0585578b.m3u8
TV,iptv-org English,Pluto TV Motor (Sweden) DK,FAIL,HTTP 403,0.94,https://jmp2.uk/plu-68ac51dede4a734954b5a67a.m3u8
TV,iptv-org English,Pluto TV Motor (Sweden) NO,FAIL,HTTP 403,0.93,https://jmp2.uk/plu-68ac52b05190a45dc990ee39.m3u8
TV,iptv-org English,Pluto TV Reality (Germany) GB,FAIL,HTTP 403,1.17,https://jmp2.uk/plu-5bd8186d53ed2c6334ea0855.m3u8
TV,iptv-org English,Pluto TV Reality (United States),FAIL,HTTP 403,0.92,https://jmp2.uk/plu-69fa3faab9c0f0d444e64de3.m3u8
TV,iptv-org English,Pluto TV Reality (United States) CA,FAIL,HTTP 403,0.94,https://jmp2.uk/plu-67922858b83355184c699699.m3u8
TV,iptv-org English,Pluto TV Retro Crime Action,FAIL,HTTP 403,0.93,https://jmp2.uk/plu-69aee8a1acb7eb0bb68df641.m3u8
TV,iptv-org English,Pluto TV Retro Crime Drama,FAIL,HTTP 403,0.91,https://jmp2.uk/plu-630f1e6073bd1800082107f0.m3u8
TV,iptv-org English,Pluto TV Sanctuary,FAIL,HTTP 403,0.94,https://jmp2.uk/plu-63eb57d6c111bc0008fe2658.m3u8
TV,iptv-org English,Pluto TV Sci-fi Series,FAIL,HTTP 403,0.9,https://jmp2.uk/plu-619247c34a270700077c8415.m3u8
TV,iptv-org English,Pluto TV Sherlock,FAIL,HTTP 403,0.93,https://jmp2.uk/plu-5dc2c00abfed110009d97243.m3u8
TV,iptv-org English,Pluto TV Sitcoms GB,FAIL,HTTP 403,1.07,https://jmp2.uk/plu-62f53dc6ee9a0400071dc22b.m3u8
TV,iptv-org English,Pluto TV Snooker 900 (Germany) GB (720p),FAIL,HTTP 403,1.14,https://jmp2.uk/plu-655b7cbb2c46f300086f0afa.m3u8
TV,iptv-org English,Pluto TV Snooker 900 (Sweden) (720p),FAIL,HTTP 403,0.93,https://jmp2.uk/plu-68ac56363efb41cd979a8005.m3u8
TV,iptv-org English,Pluto TV Snooker 900 (Sweden) DK (720p),FAIL,HTTP 403,0.9,https://jmp2.uk/plu-68ac55bb3efb41cd979a65ec.m3u8
TV,iptv-org English,Pluto TV Snooker 900 (Sweden) NO (720p),FAIL,HTTP 403,0.95,https://jmp2.uk/plu-68ac55fe3efb41cd979a6877.m3u8
TV,iptv-org English,Pluto TV Snooker 900 (United States),FAIL,HTTP 403,1.05,https://jmp2.uk/plu-639b4f75d3d35c0007d37b30.m3u8
TV,iptv-org English,Pluto TV Sport (Sweden),FAIL,HTTP 403,0.95,https://jmp2.uk/plu-62cd74e38f6f0d000798cd93.m3u8
TV,iptv-org English,Pluto TV Sport (Sweden) DK,FAIL,HTTP 403,0.91,https://jmp2.uk/plu-6357f3de3643ba0007bc0b50.m3u8
TV,iptv-org English,Pluto TV Sport (Sweden) NO,FAIL,HTTP 403,1.04,https://jmp2.uk/plu-6357f33cb51d2d00077927c6.m3u8
TV,iptv-org English,Pluto TV Storage Wars (720p),FAIL,HTTP 403,0.97,https://jmp2.uk/plu-6887aaf4e3703b7d42b71a1e.m3u8
TV,iptv-org English,Pluto TV The Twilight Zone,FAIL,HTTP 403,0.26,https://jmp2.uk/plu-67352ed93a61d4000881f9fa.m3u8
TV,iptv-org English,Pluto TV Wipeout,FAIL,HTTP 403,0.94,https://jmp2.uk/plu-6909e5c3a3a4b49706b8373b.m3u8
TV,iptv-org English,PMI TV (720p) [Not 24/7],OK,HLS playlist + segment reachable,0.24,https://cdn.live247stream.com/pmi/tv/playlist.m3u8
TV,iptv-org English,Pocono Television Network (1080p),OK,HLS playlist + segment reachable,0.22,https://dfoiz3dv1euv7.cloudfront.net/ptnlive-s3/live1.m3u8
TV,iptv-org English,Pointe TV,OK,HLS playlist + segment reachable,0.22,https://tv.pointville.ag/hls/mystream.m3u8
TV,iptv-org English,PokerGo,FAIL,HTTP 403,0.92,https://jmp2.uk/plu-5fc54366b04b2300072e31af.m3u8
TV,iptv-org English,Pomona Internet Streaming Channel (720p),FAIL,HTTP 502,0.77,https://reflect-pomona.cablecast.tv/live-1/live/live.m3u8
TV,iptv-org English,Pop (1080p),OK,HLS playlist + segment reachable,0.34,https://amg01753-narrativeentert-popkids-lggb-xyy5k.amagi.tv/ts-eu-w1-n2/playlist/amg01753-narrativeentert-popkids-lggb/playlist.m3u8
TV,iptv-org English,Popstar! TV (1080p) [Not 24/7],UNVERIFIED,no route from test server (geo-lock/IPv6/timeout) - test on the TV box,0.12,https://linear-10.frequency.stream/dist/plex/10/hls/master/playlist.m3u8
TV,iptv-org English,Portlandia (720p),OK,HLS playlist + segment reachable,0.46,https://d1uvnirn6lhs2f.cloudfront.net/playlist.m3u8
TV,iptv-org English,Positiv TV (1080p),OK,HLS playlist + segment reachable,0.27,https://livecdn.use1-0004.jwplive.com/live/sites/fGLyccP5/media/FoWynVnP/live.isml/.m3u8
TV,iptv-org English,PowerHD,OK,HLS playlist + segment reachable,0.27,https://live2.tensila.com/1-1-1.power-tv/hls/master.m3u8
TV,iptv-org English,PowerNation TV (1080p),OK,HLS playlist + segment reachable,0.32,https://amg01258-raycomsports-powernationau-samsungau-18bwc.amagi.tv/playlist.m3u8
TV,iptv-org English,Praise TV (720p),OK,HLS playlist + segment reachable,0.43,https://livecdn.live247stream.com/praise/tv/playlist.m3u8
TV,iptv-org English,Premier Sports 1,FAIL,HTTP 403,0.78,https://7nyaler.streamhostingcdn.top/stream/47/index.m3u8
TV,iptv-org English,Premier Sports 2 (Ireland),FAIL,HTTP 403,0.83,https://7nyaler.streamhostingcdn.top/stream/5/index.m3u8
TV,iptv-org English,Premier Sports 2 (Philippines) (1080p),OK,HLS playlist + segment reachable,0.39,https://amg19223-amg19223c4-amgplt0351.playout.now3.amagi.tv/playlist/amg19223-amg19223c4-amgplt0351/playlist.m3u8
TV,iptv-org English,Premier Sports (1080p),OK,HLS playlist + segment reachable,0.34,https://amg19223-amg19223c3-amgplt0351.playout.now3.amagi.tv/playlist/amg19223-amg19223c3-amgplt0351/playlist.m3u8
TV,iptv-org English,Prime Asia TV (1080p),OK,HLS playlist + segment reachable,0.24,http://primeasia.selfip.net/Samsung/index.m3u8
TV,iptv-org English,PRO TV HD,PARTIAL,empty HLS playlist,1.02,http://eb4b8dcf.kablakaka.ru/iptv/3KZ2W9GEEY49ZV/6997/index.m3u8
TV,iptv-org English,PSD TV (720p),FAIL,HTTP 502,0.57,https://reflect-broadcast-psdschools.cablecast.tv/live-6/live/live.m3u8
TV,iptv-org English,PSL TV (360p),OK,HLS playlist + segment reachable,0.59,https://cdn3.wowza.com/5/UWpORHhLSEs5SkJs/psl/G0262_003/playlist.m3u8
TV,iptv-org English,PTL TV Network (1080p),FAIL,HTTP 403,0.35,https://storage.sardius.media/archives/-KyMV-J0vDqnClcSXs8p/events/site_1a4721d3BA/playlist.m3u8
TV,iptv-org English,Public 4K TV HD,UNVERIFIED,no route from test server (geo-lock/IPv6/timeout) - test on the TV box,10.01,http://103.180.240.141:8080/hls/main1/playlist.m3u8
TV,iptv-org English,Pulse95 Radio (1080p),OK,HLS playlist + segment reachable,0.47,https://svs.itworkscdn.net/pulse95live/pulse96/playlist.m3u8
TV,iptv-org English,Pursuit Channel (720p),FAIL,HTTP 404,0.39,https://a-cdn.klowdtv.com/live3/pursuit_720p/playlist.m3u8
TV,iptv-org English,PursuitUP (1080p),OK,HLS playlist + segment reachable,0.36,https://d1p1siomv3cm7b.cloudfront.net/playlist.m3u8
TV,iptv-org English,Puto TV Classic TV Crime Drama,FAIL,HTTP 403,0.91,https://jmp2.uk/plu-696e61287d2afdec4ff2cb75.m3u8
TV,iptv-org English,Qausain TV (720p),OK,HLS playlist + segment reachable,0.71,https://acasmedia3.acangroup.org/qausaintv/qausaintv_output/playlist.m3u8
TV,iptv-org English,QTV Gambia (720p) [Not 24/7],OK,HLS playlist + segment reachable,1.37,https://player.qtv.gm/hls/live.stream.m3u8
TV,iptv-org English,Quest TV (240p) [Not 24/7],UNVERIFIED,no route from test server (geo-lock/IPv6/timeout) - test on the TV box,6.06,https://media2.streambrothers.com:19360/8028/8028.m3u8
TV,iptv-org English,Quo Vadis TV (720p),OK,HLS playlist + segment reachable,1.4,https://tgn.bozztv.com/qvtv/qvtv-web/playlist.m3u8
TV,iptv-org English,Quran TV (Pakistan) (576p),UNVERIFIED,no route from test server (geo-lock/IPv6/timeout) - test on the TV box,10.01,http://103.250.28.74:8000/play/a03e/index.m3u8
TV,iptv-org English,QVC2 (720p),OK,HLS playlist + segment reachable,0.26,https://qvc-amd-live.akamaized.net/hls/live/2034113/lsqvc2us/master.m3u8
TV,iptv-org English,QVC3 (1080p),OK,HLS playlist + segment reachable,0.22,https://qvc-amd-live.akamaized.net/hls/live/2034113/lsqvc3us/master.m3u8
TV,iptv-org English,QVC (United Kingdom) (540p),OK,HLS playlist + segment reachable,0.34,https://qvcuk-live.akamaized.net/hls/live/2097112/qvc/master.m3u8
TV,iptv-org English,QVC (United States) (720p),OK,HLS playlist + segment reachable,0.23,https://qvc-amd-live.akamaized.net/hls/live/2034113/lsqvc1us/master.m3u8
TV,iptv-org English,QVC Beauty (540p),OK,HLS playlist + segment reachable,0.54,https://qvcuk-live.akamaized.net/hls/live/2097112/qby/master.m3u8
TV,iptv-org English,QVC Extra (540p),OK,HLS playlist + segment reachable,0.56,https://qvcuk-live.akamaized.net/hls/live/2097112/qex/master.m3u8
TV,iptv-org English,QVC Style (United Kingdom) (540p),OK,HLS playlist + segment reachable,0.7,https://qvcuk-live.akamaized.net/hls/live/2097112/qst/master.m3u8
TV,iptv-org English,r8Dio TV,FAIL,HTTP 403,0.94,https://jmp2.uk/plu-698ddf5a8c21a5f2d64c14a8.m3u8
TV,iptv-org English,Raajje TV,OK,HLS playlist + segment reachable,1.39,https://raajjetv.yarr-myn.workers.dev/RaajjeTv.m3u8
TV,iptv-org English,RACER International (1080p),OK,HLS playlist + segment reachable,0.57,https://amg00378-mavtv-amg00378c2-rakuten-us-1048.playouts.now.amagi.tv/playlist/amg00378-mavtvfast-motorsportsnetwork-rakutenus/playlist.m3u8
TV,iptv-org English,Racer Network (1080p),OK,HLS playlist + segment reachable,0.7,https://amg00378-mavtv-amg00378c2-samsung-au-1790.playouts.now.amagi.tv/playlist/amg00378-mavtvfast-motorsportsnetwork-samsungau/playlist.m3u8
TV,iptv-org English,Racer Select (1080p),OK,HLS playlist + segment reachable,0.33,https://amg00378-amg00378c4-freelivesports-emea-5637.playouts.now.amagi.tv/playlist.m3u8
TV,iptv-org English,Racing.com (720p),FAIL,HTTP 400,0.6,https://racingvic-i.akamaized.net/hls/live/598695/racingvic/index1500.m3u8
TV,iptv-org English,RadiantTV (1080p),OK,HLS playlist + segment reachable,0.75,https://rpn.bozztv.com/radiant/radiant/radiant/index.m3u8
TV,iptv-org English,Radio Tele Puissance,UNVERIFIED,no route from test server (geo-lock/IPv6/timeout) - test on the TV box,6.05,https://video1.getstreamhosting.com:1936/8560/8560/playlist.m3u8
TV,iptv-org English,Rai Italia (1080p),OK,HLS playlist + segment reachable,0.28,https://d3k8wzt41aflvx.cloudfront.net/RAIEU/Live.m3u8
TV,iptv-org English,Rai Italia Australia (1080p),OK,HLS playlist + segment reachable,0.17,https://d3k8wzt41aflvx.cloudfront.net/RAIHD/Live.m3u8
TV,iptv-org English,Raia TV (720p) [Not 24/7],UNVERIFIED,no route from test server (geo-lock/IPv6/timeout) - test on the TV box,6.16,https://goliveafrica.media:9998/live/64873b6222c93/index.m3u8
TV,iptv-org English,Rainbow Ruby (720p),OK,HLS playlist + segment reachable,0.31,https://dt9mwqwe98q7o.cloudfront.net/master.m3u8
TV,iptv-org English,Rakuten Viki Poland,OK,HLS playlist + segment reachable,0.21,https://fd18f1cadd404894a31a3362c5f319bd.mediatailor.us-east-1.amazonaws.com/v1/master/04fd913bb278d8775298c26fdca9d9841f37601f/RakutenTV-eu_RakutenViki-1/playlist.m3u8
TV,iptv-org English,Rally TV (1080p),OK,HLS playlist + segment reachable,0.36,https://rally-tv-live.akamaized.net/hls/live/2117704/RallyTV-Pri/master.m3u8
TV,iptv-org English,Rapid TV (480p),OK,HLS playlist + segment reachable,0.33,https://stream-hls.castr-cdn.com/6a05a899db0ebd344a759542/live_9655bc604f8211f19e748901a3f596d0/index.m3u8
TV,iptv-org English,Rave TV (576p),PARTIAL,"playlist OK, segment failed: HTTP Error 403: Forbidden",1.5,https://viewmedia7219.bozztv.com/wmedia/viewmedia100/web_039/Stream/playlist.m3u8
TV,iptv-org English,Rawhide (Sweden),FAIL,HTTP 403,0.91,https://jmp2.uk/plu-6964bb3640c8de392514a0c6.m3u8
TV,iptv-org English,Rawhide (Sweden) DK,FAIL,HTTP 403,0.91,https://jmp2.uk/plu-6964ba787e92438c2754e924.m3u8
TV,iptv-org English,Rawhide (Sweden) NO,FAIL,HTTP 403,0.9,https://jmp2.uk/plu-6964baa63dfd98e10945ac51.m3u8
TV,iptv-org English,RCTV3 (480p),OK,HLS playlist + segment reachable,0.41,https://vod.cityofrc.us/live-6/live/stream-1/live.m3u8
TV,iptv-org English,RCTV (United States) (720p),OK,HLS playlist + segment reachable,0.25,https://livestream.telvue.com/riflecmttv2/f7b44cfafd5c52223d5498196c8a2e7b.sdp/playlist.m3u8
TV,iptv-org English,Real America's Voice (1080p),FAIL,URLError: <urlopen error [SSL: SSLV3_ALERT_HANDSHAKE_FAILURE] sslv3 al,0.29,https://stream.weathernationtv.com/RAVStirr_poekxujeisurekugzezyg/O1/playlistSCTE35.m3u8
TV,iptv-org English,Real America's Voice KPVM-LD,OK,HLS playlist + segment reachable,0.3,https://2-fss-2.streamhoster.com/pl_118/206858-4404454-1/playlist.m3u8
TV,iptv-org English,Real Madrid TV English,UNVERIFIED,no route from test server (geo-lock/IPv6/timeout) - test on the TV box,10.01,http://88.212.15.19/live/real_madrid_tv/index.m3u8
TV,iptv-org English,Real Wild (1080p),OK,HLS playlist + segment reachable,0.27,https://lds-realwild-samsungau.amagi.tv/playlist.m3u8
TV,iptv-org English,Red Apple 21 (480p) [Not 24/7],OK,HLS playlist + segment reachable,0.52,https://cs.ebmcdn.net/eastbay-live-hs-1/fcps/mp4:fcps/playlist.m3u8
TV,iptv-org English,Red Bull TV (1080p),OK,HLS playlist + segment reachable,0.34,https://3ea22335.wurl.com/master/f36d25e7e52f1ba8d7e56eb859c636563214f541/UmFrdXRlblRWLWdiX1JlZEJ1bGxUVl9ITFM/playlist.m3u8
TV,iptv-org English,Red Bull TV AU (1080p),OK,HLS playlist + segment reachable,0.42,https://db34cc6127ac459db55cab5f97cd66b9.mediatailor.us-west-2.amazonaws.com/v1/master/ba62fe743df0fe93366eba3a257d792884136c7f/LINEAR-680-WORBAUENFAST-WHALETVPLUS/680/whaletvplus/hls/master/playlist.m3u8
TV,iptv-org English,Red Bull TV SD (1080p),OK,HLS playlist + segment reachable,0.43,https://rbmn-live.akamaized.net/hls/live/590964/BoRB-AT/master.m3u8
TV,iptv-org English,Red Bull TV UK (1080p),OK,HLS playlist + segment reachable,0.42,https://1a3566cb46914c5499fbc86fbc4ac87e.mediatailor.us-west-2.amazonaws.com/v1/master/ba62fe743df0fe93366eba3a257d792884136c7f/LINEAR-932-WORBUKENFAST-WHALETVPLUS/932/whaletvplus/hls/master/playlist.m3u8
TV,iptv-org English,Red Bull TV US (1080p),OK,HLS playlist + segment reachable,0.46,https://0b73ace69ebb45eaa249bb87837cb958.mediatailor.us-west-2.amazonaws.com/v1/master/ba62fe743df0fe93366eba3a257d792884136c7f/LINEAR-644-WORBUSENFAST-LG_US/644/lgtv/hls/master/playlist.m3u8
TV,iptv-org English,Red CCTV (480p),UNVERIFIED,no route from test server (geo-lock/IPv6/timeout) - test on the TV box,6.05,https://solo.disfrutaenlared.com:1936/redcctv/redcctv/playlist.m3u8
TV,iptv-org English,Reno 911,FAIL,HTTP 403,0.89,https://jmp2.uk/plu-65e9781a2873090008b48d8a.m3u8
TV,iptv-org English,Reno 911 DK,FAIL,HTTP 403,0.93,https://jmp2.uk/plu-65e9766eec9fda0008cb418a.m3u8
TV,iptv-org English,Reno 911 NO,FAIL,HTTP 403,0.92,https://jmp2.uk/plu-65e977874e01740008c9fb4c.m3u8
TV,iptv-org English,Resurrection TV (720p),OK,HLS playlist + segment reachable,0.25,https://1681360479.rsc.cdn77.org/1681360479/index.m3u8
TV,iptv-org English,Retro TV (720p) [Geo-blocked],OK,HLS playlist + segment reachable,0.31,https://freecast-lukentvlive.vgcdn.net/out/v1/665e9f91614b43b0a0654e9317f1d9f3/index.m3u8
TV,iptv-org English,RetroCrush (1080p),OK,HLS playlist + segment reachable,0.4,https://linear-899.frequency.stream/dist/cineverse/899/hls/master/playlist.m3u8
TV,iptv-org English,Rev and Roll (720p),OK,HLS playlist + segment reachable,0.27,https://d39nqr4d4h6cv6.cloudfront.net/master.m3u8
TV,iptv-org English,REV'N Action (720p) [Geo-blocked],OK,HLS playlist + segment reachable,0.35,https://freecast-lukentvlive.vgcdn.net/out/v1/a4f31f297fc5440f814bd2cffd77e689/index.m3u8
TV,iptv-org English,Revolt (720p),UNVERIFIED,no route from test server (geo-lock/IPv6/timeout) - test on the TV box,10.01,http://23.237.104.106:8080/USA_REVOLT/index.m3u8
TV,iptv-org English,Revry (1080p),OK,HLS playlist + segment reachable,0.61,https://linear-43.frequency.stream/dist/24i/43/hls/master/playlist.m3u8
TV,iptv-org English,Revry LatinX (720p),OK,HLS playlist + segment reachable,0.8,https://linear-142.frequency.stream/dist/24i/142/hls/master/playlist.m3u8
TV,iptv-org English,Revry News (720p) [Not 24/7],UNVERIFIED,no route from test server (geo-lock/IPv6/timeout) - test on the TV box,0.07,https://linear-44.frequency.stream/dist/plex/44/hls/master/playlist.m3u8
TV,iptv-org English,Revry Queer (720p),OK,HLS playlist + segment reachable,0.82,https://linear-43.frequency.stream/dist/galxy/43/hls/master/playlist.m3u8
TV,iptv-org English,RFD-TV,FAIL,HTTP 503,0.45,https://rfdtv-jw.cdn.vustreams.com/live/7cba1a3b-318a-4097-8492-374478370b91/live.isml/7cba1a3b-318a-4097-8492-374478370b91.m3u8
TV,iptv-org English,Riddim & Hope TV,OK,HLS playlist + segment reachable,1.83,https://6zklxwavdw9b-hls-live.5centscdn.com/RIDDIMNHOPE/0954119dc19d9003dd5f4bb37b3f559e.sdp/playlist.m3u8
TV,iptv-org English,Ridiculousness (United States),FAIL,HTTP 403,0.95,https://jmp2.uk/plu-6996296087742204bff43147.m3u8
TV,iptv-org English,Ridiculousness: Nya avsnitt,FAIL,HTTP 403,1.03,https://jmp2.uk/plu-68dfa1e7fae18f8db6218703.m3u8
TV,iptv-org English,Ridiculousness: Nye afsnit,FAIL,HTTP 403,0.9,https://jmp2.uk/plu-68dfa160cc3c6cd90404d798.m3u8
TV,iptv-org English,Ridiculousness: Nye episoder,FAIL,HTTP 403,0.93,https://jmp2.uk/plu-68dfa1a7fae18f8db6218222.m3u8
TV,iptv-org English,RiffTrax (720p),OK,HLS playlist + segment reachable,0.2,https://wurlrifftrax.global.transmit.live/hls/68222b9cbe836edbe6f39e74/playlist.m3u8
TV,iptv-org English,Right Now TV (720p),OK,HLS playlist + segment reachable,0.38,https://a-cdn.klowdtv.com/live2/rightnowtv_720p/playlist.m3u8
TV,iptv-org English,RLW TV (576p) [Not 24/7],UNVERIFIED,no route from test server (geo-lock/IPv6/timeout) - test on the TV box,0.06,https://webstreaming-8.viewmedia.tv/web_119/Stream/playlist.m3u8
TV,iptv-org English,Roar (1080p),PARTIAL,"playlist OK, segment failed: HTTP Error 404: Not Found",0.27,https://fast-channels.sinclairstoryline.com/TBD/index.m3u8
TV,iptv-org English,Roar KCWX (720p) [Not 24/7],UNVERIFIED,no route from test server (geo-lock/IPv6/timeout) - test on the TV box,10.01,http://65.36.6.216:1935/live/kcwx.smil/playlist.m3u8
TV,iptv-org English,Roar KOKI-TV (1080p),OK,HLS playlist + segment reachable,0.57,https://cdn-uw2-prod.tsv2.amagi.tv/linear/amg02104-imagicommcommun-kokibreaking-ono/playlist.m3u8
TV,iptv-org English,Roar WKEF (1080p),FAIL,HTTP 503,0.28,https://linear-690.frequency.stream/dist/stirr/690/hls/master/playlist.m3u8
TV,iptv-org English,Roar WSBT-TV (1080p),FAIL,HTTP 503,0.55,https://linear-693.frequency.stream/dist/stirr/693/hls/master/playlist.m3u8
TV,iptv-org English,Robinson Ekspeditionen,FAIL,HTTP 403,0.93,https://jmp2.uk/plu-63a42df60cc44a0007dd47f8.m3u8
TV,iptv-org English,ROCK Action (1080p),UNVERIFIED,no route from test server (geo-lock/IPv6/timeout) - test on the TV box,10.01,http://nmk.ioapk.com:5050/4gtv-live138/index.m3u8
TV,iptv-org English,ROCK Entertainment HD (720p),UNVERIFIED,no route from test server (geo-lock/IPv6/timeout) - test on the TV box,10.01,http://58.8.186.128:10006/bysid/2612
TV,iptv-org English,ROCK X Stream (720p),UNVERIFIED,no route from test server (geo-lock/IPv6/timeout) - test on the TV box,10.01,http://58.8.186.128:10007/bysid/2811
TV,iptv-org English,Rocky Hill Channel 16 (480p),FAIL,HTTP 404,0.36,https://securestream9.champds.com/LIVE/RockyHillCTLIVE/RockyHillCTLIVE.m3u8
TV,iptv-org English,ROV TV (576p),OK,HLS playlist + segment reachable,0.94,https://viewmedia7219.bozztv.com/wmedia/viewmedia100/web_012/Stream/playlist.m3u8
TV,iptv-org English,RSI La 2,FAIL,HTTP 403,0.53,https://7nyaler.streamhostingcdn.top/stream/41/index.m3u8
TV,iptv-org English,RTB Go (720p),FAIL,HTTP 403,0.19,https://d1211whpimeups.cloudfront.net/smil:rtbgo/playlist.m3u8
TV,iptv-org English,RTB Sukmaindera (720p),FAIL,HTTP 403,0.23,https://d1211whpimeups.cloudfront.net/smil:rtb1/playlist.m3u8
TV,iptv-org English,RTHK TV 32 (1080p) [Geo-blocked],FAIL,HTTP 403,0.31,https://rthktv32-live.akamaized.net/hls/live/2036819/RTHKTV32/master.m3u8
TV,iptv-org English,RTHK TV 33 (1080p) [Geo-blocked],FAIL,HTTP 403,0.27,https://rthktv33-live.akamaized.net/hls/live/2101641/RTHKTV33/master.m3u8
TV,iptv-org English,RTHK TV 34 (1080p) [Geo-blocked],FAIL,HTTP 403,0.29,https://rthktv34-live.akamaized.net/hls/live/2101642/RTHKTV34/master.m3u8
TV,iptv-org English,RTR-Planeta US (720p) [Geo-blocked],OK,HLS playlist + segment reachable,0.52,https://stream.smotrim.ru/hls/planeta_rtr_usa/playlist.m3u8?entity=channel&id=513&sign=3ac5d8e2db71ef7fc3d4becbff7512d8
TV,iptv-org English,RugbyPass TV (720p),FAIL,HTTP 403,0.91,https://jmp2.uk/plu-66f137cb483d460008ece053.m3u8
TV,iptv-org English,RVTV (1080p),OK,HLS playlist + segment reachable,0.35,https://rvtv-on-freecast.b-cdn.net/RVTV-on-Freecast/index.m3u8
TV,iptv-org English,RVTV Civic (720p),OK,HLS playlist + segment reachable,0.29,https://livestream.telvue.com/roguevalleycmttv2/f7b44cfafd5c52223d5498196c8a2e7b.sdp/playlist.m3u8
TV,iptv-org English,RVTV Grants Pass (720p),OK,HLS playlist + segment reachable,0.33,https://livestream.telvue.com/roguevalleycmttv4/f7b44cfafd5c52223d5498196c8a2e7b.sdp/playlist.m3u8
TV,iptv-org English,RVTV Prime (720p),OK,HLS playlist + segment reachable,0.28,https://livestream.telvue.com/roguevalleycmttv1/f7b44cfafd5c52223d5498196c8a2e7b.sdp/playlist.m3u8
TV,iptv-org English,RVTV Voices (720p),OK,HLS playlist + segment reachable,0.33,https://livestream.telvue.com/roguevalleycmttv3/f7b44cfafd5c52223d5498196c8a2e7b.sdp/playlist.m3u8
TV,iptv-org English,Rwanda TV (480p) [Not 24/7],UNVERIFIED,no route from test server (geo-lock/IPv6/timeout) - test on the TV box,10.01,http://197.243.19.131:1935/rtv25/rtv/chunklist.m3u8
TV,iptv-org English,S4C (1080p) [Geo-blocked],OK,application/dash+xml,0.54,https://v2.uk.live.s4c-cdn.co.uk/out/v1/S4C/UK_TX/uk_live/uk-tx-dvb.mpd
TV,iptv-org English,S Free! (360p),OK,HLS playlist + segment reachable,0.2,https://vodcdn.bamboo-cloud.com/livehls/6a81c67306304414d27742d3/master.m3u8
TV,iptv-org English,S Metro TV (360p),OK,HLS playlist + segment reachable,0.18,https://vodcdn.bamboo-cloud.com/livehls/6a9f8b4606304461c50dfe93/master.m3u8
TV,iptv-org English,S Premium! HD (360p),OK,HLS playlist + segment reachable,0.16,https://vodcdn.bamboo-cloud.com/livehls/68d0876e06304461862415b2/master.m3u8
TV,iptv-org English,S Sport 2 (720p),UNVERIFIED,no route from test server (geo-lock/IPv6/timeout) - test on the TV box,1.46,https://corestream.siteyaptim.live/s-sport2/index.m3u8
TV,iptv-org English,S Sport (720p),UNVERIFIED,no route from test server (geo-lock/IPv6/timeout) - test on the TV box,0.72,https://corestream.siteyaptim.live/s-sport/index.m3u8
TV,iptv-org English,SABC 1 (720p) [Geo-blocked],FAIL,HTTP 403,0.52,https://sabconeta.cdn.mangomolo.com/sabc1/smil:sabc1.stream.smil/master.m3u8
TV,iptv-org English,SABC 2 [Geo-blocked],FAIL,HTTP 403,0.51,https://sabctwota.cdn.mangomolo.com/sabc2/smil:sabc2.stream.smil/master.m3u8
TV,iptv-org English,Sabrina The Teenage Witch,FAIL,HTTP 403,0.88,https://jmp2.uk/plu-66276091cee0d900085fe053.m3u8
TV,iptv-org English,Sabrina the Teenage Witch,FAIL,HTTP 403,0.97,https://jmp2.uk/plu-6512d72b473a540008592be5.m3u8
TV,iptv-org English,Sabrina the Teenage Witch DK,FAIL,HTTP 403,0.28,https://jmp2.uk/plu-6512ecf63a0d700008db506a.m3u8
TV,iptv-org English,Sabrina the Teenage Witch NO,FAIL,HTTP 403,0.97,https://jmp2.uk/plu-6512d3c96a84140008513ff5.m3u8
TV,iptv-org English,Safeer TV (1080p),OK,HLS playlist + segment reachable,0.43,https://cdn3.wowza.com/1/YStGZlJRdktzZkdK/VXROZWNW/hls/live/playlist.m3u8
TV,iptv-org English,Salt TV (Uganda),FAIL,HTTP 403,0.21,https://stream.salttelevision.com/hls/stream.m3u8
TV,iptv-org English,Salvation TV (India) (1080p),UNVERIFIED,no route from test server (geo-lock/IPv6/timeout) - test on the TV box,6.07,https://ktismaservers.in:3902/live/salvationtvlive.m3u8
TV,iptv-org English,Salvation TV (Nigeria) (576p),PARTIAL,"playlist OK, segment failed: HTTP Error 403: Forbidden",0.8,https://viewmedia7219.bozztv.com/wmedia/viewmedia100/web_017/Stream/playlist.m3u8
TV,iptv-org English,Samsung Wildlife (720p) [Geo-blocked],OK,HLS playlist + segment reachable,0.46,https://pb-olm46bexcljjf.akamaized.net/Samsung_Wild_Life.m3u8
TV,iptv-org English,Sangat TV (576p),OK,HLS playlist + segment reachable,1.06,https://mumt06.tangotv.in/qYyB8fXVSANGATTV/index.m3u8
TV,iptv-org English,Sankhya TV (720p),OK,HLS playlist + segment reachable,0.68,https://5c59fd5680a05.streamlock.net/live/_definst_/ngrp:SANKHYATV.stream_all/playlist.m3u8
TV,iptv-org English,Sansad TV 1 (1080p),OK,HLS playlist + segment reachable,2.0,https://playhls.media.nic.in/hls/live/lstv/lstv.m3u8
TV,iptv-org English,Sansad TV 1 HD (1080p),OK,HLS playlist + segment reachable,0.43,https://d2lk5u59tns74c.cloudfront.net/out/v1/fff8f20221d5456e8922e689d71dedc3/index.m3u8
TV,iptv-org English,Sansad TV 2,OK,HLS playlist + segment reachable,1.06,https://cdn.pishow.tv/ott/live/39/master.m3u8
TV,iptv-org English,Sansad TV 2 HD (1080p),OK,HLS playlist + segment reachable,0.38,https://d2lk5u59tns74c.cloudfront.net/out/v1/e4182054dce340da9e0ff38b6b3658a4/index.m3u8
TV,iptv-org English,Sardari TV (1080p) [Not 24/7],UNVERIFIED,no route from test server (geo-lock/IPv6/timeout) - test on the TV box,10.01,http://158.69.124.9:1935/sardaritv/sardaritv/playlist.m3u8
TV,iptv-org English,Saudi Thaqafiya TV (1080p),OK,HLS playlist + segment reachable,0.35,https://shd-gcp-live.edgenextcdn.net/live/bitmovin-thaqafeyyah/28c0d2a20dbf1dc049ce15d3973f494b/index.m3u8
TV,iptv-org English,Sayare TV (720p) [Not 24/7],UNVERIFIED,no route from test server (geo-lock/IPv6/timeout) - test on the TV box,6.06,https://goliveafrica.media:9998/live/636dedfa327d7/index.m3u8
TV,iptv-org English,SBN TV (720p),OK,HLS playlist + segment reachable,0.77,https://watch.sardius.media/channels/Ea867F3e1F56B06/site_c5402f016A/live.m3u8
TV,iptv-org English,SBN TV Global (720p),OK,HLS playlist + segment reachable,0.57,https://watch.sardius.media/channels/Ea867F3e1F56B06/site_8D363D13Eb/live.m3u8
TV,iptv-org English,SBN TV International (720p),OK,HLS playlist + segment reachable,0.54,https://watch.sardius.media/channels/Ea867F3e1F56B06/site_09a4778E89/live.m3u8
TV,iptv-org English,Schwab Network (1080p),OK,HLS playlist + segment reachable,0.52,https://content.uplynk.com/channel/f9aafa1f132e40af9b9e7238bc18d128.m3u8
TV,iptv-org English,Sci Fi,FAIL,HTTP 403,0.77,https://webtvstream.bhtelecom.ba/sci-fi.m3u8
TV,iptv-org English,Scientology Network (1080p),OK,HLS playlist + segment reachable,0.16,https://stream6.scientology.org/master.m3u8
TV,iptv-org English,Scientology Network KSCN-TV,OK,HLS playlist + segment reachable,0.16,https://stream-losangeles.scientology.org/master.m3u8
TV,iptv-org English,Scientology Network WFTT-TV,OK,HLS playlist + segment reachable,0.22,https://stream-tampa.scientology.org/master.m3u8
TV,iptv-org English,Scorpion (Germany),FAIL,HTTP 404,0.78,https://jmp2.uk/plu-63d000ef4e83e700086e0d6c.m3u8
TV,iptv-org English,Scorpion (Sweden),FAIL,HTTP 403,1.12,https://jmp2.uk/plu-63a1c9c2847a090007f248da.m3u8
TV,iptv-org English,Scorpion (Sweden) DK,FAIL,HTTP 403,0.54,https://jmp2.uk/plu-63a1caefc8d285000799e8af.m3u8
TV,iptv-org English,Scorpion (Sweden) NO,FAIL,HTTP 403,1.01,https://jmp2.uk/plu-63a1c959d9dd51000825d659.m3u8
TV,iptv-org English,Scottsdale Channel 11,OK,HLS playlist + segment reachable,0.32,https://cdn3.wowza.com/5/RXJNMFI3VlVkOEFP/scottsdale/G0040_007/chunklist.m3u8
TV,iptv-org English,Screen Dreams (720p),OK,HLS playlist + segment reachable,0.24,https://stream-us-east-1.getpublica.com/playlist.m3u8?network_id=2240
TV,iptv-org English,SCVTV (1080p),FAIL,HTTP 503,5.39,https://reflect-scvtv.cablecast.tv/live-2/live/live.m3u8
TV,iptv-org English,SEC Network (1080p),UNVERIFIED,no route from test server (geo-lock/IPv6/timeout) - test on the TV box,10.01,http://23.237.104.106:8080/USA_SEC_NETWORK/index.m3u8
TV,iptv-org English,Seraphim TV [Not 24/7],UNVERIFIED,no route from test server (geo-lock/IPv6/timeout) - test on the TV box,0.13,https://restream.churchtv247.co.za/Apostle/Hggc@24/1.m3u8
TV,iptv-org English,Setanta Sports (1080p),FAIL,HTTP 403,0.32,http://stream.mcquack.net/313/index.m3u8
TV,iptv-org English,Setanta Sports HD,OK,HLS playlist + segment reachable,0.65,http://sewv654wfcsdwfi87fwvgbngh.siauliairsavlt.pw/iptv/8P7MBSH7RRPL53/20074/index.m3u8
TV,iptv-org English,SF Commons 29 (480p),OK,application/vnd.apple.mpegurl,0.69,https://reflect-bayarea.cablecast.tv/live-5/live/live.m3u8
TV,iptv-org English,SF Commons 76 (480p),OK,application/vnd.apple.mpegurl,0.59,https://reflect-bayarea.cablecast.tv/live-6/live/live.m3u8
TV,iptv-org English,SFGovTV2 (720p),OK,HLS playlist + segment reachable,0.33,https://cdn3.wowza.com/5/ZFdxUW9BQWt2UWRL/sanfrancisco/G0051_050/playlist.m3u8
TV,iptv-org English,SFGovTV (720p),OK,HLS playlist + segment reachable,0.31,https://cdn3.wowza.com/5/ZFdxUW9BQWt2UWRL/sanfrancisco/G0051_048/playlist.m3u8
TV,iptv-org English,SGTN-49 (720p),PARTIAL,"playlist OK, segment failed: HTTP Error 403: Forbidden",0.82,https://rpn.bozztv.com/gusa/gusa-stgn/index.m3u8
TV,iptv-org English,SGTV (1080p),FAIL,HTTP 404,0.45,https://live.seminolecountyfl.gov/live-2/live/stream-1/live.m3u8
TV,iptv-org English,Shalom World (1080p),OK,HLS playlist + segment reachable,0.31,https://broadcaster-1.cclouds.in/srt-2/channel2_abr/playlist.m3u8
TV,iptv-org English,Shalom World Australia (1080p) [Geo-blocked],FAIL,HTTP 403,0.29,https://broadcaster-1.cclouds.in/srt-3/channel3_abr/playlist.m3u8
TV,iptv-org English,Shalom World Europe (1080p),PARTIAL,"playlist OK, segment failed: HTTP Error 403: Forbidden",0.24,https://broadcaster-1.cclouds.in/srt/channel1_abr/playlist.m3u8
TV,iptv-org English,Shalom World Prayer (1080p),PARTIAL,"playlist OK, segment failed: HTTP Error 403: Forbidden",0.25,https://broadcaster-1.cclouds.in/srt-4/channel4_abr/playlist.m3u8
TV,iptv-org English,Sharjah Sports (1080p) [Geo-blocked],FAIL,HTTP 403,0.3,https://svs.itworkscdn.net/smc4sportslive/smc4tv.smil/playlist.m3u8
TV,iptv-org English,Sheffield Live TV (360p) [Not 24/7],OK,HLS playlist + segment reachable,0.37,http://tv.sheffieldlive.org/hls/main.m3u8
TV,iptv-org English,Shemaroo Bollywood (1080p),OK,HLS playlist + segment reachable,0.56,https://cdn-uw2-prod.tsv2.amagi.tv/linear/amg00864-shemarooenterta-shemabollywood-ono/playlist.m3u8
TV,iptv-org English,Shine Star TV (720p) [Not 24/7],FAIL,HTTP 404,8.36,https://f-tx-edge-87.christianworldmedia.com/shinetvpak2/mp4:shinetvpak2/playlist.m3u8
TV,iptv-org English,Shop LC (1080p),OK,application/dash+xml,0.32,https://cdn-shop-lc-01.akamaized.net/Content/DASH_DASH/Live/channel(ott)/master.mpd
TV,iptv-org English,Shout! Factory TV (1080p),OK,HLS playlist + segment reachable,0.37,https://d1s1wrpgemt9re.cloudfront.net/Shout_TV.m3u8
TV,iptv-org English,Showtime (1080p),UNVERIFIED,no route from test server (geo-lock/IPv6/timeout) - test on the TV box,10.01,http://4.30.180.36:8420/showtime/mono.m3u8?token=test
TV,iptv-org English,Showtime Family Zone (720p),UNVERIFIED,no route from test server (geo-lock/IPv6/timeout) - test on the TV box,10.01,http://23.237.104.106:8080/USA_SHOWTIME_FAMILY/index.m3u8
TV,iptv-org English,Silver Screen (576p),UNVERIFIED,no route from test server (geo-lock/IPv6/timeout) - test on the TV box,10.01,http://103.250.28.74:8000/play/a044/index.m3u8
TV,iptv-org English,Sindh TV (1080p),UNVERIFIED,no route from test server (geo-lock/IPv6/timeout) - test on the TV box,10.01,http://103.250.28.74:8000/play/a00u/index.m3u8
TV,iptv-org English,Sitcom Legends,FAIL,HTTP 403,1.03,https://jmp2.uk/plu-633354b63df9700007f6a1b7.m3u8
TV,iptv-org English,Sketchy AF,FAIL,HTTP 403,0.97,https://jmp2.uk/plu-67882c1c7b11714b795c2008.m3u8
TV,iptv-org English,SKI TV (1080p) [Not 24/7],UNVERIFIED,no route from test server (geo-lock/IPv6/timeout) - test on the TV box,0.07,https://d2xeo83q8fcni6.cloudfront.net/v1/master/9d062541f2ff39b5c0f48b743c6411d25f62fc25/SkiTV-SportsTribal/193.m3u8
TV,iptv-org English,Skjonnhetsfellen Danmark,FAIL,HTTP 403,0.96,https://jmp2.uk/plu-643810f2e8a4aa0008ccf575.m3u8
TV,iptv-org English,Skonhetsfallan Danmark,FAIL,HTTP 403,1.0,https://jmp2.uk/plu-643808dce0789d00084797f6.m3u8
TV,iptv-org English,Skonne ombygninger,FAIL,HTTP 403,0.96,https://jmp2.uk/plu-61c19d329b8260000744331b.m3u8
TV,iptv-org English,Sky Mix HD (720p),UNVERIFIED,no route from test server (geo-lock/IPv6/timeout) - test on the TV box,10.01,http://188.138.29.131/skymix/index.m3u8
TV,iptv-org English,Sky News Weather (720p),OK,HLS playlist + segment reachable,0.39,https://distro001-gb-hls1-prd.delivery.skycdp.com/easel_cdn/ngrp:weather_loop.stream_all/playlist.m3u8
TV,iptv-org English,Sky Open (1080p) [Geo-blocked],FAIL,HTTP 403,0.23,https://primetv-prod.akamaized.net/v1/prime-freeview-aes128.m3u8
TV,iptv-org English,Sky Open +1 (576p) [Geo-blocked],UNVERIFIED,no route from test server (geo-lock/IPv6/timeout) - test on the TV box,0.11,https://linear-p.media.skyone.co.nz/primeplus1.clear.m3u8
TV,iptv-org English,Sky Racing 1 (720p),OK,HLS playlist + segment reachable,2.15,https://636ffd31f0e12.streamlock.net/RacingStream1/RacingStream1/playlist.m3u8
TV,iptv-org English,Sky Racing 2 (720p),OK,HLS playlist + segment reachable,1.66,https://636ffd31f0e12.streamlock.net/RacingStream2/RacingStream2/playlist.m3u8
TV,iptv-org English,Sky Sports Cricket (Ireland) (1080p),UNVERIFIED,no route from test server (geo-lock/IPv6/timeout) - test on the TV box,0.09,https://leaf.highfly.dev/m3u/now-sky-sports-cricket/live.m3u8
TV,iptv-org English,Sky Sports Cricket (United Kingdom) HD,OK,HLS playlist + segment reachable,0.57,https://bl.rutube.ru/livestream/7c13a51576b9ff2601f08f5d57dd5169/index.m3u8?s=uiXES2ePt7xTpQnbJxn7Dg&e=2074684474&scheme=https
TV,iptv-org English,Sky Sports F1 (1080p),UNVERIFIED,no route from test server (geo-lock/IPv6/timeout) - test on the TV box,10.5,https://xemzi.short.gy/2000005
TV,iptv-org English,Sky Sports Football (720p),UNVERIFIED,no route from test server (geo-lock/IPv6/timeout) - test on the TV box,10.01,http://188.138.29.131/skyfootball/index.m3u8
TV,iptv-org English,Sky Sports Golf HD (1080p),UNVERIFIED,no route from test server (geo-lock/IPv6/timeout) - test on the TV box,0.08,https://leaf.highfly.dev/m3u/now-sky-sports-golf/live.m3u8
TV,iptv-org English,Sky Thoroughbred Central (720p) [Geo-blocked],FAIL,HTTP 403,0.27,https://skylivetab-new.akamaized.net/hls/live/2038782/stcsd/index.m3u8
TV,iptv-org English,SLO County Channel 21 (360p),PARTIAL,"playlist OK, segment failed: HTTP Error 403: Forbidden",0.24,https://agp-nimble.streamguys1.com/SLOC/SLOC/playlist.m3u8
TV,iptv-org English,Slopes TV (720p),OK,HLS playlist + segment reachable,0.24,https://stream-us-east-1.getpublica.com/playlist.m3u8?network_id=2241
TV,iptv-org English,Smart LifeStyle TV (720p),OK,HLS playlist + segment reachable,0.64,https://brightstar-sls-pull-secure.akamaized.net/brightstarsls/stream.m3u8
TV,iptv-org English,Smash TV (720p),UNVERIFIED,no route from test server (geo-lock/IPv6/timeout) - test on the TV box,6.05,https://stream.smashmalta.com:25463/live/webplayer/livestream/47.m3u8
TV,iptv-org English,SMCTV Channel 23 (720p),OK,HLS playlist + segment reachable,0.3,https://livestream.telvue.com/santamariactv1/f7b44cfafd5c52223d5498196c8a2e7b.sdp/playlist.m3u8
TV,iptv-org English,SMCTV Channel 24 (720p),OK,HLS playlist + segment reachable,0.2,https://livestream.telvue.com/santamariactv2/f7b44cfafd5c52223d5498196c8a2e7b.sdp/playlist.m3u8
TV,iptv-org English,SMCTV Channel 25 (720p),OK,HLS playlist + segment reachable,0.21,https://livestream.telvue.com/santamariactv3/f7b44cfafd5c52223d5498196c8a2e7b.sdp/playlist.m3u8
TV,iptv-org English,Smithsonian Channel Selects (United States),FAIL,HTTP 403,0.93,https://jmp2.uk/plu-5f21ea08007a49000762d349.m3u8
TV,iptv-org English,SNL Vault (1080p),OK,HLS playlist + segment reachable,0.2,https://d4whmvwm0rdvi.cloudfront.net/10007/99993017/hls/master.m3u8?ads.xumo_channelId=99993017
TV,iptv-org English,So... Real UK (720p),OK,HLS playlist + segment reachable,0.32,https://all3media-soreal-1-gb.samsung.wurl.tv/playlist.m3u8
TV,iptv-org English,Sonic TV (720p),OK,HLS playlist + segment reachable,0.21,https://stream-us-east-1.getpublica.com/playlist.m3u8?network_id=2260
TV,iptv-org English,Sony Sports Ten 1 (1080p),PARTIAL,"playlist OK, segment failed: HTTP Error 403: Forbidden",0.24,https://cloudplay-sonyliv.pages.dev/ten1.m3u8
TV,iptv-org English,Sony Sports Ten 1 HD (1080p),PARTIAL,"playlist OK, segment failed: HTTP Error 403: Forbidden",0.36,https://cloudplay-sonyliv.pages.dev/ten1hd.m3u8
TV,iptv-org English,Sony Sports Ten 2 (1080p),PARTIAL,"playlist OK, segment failed: HTTP Error 403: Forbidden",0.22,https://cloudplay-sonyliv.pages.dev/ten2.m3u8
TV,iptv-org English,Sony Sports Ten 2 HD (1080p),PARTIAL,"playlist OK, segment failed: HTTP Error 403: Forbidden",0.19,https://cloudplay-sonyliv.pages.dev/ten2hd.m3u8
TV,iptv-org English,Sony Sports Ten 5 (1080p),PARTIAL,"playlist OK, segment failed: HTTP Error 403: Forbidden",0.22,https://cloudplay-sonyliv.pages.dev/ten5.m3u8
TV,iptv-org English,Sony Sports Ten 5 HD (1080p),PARTIAL,"playlist OK, segment failed: HTTP Error 403: Forbidden",0.19,https://cloudplay-sonyliv.pages.dev/ten5hd.m3u8
TV,iptv-org English,Sorozat+,UNVERIFIED,no route from test server (geo-lock/IPv6/timeout) - test on the TV box,10.01,http://88.212.15.19/live/test_sorozat_hungary_1200_atk/playlist.m3u8
TV,iptv-org English,Sound View Community Media (480p),OK,HLS playlist + segment reachable,0.33,https://livestream.telvue.com/soundviewcmt2/f7b44cfafd5c52223d5498196c8a2e7b.sdp/playlist.m3u8
TV,iptv-org English,Soundcity TV,FAIL,HTTP 403,0.66,https://cs2.push2stream.com/SOUNDCITY/playlist.m3u8
TV,iptv-org English,South Park (Germany) GB,FAIL,HTTP 403,0.99,https://jmp2.uk/plu-64edf6eaa7ec0d000812f58c.m3u8
TV,iptv-org English,South Park (Sweden),FAIL,HTTP 403,1.01,https://jmp2.uk/plu-61c0b627e3ed94000793c18a.m3u8
TV,iptv-org English,South Park (Sweden) DK,FAIL,HTTP 403,4.05,https://jmp2.uk/plu-61c098df897b9d00070375c8.m3u8
TV,iptv-org English,South Park (Sweden) NO,FAIL,HTTP 403,1.18,https://jmp2.uk/plu-61c1e88cd168ea0007068133.m3u8
TV,iptv-org English,South Park (United States),FAIL,HTTP 403,0.92,https://jmp2.uk/plu-62bdb1c5e25122000798ac79.m3u8
TV,iptv-org English,South Park Armageddon,FAIL,HTTP 403,0.88,https://jmp2.uk/plu-660bff7dc8311c0008b4bdb4.m3u8
TV,iptv-org English,South Park Armageddon DK,FAIL,HTTP 403,1.14,https://jmp2.uk/plu-660bff28516d260008479e23.m3u8
TV,iptv-org English,South Park Armageddon NO,FAIL,HTTP 403,0.9,https://jmp2.uk/plu-660bff5724e1d000085b7c07.m3u8
TV,iptv-org English,South Park En Francais,FAIL,HTTP 403,0.95,https://jmp2.uk/plu-62bdb919d36cbd0007e6ab8a.m3u8
TV,iptv-org English,South Park Rockin' Out,FAIL,HTTP 403,0.99,https://jmp2.uk/plu-664f13aff9992200084a3532.m3u8
TV,iptv-org English,South Park Rockin' Out DK,FAIL,HTTP 403,0.97,https://jmp2.uk/plu-664f132c8ea5560008ce4d86.m3u8
TV,iptv-org English,South Park Rockin' Out NO,FAIL,HTTP 403,1.08,https://jmp2.uk/plu-664f1370f78a8500092df452.m3u8
TV,iptv-org English,South Park: Butters Collection (Sweden),FAIL,HTTP 403,0.91,https://jmp2.uk/plu-65d881d566eec8000887f6bb.m3u8
TV,iptv-org English,South Park: Butters Collection (Sweden) DK,FAIL,HTTP 403,1.01,https://jmp2.uk/plu-65d87a66ec9fda0008a5ac11.m3u8
TV,iptv-org English,South Park: Butters Collection (Sweden) NO,FAIL,HTTP 403,1.14,https://jmp2.uk/plu-65d87fcb66eec8000887f4aa.m3u8
TV,iptv-org English,South Park: Cartman Collection (Sweden),FAIL,HTTP 403,0.54,https://jmp2.uk/plu-65d881b1332fec000833a122.m3u8
TV,iptv-org English,South Park: Cartman Collection (Sweden) DK,FAIL,HTTP 403,0.93,https://jmp2.uk/plu-65d87a058145cb0008265c2e.m3u8
TV,iptv-org English,South Park: Cartman Collection (Sweden) NO,FAIL,HTTP 403,0.55,https://jmp2.uk/plu-65d87fa0f7f0af0008b2358b.m3u8
TV,iptv-org English,South Park: Cartman Collection (United States),FAIL,HTTP 403,0.99,https://jmp2.uk/plu-65df4934f7f0af0008c32545.m3u8
TV,iptv-org English,South Park: Into the Stars,FAIL,HTTP 403,0.97,https://jmp2.uk/plu-664f0eea0120f40008bf97d6.m3u8
TV,iptv-org English,South Park: Into the Stars DK,FAIL,HTTP 403,0.92,https://jmp2.uk/plu-664f0eaa8ce31100088036bd.m3u8
TV,iptv-org English,South Park: Into the Stars NO,FAIL,HTTP 403,0.89,https://jmp2.uk/plu-664f0ecc41af640008e37b43.m3u8
TV,iptv-org English,South Park: Kenny Collection (Sweden),FAIL,HTTP 403,0.91,https://jmp2.uk/plu-65d880cea25d5e0008315b0a.m3u8
TV,iptv-org English,South Park: Kenny Collection (Sweden) DK,FAIL,HTTP 403,0.98,https://jmp2.uk/plu-65d879bd0d4561000805d190.m3u8
TV,iptv-org English,South Park: Kenny Collection (Sweden) NO,FAIL,HTTP 403,0.94,https://jmp2.uk/plu-65d87f53ec9fda0008a5b810.m3u8
TV,iptv-org English,South Park: Kenny Collection (United States),FAIL,HTTP 403,0.93,https://jmp2.uk/plu-65df47f428730900089f83ac.m3u8
TV,iptv-org English,South Park: Kyle Collection (Sweden),FAIL,HTTP 403,0.97,https://jmp2.uk/plu-65d882394e01740008a36768.m3u8
TV,iptv-org English,South Park: Kyle Collection (Sweden) DK,FAIL,HTTP 403,1.0,https://jmp2.uk/plu-65d87a908145cb0008265c6d.m3u8
TV,iptv-org English,South Park: Kyle Collection (Sweden) NO,FAIL,HTTP 403,0.94,https://jmp2.uk/plu-65d88004ec9fda0008a5b8b3.m3u8
TV,iptv-org English,South Park: Kyle Collection (United States),FAIL,HTTP 403,0.94,https://jmp2.uk/plu-65df49b30d45610008172c5b.m3u8
TV,iptv-org English,South Park: Stan Collection (Sweden),FAIL,HTTP 403,0.9,https://jmp2.uk/plu-65d881914e01740008a36603.m3u8
TV,iptv-org English,South Park: Stan Collection (Sweden) DK,FAIL,HTTP 403,1.09,https://jmp2.uk/plu-65d879e266eec8000887e91b.m3u8
TV,iptv-org English,South Park: Stan Collection (Sweden) NO,FAIL,HTTP 403,2.03,https://jmp2.uk/plu-65d87f7a28730900088e7fbf.m3u8
TV,iptv-org English,South Park: Stan Collection (United States),FAIL,HTTP 403,0.96,https://jmp2.uk/plu-65df48ba28730900089f8480.m3u8
TV,iptv-org English,South Park: Welcome to Canada!,FAIL,HTTP 403,0.28,https://jmp2.uk/plu-663115d923e24f000843b49c.m3u8
TV,iptv-org English,Soweto TV (576p),OK,HLS playlist + segment reachable,0.68,https://cdn.freevisiontv.co.za/sttv/smil:soweto.stream.smil/playlist.m3u8
TV,iptv-org English,Space Live powered by sen (1080p),OK,HLS playlist + segment reachable,0.66,https://linear-1224.frequency.stream/dist/lg-uk/1224/hls/master/playlist.m3u8
TV,iptv-org English,Spark TV (1080p),OK,HLS playlist + segment reachable,0.48,https://candlelightmedia-sparklightlove-4-us.roku.wurl.tv/playlist.m3u8
TV,iptv-org English,Spike Outdoors,FAIL,HTTP 403,0.27,https://jmp2.uk/plu-5c393cad2de254456f7ef8c2.m3u8
TV,iptv-org English,Sport 5 (1080p),OK,HLS playlist + segment reachable,0.17,http://stream.mcquack.net/212/index.m3u8
TV,iptv-org English,Sportdigital FUSSBALL,FAIL,HTTP 403,0.51,https://7nyaler.streamhostingcdn.top/stream/15/index.m3u8
TV,iptv-org English,SportsGrid (1080p),OK,HLS playlist + segment reachable,0.29,https://sportsgrid-tribal.amagi.tv/playlist.m3u8
TV,iptv-org English,SPOTV 2 (720p),UNVERIFIED,no route from test server (geo-lock/IPv6/timeout) - test on the TV box,10.01,http://58.8.186.128:10006/bysid/2630
TV,iptv-org English,SPOTV (720p),UNVERIFIED,no route from test server (geo-lock/IPv6/timeout) - test on the TV box,10.01,http://58.8.186.128:10006/bysid/2614
TV,iptv-org English,SPTV (360p),OK,HLS playlist + segment reachable,0.34,https://cdn3.wowza.com/5/RXJNMFI3VlVkOEFP/stpete/G0187_003/playlist.m3u8
TV,iptv-org English,St Lucie Public Schools,OK,HLS playlist + segment reachable,0.46,https://reflect-stlucie-ps-fl.cablecast.tv/live-1/live/stream-1/WIFI-1896k-720p.m3u8
TV,iptv-org English,Stadium (720p),FAIL,HTTP 416,0.25,https://wurl120sports.global.transmit.live/hls/679a907dce42a042c23ace37/v1/stadium_gracenote/samsung_us/latest/main/hls/playlist.m3u8
TV,iptv-org English,Star Asia (720p),UNVERIFIED,no route from test server (geo-lock/IPv6/timeout) - test on the TV box,10.01,http://103.250.28.74:8000/play/a010/index.m3u8
TV,iptv-org English,Star Sports 2 HD (720p),OK,HLS playlist + segment reachable,0.76,http://tvsen5.aynascope.net/cXPB2LKkErN9/index.m3u8
TV,iptv-org English,Star Sports Select 2 HD (720p),OK,HLS playlist + segment reachable,0.57,http://tvsen7.aynascope.net/ssport2hd/index.m3u8
TV,iptv-org English,Star Trek US,FAIL,HTTP 403,0.39,https://jmp2.uk/plu-5efbd39f8c4ce900075d7698.m3u8
TV,iptv-org English,Star Vijay UK (396p),OK,HLS playlist + segment reachable,0.27,https://da86m1sqpm3o0.cloudfront.net/28072023/smil:starvijayuk.smil/playlist.m3u8
TV,iptv-org English,Starz Comedy (1080p),UNVERIFIED,no route from test server (geo-lock/IPv6/timeout) - test on the TV box,10.01,http://23.237.104.106:8080/USA_STARZ_COMEDY/index.m3u8
TV,iptv-org English,Starz Edge (720p),UNVERIFIED,no route from test server (geo-lock/IPv6/timeout) - test on the TV box,10.01,http://168.228.44.241:9998/play/a0e0/index.m3u8
TV,iptv-org English,Starz Encore Spanish (720p),UNVERIFIED,no route from test server (geo-lock/IPv6/timeout) - test on the TV box,10.01,http://168.228.44.241:9998/play/a0e1/index.m3u8
TV,iptv-org English,Stockton Gov TV (720p),FAIL,HTTP 404,0.25,https://cdn3.wowza.com/5/dk84U1p2UUdoMGxT/stockton/G0044_008/playlist.m3u8
TV,iptv-org English,Stories by AMC,OK,HLS playlist + segment reachable,0.5,https://amc-amcpresents-1-us.xumo.wurl.tv/playlist.m3u8
TV,iptv-org English,Story Television KPVM-LD,OK,HLS playlist + segment reachable,0.29,https://2-fss-1.streamhoster.com/pl_122/206858-4412976-1/playlist.m3u8
TV,iptv-org English,Story Television WCIU-TV,OK,HLS playlist + segment reachable,0.28,https://2-fss-1.streamhoster.com/pl_122/206858-4412976-1/chunklist.m3u8
TV,iptv-org English,StoryChannel TV (720p),OK,HLS playlist + segment reachable,0.54,https://136044159.r.cdnsun.net/storychannel.m3u8
TV,iptv-org English,Strongman UK (720p),OK,HLS playlist + segment reachable,0.32,https://rightsboosterltd-scl-1-eu.rakuten.wurl.tv/playlist.m3u8
TV,iptv-org English,Strongman Champions League (720p),OK,HLS playlist + segment reachable,0.31,https://rightsboosterltd-scl-1-be.samsung.wurl.tv/playlist.m3u8
TV,iptv-org English,Stugfixarna Norge,FAIL,HTTP 403,1.33,https://jmp2.uk/plu-61c18ec6ac860c0007684981.m3u8
TV,iptv-org English,STV (United States) (360p),OK,HLS playlist + segment reachable,0.22,https://vodcdn.bamboo-cloud.com/livehls/6a81edf1063044437202e65c/master.m3u8
TV,iptv-org English,SUMtv English (1080p),OK,HLS playlist + segment reachable,0.21,https://bozztv.com/uni10rtmp/ssstv1-cdn/smil:ssstv1web.smil/playlist.m3u8
TV,iptv-org English,Sunna TV (576p),PARTIAL,"playlist OK, segment failed: HTTP Error 403: Forbidden",2.32,https://viewmedia7219.bozztv.com/wmedia/viewmedia100/web_015/Stream/playlist.m3u8
TV,iptv-org English,Supernatural Drama,FAIL,HTTP 403,0.92,https://jmp2.uk/plu-5f24662bebe0f0000767de32.m3u8
TV,iptv-org English,Superscreen TV (412p),UNVERIFIED,no route from test server (geo-lock/IPv6/timeout) - test on the TV box,6.08,https://video1.getstreamhosting.com:1936/8398/8398/playlist.m3u8
TV,iptv-org English,Superyacht TV (1080p),OK,HLS playlist + segment reachable,0.46,https://sy.wns.live/hls/stream.m3u8
TV,iptv-org English,Supreme Master TV (720p),OK,HLS playlist + segment reachable,0.34,https://lbs-us1.suprememastertv.com/720p.m3u8
TV,iptv-org English,Survivor (1080p),OK,HLS playlist + segment reachable,0.56,https://amg00627-amg00627c16-samsung-nz-2811.playouts.now.amagi.tv/playlist/amg00627-banijayfast-survivor-samsungnz/playlist.m3u8
TV,iptv-org English,Svenska Hollywoodfruar,FAIL,HTTP 403,0.95,https://jmp2.uk/plu-61c1921610d254000727eebd.m3u8
TV,iptv-org English,Svenska Truckers,FAIL,HTTP 403,1.29,https://jmp2.uk/plu-61f128f68a1dfc00086470af.m3u8
TV,iptv-org English,Svenska Truckers NO,FAIL,HTTP 403,0.89,https://jmp2.uk/plu-645cc855e1979c000875ee47.m3u8
TV,iptv-org English,SVG TV (576p) [Geo-blocked],PARTIAL,unknown content-type text/plain,0.44,https://customer-1drvoydzrkhpnbh4.cloudflarestream.com/64f76b07446d5d8801c4b9f6192ac79b/manifest/video.m3u8
TV,iptv-org English,Swamiji TV American (1080p) [Not 24/7],PARTIAL,empty HLS playlist,0.56,https://stream.swamiji.tv/YogaIPTV/smil:YogaStreamUS.smil/playlist.m3u8
TV,iptv-org English,Swamiji TV Australian (1080p) [Not 24/7],PARTIAL,empty HLS playlist,0.57,https://stream.swamiji.tv/YogaIPTV/smil:YogaStreamAU.smil/playlist.m3u8
TV,iptv-org English,Swamiji TV European (1080p) [Not 24/7],PARTIAL,empty HLS playlist,0.56,https://stream.swamiji.tv/YogaIPTV/smil:YogaStream.smil/playlist.m3u8
TV,iptv-org English,Swerve Combat (1080p),OK,HLS playlist + segment reachable,0.25,https://linear-253.frequency.stream/mt/roku/253/hls/master/playlist.m3u8
TV,iptv-org English,Swerve Sports (720p),OK,HLS playlist + segment reachable,0.36,https://a-cdn.klowdtv.com/live3/swervewomenssports_720p/playlist.m3u8
TV,iptv-org English,Synagogue TV (576p),PARTIAL,"playlist OK, segment failed: HTTP Error 403: Forbidden",2.19,https://viewmedia7219.bozztv.com/wmedia/viewmedia100/web_038/Stream/playlist.m3u8
TV,iptv-org English,T+E (720p),FAIL,HTTP 503,0.07,http://185.246.209.113/T+E/index.m3u8
TV,iptv-org English,Taiwan Plus TV (1080p),FAIL,HTTP 503,0.32,https://bcovlive-a.akamaihd.net/rce33d845cb9e42dfa302c7ac345f7858/ap-northeast-1/6282251407001/playlist.m3u8
TV,iptv-org English,Talent TV (720p),UNVERIFIED,no route from test server (geo-lock/IPv6/timeout) - test on the TV box,10.04,http://live.talenttv.lk:8080/hls/x8kd5n3tm8e8lsv/index.m3u8
TV,iptv-org English,Talkin Live Classics TV (480p),OK,HLS playlist + segment reachable,0.15,https://2-fss-1.streamhoster.com/pl_122/206338-3120682-1/playlist.m3u8
TV,iptv-org English,Talking Pictures TV (576p),UNVERIFIED,no route from test server (geo-lock/IPv6/timeout) - test on the TV box,10.01,http://92.114.85.72:8000/play/a0la
TV,iptv-org English,talkSPORT (1080p),OK,HLS playlist + segment reachable,2.11,https://af7a8b4e.wurl.com/master/f36d25e7e52f1ba8d7e56eb859c636563214f541/TEctZ2JfdGFsa1NQT1JUX0hMUw/playlist.m3u8
TV,iptv-org English,TalkTV (1080p),OK,HLS playlist + segment reachable,0.41,https://488f4ce4.wurl.com/master/f36d25e7e52f1ba8d7e56eb859c636563214f541/TEctZ2JfVGFsa19ITFM/playlist.m3u8
TV,iptv-org English,Tanzania Safari Channel (576p),FAIL,HTTP 404,0.29,https://stream-134630.castr.net/5fe35eae8c53540cab83659a/live_31dabe40323511f08b8efff0016f3b67/index.m3u8
TV,iptv-org English,TAP TV Channel 23 (720p),OK,HLS playlist + segment reachable,0.37,https://livestream.telvue.com/lompoccmttv1/f7b44cfafd5c52223d5498196c8a2e7b.sdp/playlist.m3u8
TV,iptv-org English,TAP TV Channel 24 (720p),OK,HLS playlist + segment reachable,0.2,https://livestream.telvue.com/lompoccmttv2/f7b44cfafd5c52223d5498196c8a2e7b.sdp/playlist.m3u8
TV,iptv-org English,TAP TV Channel 25 (720p),OK,HLS playlist + segment reachable,0.32,https://livestream.telvue.com/lompoccmttv3/f7b44cfafd5c52223d5498196c8a2e7b.sdp/playlist.m3u8
TV,iptv-org English,Tastemade (1080p),OK,HLS playlist + segment reachable,0.33,https://rakutenaa-tm-intl-aus-rakuten-eu-n1gtg.amagi.tv/playlist/rakutenAA-tm-intl-aus-rakuten-eu/playlist.m3u8
TV,iptv-org English,Tastemade UK (1080p),OK,HLS playlist + segment reachable,0.27,https://tastemade-tdint-rakuten.amagi.tv/playlist.m3u8
TV,iptv-org English,Tastemade Travel (1080p),OK,HLS playlist + segment reachable,0.23,https://d6ef3usc6d9cl.cloudfront.net/Tastemade_Travel.m3u8
TV,iptv-org English,TBCN (480p),OK,application/vnd.apple.mpegurl,0.39,https://reflect-tampa-bay-community.cablecast.tv/live-16/live/live.m3u8
TV,iptv-org English,TBN (1080p),FAIL,HTTP 404,0.28,https://livecdn.use1-0004.jwplive.com/live/sites/Yal8cmyO/media/fCGf6ROk/live.isml/.m3u8
TV,iptv-org English,TBN Armenia,OK,HLS playlist + segment reachable,0.38,https://164475.gvideo.io/mpegts/164475_650646/master_mpegts.m3u8
TV,iptv-org English,TBN Inspire (1080p),FAIL,HTTP 404,0.18,https://livecdn.use1-0004.jwplive.com/live/sites/Yal8cmyO/media/yfFI83Xz/live.isml/.m3u8
TV,iptv-org English,TBN Pacific,UNVERIFIED,no route from test server (geo-lock/IPv6/timeout) - test on the TV box,6.05,https://broadcast.tbnpacific.org.au:4430/stream/TBNPacificTV/playlist.m3u8
TV,iptv-org English,TBN UK (1080p),OK,HLS playlist + segment reachable,0.47,https://live-tbn-ssai.simplestreamcdn.com/v1/master/774d979dd66704abea7c5b62cb34c6815fda0d35/tbn-live/manifest.m3u8
TV,iptv-org English,TBN Ukraine (720p),OK,HLS playlist + segment reachable,1.07,https://5d23269b3ec0c.streamlock.net/WEB_Ukraine24/ngrp:Ukraine24.stream-adaptive/playlist.m3u8
TV,iptv-org English,TCT (1080p),OK,HLS playlist + segment reachable,0.6,https://cdn.jwplayer.com/live/broadcast/frRD2nUK.m3u8
TV,iptv-org English,TechStorm (720p) [Geo-blocked],FAIL,HTTP 400,0.32,https://cdn-telkomsel-01.akamaized.net/Content/HLS/Live/channel(abe4ead2-1a88-4330-9f41-382fcf94bba2)/index.m3u8
TV,iptv-org English,TED (1080p),OK,HLS playlist + segment reachable,0.38,https://d1b16tvvxk3tnu.cloudfront.net/TED.m3u8
TV,iptv-org English,Teen Mom (Germany) GB,FAIL,HTTP 403,0.27,https://jmp2.uk/plu-62d550d81054990007db7798.m3u8
TV,iptv-org English,Tele 7 (720p),OK,HLS playlist + segment reachable,1.46,https://ingest2-video.streaming-pro.com/tele7_ABR/stream/playlist.m3u8
TV,iptv-org English,Tele Boston (480p),UNVERIFIED,no route from test server (geo-lock/IPv6/timeout) - test on the TV box,6.05,https://tv2.fastcast4u.com:3238/live/radiotelebostonlive.m3u8
TV,iptv-org English,Tele Haiti (1088p) [Not 24/7],UNVERIFIED,no route from test server (geo-lock/IPv6/timeout) - test on the TV box,10.0,http://66.175.238.147:1935/live/myStream/playlist.m3u8
TV,iptv-org English,Tele Pam (1080p),OK,HLS playlist + segment reachable,0.23,https://watch.haitilive.net/app/2020/telepam/index.fmp4.m3u8
TV,iptv-org English,Tele Regency TV (576p),OK,HLS playlist + segment reachable,0.71,https://streams.playtv.com.ng/Tele-Regency_TRTV/index.m3u8
TV,iptv-org English,Telearuba (1080p) [Not 24/7],FAIL,HTTP 503,0.13,https://backend-server-dot-telearuba-app.appspot.com/media/livestream13/playlist.m3u8
TV,iptv-org English,Telemundo (720p),UNVERIFIED,no route from test server (geo-lock/IPv6/timeout) - test on the TV box,10.01,http://190.11.225.124:5000/live/telemundo_hd/playlist.m3u8
TV,iptv-org English,Telemundo East HD (1080p),OK,HLS playlist + segment reachable,0.28,https://streamer1.nexgen.bz/TELEMUNDO/index.m3u8
TV,iptv-org English,Telemundo KNSD (1080p) [Not 24/7],OK,HLS playlist + segment reachable,0.31,https://nbculocallive.akamaized.net/hls/live/2037098/sandiego/stream1/master.m3u8
TV,iptv-org English,Telemundo WCAU (1080p),OK,HLS playlist + segment reachable,0.43,https://d368vp0qqzvkid.cloudfront.net/11603/88889705/hls/master.m3u8?ads.xumo_channelId=88889705a&ads.xumo_ifaType=&ads.xumo_providerId=3819&ads.xumo_providerName=NBCNPHI
TV,iptv-org English,Telemundo West (2160p),UNVERIFIED,no route from test server (geo-lock/IPv6/timeout) - test on the TV box,10.01,http://168.228.44.241:9997/play/a07g/index.m3u8
TV,iptv-org English,Telemundo Telenovelas Clasicas,FAIL,HTTP 403,0.27,https://jmp2.uk/plu-5cf96cc422df39f1a338d165.m3u8
TV,iptv-org English,Telepace 2 (1080p),OK,HLS playlist + segment reachable,0.62,https://zkpywrbgdbeg-hls-live.mariatvcdn.it/teleradiopace2/254c9b5c52a73a94ef0f6169cbd05dc2.sdp/playlist.m3u8
TV,iptv-org English,Telepace 4 (1080p),OK,HLS playlist + segment reachable,0.67,https://j78dpr7nyq5r-hls-live.mariatvcdn.it/teleradiopace4/13d74f2cfe921bfbc262697203d47d8f.sdp/playlist.m3u8
TV,iptv-org English,Television Caribbean (1080p),UNVERIFIED,no route from test server (geo-lock/IPv6/timeout) - test on the TV box,6.06,https://live.kingdom-tv.com:3545/stream/play.m3u8
TV,iptv-org English,Temecula TV (1080p),OK,HLS playlist + segment reachable,0.78,https://reflect-temecula.cablecast.tv/live-2/live/stream-1/live.m3u8
TV,iptv-org English,Tempe 11,OK,HLS playlist + segment reachable,0.59,https://cdn3.wowza.com/5/cFh0V0QwUVc4SDl2/tempe/G0355_003/chunklist.m3u8
TV,iptv-org English,Ten Sports Pakistan,UNVERIFIED,no route from test server (geo-lock/IPv6/timeout) - test on the TV box,10.0,http://121.91.61.106:8000/play/a04h/index.m3u8
TV,iptv-org English,Tennis Channel 2 (1080p),OK,HLS playlist + segment reachable,1.06,https://mumbai-edge.smartplaytv.in/Tennis2/index.m3u8
TV,iptv-org English,Tennis Channel (1080p),OK,HLS playlist + segment reachable,0.6,https://cdn-ue1-prod.tsv2.amagi.tv/linear/amg01444-tennischannelth-tennischannelnl-samsungnl/playlist.m3u8
TV,iptv-org English,Tennis Channel +2 (720p),FAIL,HTTP 403,0.27,https://jmp2.uk/plu-681109b688b9d85d0938c6ba.m3u8
TV,iptv-org English,TFX (720p),FAIL,HTTP 403,0.25,http://145.239.5.177/315/index.m3u8
TV,iptv-org English,TG4 (1080p),OK,HLS playlist + segment reachable,0.28,https://fastly.live.brightcove.com/6384196213112/eu-west-1/1555966122001/eyJhbGciOiJIUzI1NiIsInR5cCI6IkpXVCJ9.eyJob3N0IjoieDl2YzlnLmVncmVzcy55ODN1ZWIiLCJhY2NvdW50X2lkIjoiMTU1NTk2NjEyMjAwMSIsImVobiI6ImZhc3RseS5saXZlLmJyaWdodGNvdmUuY29tIiwiaXNzIjoiYmxpdmUtcGxheWJhY2stc291cmNlLWFwaSIsInN1YiI6InBhdGhtYXB0b2tlbiIsImF1ZCI6WyIxNTU1OTY2MTIyMDAxIl0sImp0aSI6IjYzODQxOTYyMTMxMTIifQ.Co2xR3kmJBoxTaFTpwU0b37lJ05vNt-y32-SwfM26EA/chunklist.m3u8
TV,iptv-org English,That's TV (576p),UNVERIFIED,no route from test server (geo-lock/IPv6/timeout) - test on the TV box,10.01,http://92.114.85.72:8000/play/a0lb
TV,iptv-org English,The Addams Family,FAIL,HTTP 403,0.27,https://jmp2.uk/plu-5d81607ab737153ea3c1c80e.m3u8
TV,iptv-org English,The Amazing Race,FAIL,HTTP 403,0.3,https://jmp2.uk/plu-5f21e8a6e2f12b000755afdb.m3u8
TV,iptv-org English,The Andy Griffith Show,FAIL,HTTP 403,0.27,https://jmp2.uk/plu-60f75178e7f8aa0007e9c259.m3u8
TV,iptv-org English,The Andy Griffith Show CA,FAIL,HTTP 403,0.91,https://jmp2.uk/plu-62e9145ec07f2a00070e68dc.m3u8
TV,iptv-org English,The Archive (1080p),OK,HLS playlist + segment reachable,0.26,https://linear-1080.frequency.stream/dist/cineverse/1080/hls/master/playlist.m3u8
TV,iptv-org English,The Asylum (1080p),OK,HLS playlist + segment reachable,0.19,https://d1i3g4v4xlfhad.cloudfront.net/The_Asylum.m3u8
TV,iptv-org English,The Beverly Hillbillies,FAIL,HTTP 403,0.94,https://jmp2.uk/plu-6565fefdc917a50008485cc6.m3u8
TV,iptv-org English,The Bob Ross Channel (720p),FAIL,HTTP 404,0.3,https://aegis-cloudfront-1.tubi.video/45301c94-0d40-4cbb-b342-f5dc7949d76c/playlist.m3u8
TV,iptv-org English,The Burbank Channel (720p),FAIL,HTTP 404,0.48,https://cdn3.wowza.com/5/djRwZmQvTEJidmZD/burbank/G0240_009/playlist.m3u8
TV,iptv-org English,The Carol Burnett Show (1080p),OK,HLS playlist + segment reachable,0.28,https://carolburnett-vizio.amagi.tv/playlist.m3u8
TV,iptv-org English,The Challenge,FAIL,HTTP 403,0.27,https://jmp2.uk/plu-5d48685da7e9f476aa8a1888.m3u8
TV,iptv-org English,The Challenge CA,FAIL,HTTP 403,0.9,https://jmp2.uk/plu-64f8a22a3efb510008245df0.m3u8
TV,iptv-org English,The Chat Show Channel (1080p),OK,HLS playlist + segment reachable,0.32,https://amg00426-littledotstudio-thechatshow-samsungnz-uqmtt.amagi.tv/playlist/amg00426-littledotstudio-thechatshow-samsungnz/playlist.m3u8
TV,iptv-org English,The City of Marina (720p),OK,HLS playlist + segment reachable,0.23,https://dlttx48mxf9m3.cloudfront.net/vod_clients/amp/live/ch4/video.m3u8
TV,iptv-org English,The Conners,FAIL,HTTP 403,0.26,https://jmp2.uk/plu-66e2a94d167a8b000813485d.m3u8
TV,iptv-org English,The Cowboy Channel Canada (1080p),OK,HLS playlist + segment reachable,0.29,https://amg17292-amg17292c1-distrotv-us-4170.playouts.now.amagi.tv/playlist/amg17292-tetonridgellc-tetonridgefast-distrotvus/playlist.m3u8
TV,iptv-org English,The Cycling Channel,UNVERIFIED,no route from test server (geo-lock/IPv6/timeout) - test on the TV box,10.2,https://cyclingtv.playout.vju.tv/cyclingtv/main.m3u8
TV,iptv-org English,The Daily Show,FAIL,HTTP 403,1.01,https://jmp2.uk/plu-65c0978360eb870008bc9d5b.m3u8
TV,iptv-org English,The Daily Show DK,FAIL,HTTP 403,4.24,https://jmp2.uk/plu-65c096d23ba51e0008305a75.m3u8
TV,iptv-org English,The Daily Show NO,FAIL,HTTP 403,2.24,https://jmp2.uk/plu-65c0973311ced7000808d255.m3u8
TV,iptv-org English,The Design Network (1080p),OK,HLS playlist + segment reachable,0.25,https://amg00441-amg00441c1-rakuten-us-6050.playouts.now.amagi.tv/playlist.m3u8
TV,iptv-org English,The Doctors (720p) [Geo-blocked],OK,HLS playlist + segment reachable,0.46,https://lukentvlive.vgcdn.net/v1/master/cef183924f24adfa3d5d7601c3a17769082c0c2b/Doctors/index.m3u8
TV,iptv-org English,The Graham Norton Show (1080p),OK,HLS playlist + segment reachable,0.57,https://amg00654-itv-amg00654c35-rakuten-gb-7598.playouts.now.amagi.tv/playlist.m3u8
TV,iptv-org English,The Hill TV (1080p) [Geo-blocked],UNVERIFIED,no route from test server (geo-lock/IPv6/timeout) - test on the TV box,0.07,https://amg01312-cw-amg01312c15-firetv-us-3444.playouts.now.amagi.tv/playlist.m3u8
TV,iptv-org English,The Indonesia Channel (1080p),UNVERIFIED,no route from test server (geo-lock/IPv6/timeout) - test on the TV box,6.05,https://restreamer.indonusa.id:8443/d5f4ad43-1b5a-4b0f-8bef-5b37224ed221.m3u8
TV,iptv-org English,The Islamic Network,UNVERIFIED,no route from test server (geo-lock/IPv6/timeout) - test on the TV box,6.06,https://video1.getstreamhosting.com:1936/8322/8322/playlist.m3u8
TV,iptv-org English,The Jamie Oliver Channel (1080p),OK,HLS playlist + segment reachable,0.32,https://d3i68hpvh19xjd.cloudfront.net/JamieOliver_GB.m3u8
TV,iptv-org English,The Judge Judy Channel (720p),FAIL,HTTP 403,0.42,https://jmp2.uk/plu-6283d51144ad8f0007fa382d.m3u8
TV,iptv-org English,The Judge Judy Channel CA,FAIL,HTTP 403,0.92,https://jmp2.uk/plu-62e92e536f28870007fa9b3a.m3u8
TV,iptv-org English,The L Word,FAIL,HTTP 403,0.56,https://jmp2.uk/plu-693ae4ee25e9a6646b198fb0.m3u8
TV,iptv-org English,The L Word DK,FAIL,HTTP 403,0.9,https://jmp2.uk/plu-693ae48864476d678e9b6235.m3u8
TV,iptv-org English,The L Word NO,FAIL,HTTP 403,6.41,https://jmp2.uk/plu-693ae4b616c2bba998852c21.m3u8
TV,iptv-org English,The Loop (1080p),PARTIAL,"playlist OK, segment failed: HTTP Error 403: Forbidden",0.26,https://tgn.bozztv.com/watc57/watc57-theloop/watc57-theloop/index.m3u8
TV,iptv-org English,The Love Boat,FAIL,HTTP 403,0.94,https://jmp2.uk/plu-5f7794a788d29000079d2f07.m3u8
TV,iptv-org English,The Millers,FAIL,HTTP 403,3.39,https://jmp2.uk/plu-69afef4b0306b277744de1e4.m3u8
TV,iptv-org English,The Millers DK,FAIL,HTTP 403,2.0,https://jmp2.uk/plu-69afeefa0a7f2095e768401c.m3u8
TV,iptv-org English,The Millers NO,FAIL,HTTP 403,1.1,https://jmp2.uk/plu-69afef233bd16a4ed07108e9.m3u8
TV,iptv-org English,The Monterey Channel (720p),OK,HLS playlist + segment reachable,0.24,https://dlttx48mxf9m3.cloudfront.net/vod_clients/amp/live/ch3/video.m3u8
TV,iptv-org English,The Nanny,FAIL,HTTP 403,0.92,https://jmp2.uk/plu-6391cef9edb23c0008598cee.m3u8
TV,iptv-org English,The New Detectives (Germany),FAIL,HTTP 403,2.37,https://jmp2.uk/plu-5e393d5c696b3b0009775c8b.m3u8
TV,iptv-org English,The New Detectives (Sweden),FAIL,HTTP 403,3.93,https://jmp2.uk/plu-61814dd68a368d0007d78c53.m3u8
TV,iptv-org English,The New Detectives (Sweden) DK,FAIL,HTTP 403,0.97,https://jmp2.uk/plu-618147d2a814250007b42916.m3u8
TV,iptv-org English,The New Detectives (Sweden) NO,FAIL,HTTP 403,3.34,https://jmp2.uk/plu-6181511c1e13690007b143c2.m3u8
TV,iptv-org English,The New Detectives (United States),FAIL,HTTP 403,0.27,https://jmp2.uk/plu-5aea40b35126c2157123aa64.m3u8
TV,iptv-org English,The New Detectives (United States) CA,FAIL,HTTP 403,3.6,https://jmp2.uk/plu-62bdabbc5611f2000761ca30.m3u8
TV,iptv-org English,The Now Network (480p) [Not 24/7],UNVERIFIED,no route from test server (geo-lock/IPv6/timeout) - test on the TV box,6.12,https://mediaprod1.nowcast.cc:5443/LiveApp/streams/anZPy7eaVWLyDMZB1697488814699.m3u8
TV,iptv-org English,The Parliamentary Channel (720p) [Not 24/7],FAIL,HTTP 404,0.39,https://zns-edge1.streamcomedia.cloud/abr_parliamentarychannel/abr-parliament_streams/playlist.m3u8
TV,iptv-org English,The Peninsula Channel (720p),OK,HLS playlist + segment reachable,0.26,https://dlttx48mxf9m3.cloudfront.net/vod_clients/amp/live/ch5/video.m3u8
TV,iptv-org English,The Pet Collective (720p),OK,HLS playlist + segment reachable,0.33,https://the-pet-collective-international-dk.samsung.wurl.tv/playlist.m3u8
TV,iptv-org English,The Pet Collective Australia (720p),OK,HLS playlist + segment reachable,0.24,https://the-pet-collective-international-au.samsung.wurl.tv/playlist.m3u8
TV,iptv-org English,The Pet Collective India,OK,HLS playlist + segment reachable,0.47,https://the-pet-collective-international-in.samsung.wurl.tv/playlist.m3u8
TV,iptv-org English,The Pet Collective Mexico (720p),OK,HLS playlist + segment reachable,0.28,https://the-pet-collective-international-mx.samsung.wurl.tv/playlist.m3u8
TV,iptv-org English,The Pet Collective Poland (720p),OK,HLS playlist + segment reachable,0.32,https://6ec8627d.wurl.com/master/f36d25e7e52f1ba8d7e56eb859c636563214f541/UmFrdXRlblRWLWV1X1RoZVBldENvbGxlY3RpdmVfSExT/playlist.m3u8
TV,iptv-org English,The Pet Collective Sweden,OK,HLS playlist + segment reachable,0.95,https://the-pet-collective-international-se.samsung.wurl.tv/playlist.m3u8
TV,iptv-org English,The Pet Collective UK (720p),OK,HLS playlist + segment reachable,0.28,https://the-pet-collective-international-gb.samsung.wurl.tv/playlist.m3u8
TV,iptv-org English,The Point Televsion Network (1080p),PARTIAL,"playlist OK, segment failed: HTTP Error 403: Forbidden",0.31,https://tgn.bozztv.com/watc57/watc57-2/watc57-2/index.m3u8
TV,iptv-org English,The Price Is Right,FAIL,HTTP 403,0.28,https://jmp2.uk/plu-643f035d5a0cd50008361534.m3u8
TV,iptv-org English,The Price Is Right CA (720p),FAIL,HTTP 403,1.64,https://jmp2.uk/plu-64c2214c2a7f2200089a0c4b.m3u8
TV,iptv-org English,The Price Is Right: The Barker Era (720p),FAIL,HTTP 403,0.34,https://jmp2.uk/plu-64c220e15dc1660008a79c96.m3u8
TV,iptv-org English,The Rifleman,FAIL,HTTP 403,0.29,https://jmp2.uk/plu-5e825550e758c700077b0aef.m3u8
TV,iptv-org English,The Walk TV,UNVERIFIED,no route from test server (geo-lock/IPv6/timeout) - test on the TV box,6.06,https://wggstv16.ddns.net:9953/hls/walk1.m3u8
TV,iptv-org English,The Walking Dead Universe (720p),FAIL,HTTP 403,0.28,https://jmp2.uk/plu-62fa8176b9884200074ef5ae.m3u8
TV,iptv-org English,The Weather Network (720p),FAIL,HTTP 403,0.94,https://jmp2.uk/plu-63da370e2e477400081cf8b6.m3u8
TV,iptv-org English,The Wild Wild West (Sweden),FAIL,HTTP 403,0.92,https://jmp2.uk/plu-6964bcf9ae33e24d911d7e1c.m3u8
TV,iptv-org English,The Wild Wild West (Sweden) DK,FAIL,HTTP 403,0.52,https://jmp2.uk/plu-6964bc3806d76f50db3e315e.m3u8
TV,iptv-org English,The Wild Wild West (Sweden) NO,FAIL,HTTP 403,0.86,https://jmp2.uk/plu-6964bca2a6c400fd418854a2.m3u8
TV,iptv-org English,The Word Network (1080p),OK,HLS playlist + segment reachable,0.35,https://clouditize.piksel.tech/hls/live/2043070/ClouditizeStream1/playlist.m3u8
TV,iptv-org English,The Yellow Couch with Jeremy Lynch,FAIL,HTTP 403,0.9,https://jmp2.uk/plu-68e8ffee9d1d49e672fe790f.m3u8
TV,iptv-org English,theDove TV (720p),PARTIAL,"playlist OK, segment failed: HTTP Error 403: Forbidden",0.31,https://thedovetv.bozztv.com/thedovetv/thedovetv/index.m3u8
TV,iptv-org English,This Old House (1080p),OK,HLS playlist + segment reachable,0.85,https://thisoldhouse-2-us.roku.wurl.tv/playlist.m3u8
TV,iptv-org English,Thornton 8 (1080p),OK,application/vnd.apple.mpegurl,0.61,https://reflect-thornton.cablecast.tv/live-4/live/live.m3u8
TV,iptv-org English,Three's Company,FAIL,HTTP 403,0.27,https://jmp2.uk/plu-5ef3977e5d773400077de284.m3u8
TV,iptv-org English,Three's Company CA (720p),FAIL,HTTP 403,0.93,https://jmp2.uk/plu-64ca723a2bc49300081a8966.m3u8
TV,iptv-org English,Til julefrokost hos r8Dio,FAIL,HTTP 403,0.91,https://jmp2.uk/plu-69256bd7db5cc2f81d8a1a08.m3u8
TV,iptv-org English,Til Middag Hos,FAIL,HTTP 403,1.32,https://jmp2.uk/plu-61c1a05ef30f5d0007e562f3.m3u8
TV,iptv-org English,Timeless TV,FAIL,HTTP 404,0.16,https://timelesstv1-301f.kxcdn.com/hls/TimelessTV.m3u8
TV,iptv-org English,Tiny House Nation (720p),FAIL,HTTP 403,0.96,https://jmp2.uk/plu-6540ff4f7312a40008297b59.m3u8
TV,iptv-org English,TJC (1080p),OK,HLS playlist + segment reachable,0.44,https://cdn-shop-lc-01.akamaized.net/Content/HLS_HLS/Live/channel(TJCOTT)/index.m3u8
TV,iptv-org English,TLN KQSL (720p),OK,HLS playlist + segment reachable,0.43,https://uni01rtmp.tulix.tv/kqsltv/kqsltv/playlist.m3u8
TV,iptv-org English,TLN Media Chicago (720p),OK,HLS playlist + segment reachable,1.28,https://fuel-streaming-prod01.fuelmedia.io/v1/sem/cb165faa-41c9-42ad-83ee-ad5ca9fb927c.m3u8
TV,iptv-org English,TLN Media San Francisco (720p),OK,HLS playlist + segment reachable,1.36,https://fuel-streaming-prod01.fuelmedia.io/v1/sem/b29d27bb-88af-42d1-937a-5bdf76b71c17.m3u8
TV,iptv-org English,TMZ (720p),OK,HLS playlist + segment reachable,0.43,https://aegis-cloudfront-1.tubi.video/57c1fa3c-566b-4998-b6de-d6de67031d99/index.m3u8
TV,iptv-org English,TNA Wrestling Channel (720p),FAIL,HTTP 403,2.18,https://jmp2.uk/plu-59b722526996084038c01e1b.m3u8
TV,iptv-org English,TNN16 (720p),FAIL,HTTP 403,1.36,https://lb1-live-mv.v2h-cdn.com/hls/ffdc/mugvhogvho/mugvhogvho.m3u8
TV,iptv-org English,Together TV (576p),UNVERIFIED,no route from test server (geo-lock/IPv6/timeout) - test on the TV box,10.0,http://92.114.85.72:8000/play/a0j8
TV,iptv-org English,Toonami Aftermath (480p),UNVERIFIED,no route from test server (geo-lock/IPv6/timeout) - test on the TV box,10.03,http://api.toonamiaftermath.com:3000/est/playlist.m3u8
TV,iptv-org English,TOP Barca (1080p),OK,HLS playlist + segment reachable,0.32,https://amg17560-fcb-amg17560c1-rakuten-uk-4891.playouts.now.amagi.tv/playlist/amg17560-fcbarcelona-topbarcaenglish-rakutenuk/playlist.m3u8
TV,iptv-org English,Top Gear (720p),FAIL,HTTP 403,0.9,https://jmp2.uk/plu-636adc255bcf470007d6e0e2.m3u8
TV,iptv-org English,Toronto 360 TV (720p) [Not 24/7],UNVERIFIED,no route from test server (geo-lock/IPv6/timeout) - test on the TV box,10.05,http://cdn3.toronto360.tv:8081/toronto360/hd/playlist.m3u8
TV,iptv-org English,Tosh.0 (Sweden),FAIL,HTTP 403,0.93,https://jmp2.uk/plu-65e97856ec9fda0008cb453c.m3u8
TV,iptv-org English,Tosh.0 (Sweden) DK,FAIL,HTTP 403,0.93,https://jmp2.uk/plu-65e977042873090008b48be9.m3u8
TV,iptv-org English,Tosh.0 (Sweden) NO,FAIL,HTTP 403,2.04,https://jmp2.uk/plu-65e977c48b24c8000805b9ef.m3u8
TV,iptv-org English,Tosh.0 (United States),FAIL,HTTP 403,0.54,https://jmp2.uk/plu-5dae084727c8af0009fe40a4.m3u8
TV,iptv-org English,Tough Jobs,FAIL,HTTP 403,0.9,https://jmp2.uk/plu-65c69bf23ef47d0008583967.m3u8
TV,iptv-org English,Trace Sport Stars (1080p),OK,HLS playlist + segment reachable,0.44,https://lightning-tracesport-samsungau.amagi.tv/playlist.m3u8
TV,iptv-org English,Trace Sport Stars SD,OK,HLS playlist + segment reachable,0.64,https://channels.trace.plus/Traceprod/TRACE_SPORT_STARS_sd/index.m3u8
TV,iptv-org English,Travelxp 4K HDR (2160p) [Geo-blocked],FAIL,HTTP 403,0.23,https://deltatesttatasky.akamaized.net/out/i/968284.m3u8
TV,iptv-org English,Travelxp HD (1080p) [Geo-blocked],OK,HLS playlist + segment reachable,0.61,https://amg00416-amg00416c9-samsung-in-4882.playouts.now.amagi.tv/playlist/amg00416-travelxp-travelxphd-samsungin/playlist.m3u8
TV,iptv-org English,Tribeca Channel (1080p) [Geo-blocked],OK,HLS playlist + segment reachable,0.29,https://amg02507-giantpictures-tribeca-xumo-ey2b7.amagi.tv/playlist.m3u8
TV,iptv-org English,Trigger,UNVERIFIED,no route from test server (geo-lock/IPv6/timeout) - test on the TV box,3.06,https://origin2.afxp.telemedia.co.za/abr/trigger/playlist.m3u8
TV,iptv-org English,Trinity TV (480p) [Not 24/7],UNVERIFIED,no route from test server (geo-lock/IPv6/timeout) - test on the TV box,0.46,https://5d00db0e0fcd5.streamlock.net/7410/7410/playlist.m3u8
TV,iptv-org English,Trishul Broadcasting Network (720p) [Not 24/7],OK,HLS playlist + segment reachable,0.49,https://live.suricloud.com/hls/tbntv/index.m3u8
TV,iptv-org English,True Crime (1080p),OK,HLS playlist + segment reachable,0.44,https://b6cca454.wurl.com/master/f36d25e7e52f1ba8d7e56eb859c636563214f541/U2Ftc3VuZy1nYl9UcnVlQ3JpbWVVS2Zyb21DQlNSZWFsaXR5X0hMUw/playlist.m3u8
TV,iptv-org English,True crime fran Viaplay,FAIL,HTTP 403,1.01,https://jmp2.uk/plu-645cb7857cb4b1000859c57c.m3u8
TV,iptv-org English,True Crime Network (1080p) [Geo-blocked],OK,HLS playlist + segment reachable,0.52,https://amg00979-amg00979c1-firetv-us-3622.playouts.now.amagi.tv/playlist.m3u8
TV,iptv-org English,True Crime Network WCVB-TV (720p),OK,HLS playlist + segment reachable,0.28,https://aegis-cloudfront-1.tubi.video/c2e3094d-ad56-4c5f-9655-cd80df71fbab/playlist.m3u8
TV,iptv-org English,True Crime Now (1080p),OK,HLS playlist + segment reachable,0.45,https://amg00376-magellan-amg00376c12-samsung-au-1725.playouts.now.amagi.tv/playlist/amg00376-magellantv-truecrimenowaunzin-samsungau/playlist.m3u8
TV,iptv-org English,True History (720p),OK,HLS playlist + segment reachable,0.31,https://linear-188.frequency.stream/dist/glewedtv/188/hls/master/playlist.m3u8
TV,iptv-org English,TSC (720p),OK,HLS playlist + segment reachable,0.27,https://tscamd.akamaized.net/hls/live/503340/TSCLive/master.m3u8
TV,iptv-org English,Tshwane TV (576p),OK,HLS playlist + segment reachable,0.71,https://cdn.freevisiontv.co.za/sttv/smil:tshwane.stream.smil/playlist.m3u8
TV,iptv-org English,TSN The Ocho (1080p),OK,HLS playlist + segment reachable,0.24,https://d3pnbvng3bx2nj.cloudfront.net/v1/master/3722c60a815c199d9c0ef36c5b73da68a62b09d1/cc-rds8g35qfqrnv/TSN_The_Ocho.m3u8
TV,iptv-org English,TSTV (720p),OK,HLS playlist + segment reachable,0.41,https://reflector.watchtstv.com/hls/livestream.m3u8
TV,iptv-org English,Turismo HD (720p),OK,HLS playlist + segment reachable,0.22,https://live20.bozztv.com/giatvplayout7/giatv-208343/playlist.m3u8
TV,iptv-org English,TUTV (1080p),PARTIAL,"playlist OK, segment failed: <urlopen error _ssl.c:999: The handshake operation timed out",0.38,https://livestream.telvue.com/templeuni1/f7b44cfafd5c52223d5498196c8a2e7b.sdp/playlist.m3u8
TV,iptv-org English,TV1 (Malaysia) (1080p),UNVERIFIED,no route from test server (geo-lock/IPv6/timeout) - test on the TV box,0.3,https://live.mana2.my/Tv1/index.m3u8?auth_key=1745177809-03fbff3dfc194161829ff0dbf94a205a-0-c6dcdd3499b8b5488b7de0f6613b8047&token=1745177809-03fbff3dfc194161829ff0dbf94a205a-0-c6dcdd3499b8b5488b7de0f6613b8047
TV,iptv-org English,TV1 (Rwanda),OK,HLS playlist + segment reachable,0.54,https://live.tv1.rw/index.m3u8
TV,iptv-org English,TV2 (Algeria) (1080p),OK,HLS playlist + segment reachable,0.26,http://185.9.2.18/chid_347/index.m3u8
TV,iptv-org English,TV2 (Malaysia) (1080p),UNVERIFIED,no route from test server (geo-lock/IPv6/timeout) - test on the TV box,0.54,https://live.mana2.my/Tv2/index.m3u8?auth_key=1745177833-e4f0090e3d3b4ed1b2b4f5df87a24d34-0-d43f8be1101f9bb00363d62de6514e4d&token=1745177833-e4f0090e3d3b4ed1b2b4f5df87a24d34-0-d43f8be1101f9bb00363d62de6514e4d
TV,iptv-org English,TV3 (Ghana) (540p),FAIL,HTTP 403,0.21,https://g2qd3exjy7an-hls-live.5centscdn.com/webtv3/ghanatv.stream/playlist.m3u8
TV,iptv-org English,TV3 (Samoa) (720p) [Not 24/7],FAIL,HTTP 404,0.51,https://customer-ezarl905qqr949qs.cloudflarestream.com/856e914abd09e036ce9ce4fa649278b2/manifest/video.m3u8
TV,iptv-org English,TV4 (United States) (360p),OK,HLS playlist + segment reachable,0.57,https://cdn3.wowza.com/5/UWpORHhLSEs5SkJs/bullheadcity/G0860_002/playlist.m3u8
TV,iptv-org English,TV5Monde Pacific,FAIL,HTTP 502,0.36,http://103.190.232.129/stream/tvb/pacifique/master.m3u8?p=967e33767f592e1aaf3d4019f38f380bf784e113b193d89c412d047059d6300d&u=Oleg
TV,iptv-org English,TV10 (720p),OK,HLS playlist + segment reachable,1.05,https://5c46fa289c89f.streamlock.net/pub1live/mystream/playlist.m3u8
TV,iptv-org English,TV 16 Toronto (720p) [Not 24/7],UNVERIFIED,no route from test server (geo-lock/IPv6/timeout) - test on the TV box,10.05,http://rtmp.smartstream.video:1935/capco/tv29/playlist.m3u8
TV,iptv-org English,TV BRICS Africa (1080p),OK,HLS playlist + segment reachable,0.73,https://cdn.freevisiontv.co.za/sttv/smil:brics.stream.smil/playlist.m3u8
TV,iptv-org English,TV BRICS English (1080p),OK,HLS playlist + segment reachable,1.25,https://engbrics.mediacdn.ru/cdn/brics/english/playlist.m3u8
TV,iptv-org English,TV from the Danish Parliament (1080p) [Not 24/7],OK,HLS playlist + segment reachable,0.35,https://cdnapi.kaltura.com/p/2158211/sp/327418300/playManifest/entryId/1_24gfa7qq/protocol/https/format/applehttp/a.m3u8
TV,iptv-org English,TV Land Sitcoms,FAIL,HTTP 403,0.28,https://jmp2.uk/plu-5c2d64ffbdf11b71587184b8.m3u8
TV,iptv-org English,TV Maldives,PARTIAL,unknown content-type text/plain,0.29,https://customer-ujex1meek7koqd9x.cloudflarestream.com/9e93379c0d46ee588b99263d95bd9c42/manifest/video.m3u8
TV,iptv-org English,TV Mana English (1080p),OK,HLS playlist + segment reachable,0.87,https://w1.manasat.com/tvmana-english/smil:tvmana-english.smil/playlist.m3u8
TV,iptv-org English,TV One (576p),UNVERIFIED,no route from test server (geo-lock/IPv6/timeout) - test on the TV box,10.02,http://92.114.85.72:8000/play/a070
TV,iptv-org English,TV Pai Eterno (720p),OK,HLS playlist + segment reachable,0.31,http://45.162.64.114/TV_PAI_ETERNO/index.m3u8
TV,iptv-org English,TV Panou (720p) [Not 24/7],UNVERIFIED,no route from test server (geo-lock/IPv6/timeout) - test on the TV box,10.08,http://tvpanoucom.srfms.com:1935/tvpanoucom/livestream/playlist.m3u8
TV,iptv-org English,TV Today (576p),UNVERIFIED,no route from test server (geo-lock/IPv6/timeout) - test on the TV box,10.01,http://103.250.28.74:8000/play/a06e/index.m3u8
TV,iptv-org English,TV Today Janakpur,OK,HLS playlist + segment reachable,1.14,https://tvtoday.rpmc.com.np/hls/bipashatech/1_2/index.m3u8
TV,iptv-org English,TV Warehouse (720p),UNVERIFIED,no route from test server (geo-lock/IPv6/timeout) - test on the TV box,0.16,https://tvwarehouse.r.worldssl.net/mystream.m3u8
TV,iptv-org English,TV-WEST (720p) [Not 24/7],OK,HLS playlist + segment reachable,0.43,https://tv-west.lg.mncdn.com/tv_west/tv_west.stream/playlist.m3u8
TV,iptv-org English,TVC (Nigeria) (1080p),FAIL,URLError: <urlopen error [SSL: CERTIFICATE_VERIFY_FAILED] certificate ,0.52,https://tvce.gridpapaservers.com/TVCSEPT/ngrp:myStream_all/playlist.m3u8
TV,iptv-org English,TVCARiB (720p) [Not 24/7],FAIL,HTTP 404,0.59,https://cdn.mycloudstream.io/hls/live/broadcast/s6nitpvn/index.m3u8
TV,iptv-org English,TVCARiB Gospel (480p) [Not 24/7],OK,HLS playlist + segment reachable,0.32,https://cdn.mycloudstream.io/hls/live/broadcast/wokrhjkd/index.m3u8
TV,iptv-org English,TVE Internacional Europe (576p) [Geo-blocked],PARTIAL,"playlist OK, segment failed: HTTP Error 403: Geoblock",0.5,https://rtvelivestream-rtveplayplus.rtve.es/rtvesec/int/tvei_eu_main_576.m3u8
TV,iptv-org English,TVE Internacional Europe HD (1080p) [Geo-blocked],PARTIAL,"playlist OK, segment failed: HTTP Error 403: Geoblock",0.51,https://rtvelivestream-rtveplayplus.rtve.es/rtvesec/int/tvei_eu_main_1080.m3u8
TV,iptv-org English,TVJ (720p) [Not 24/7],OK,HLS playlist + segment reachable,0.29,https://vod2live.univtec.com/manifest/a99a1804-dc83-411f-8c1c-b62f08cdfa59.m3u8
TV,iptv-org English,TVM (Malta) (1080p),UNVERIFIED,no route from test server (geo-lock/IPv6/timeout) - test on the TV box,6.05,https://stream.smashmalta.com:25463/live/webplayer/livestream/19.m3u8
TV,iptv-org English,TVMsport+ (1080p),UNVERIFIED,no route from test server (geo-lock/IPv6/timeout) - test on the TV box,6.06,https://stream.smashmalta.com:25463/live/webplayer/livestream/29.m3u8
TV,iptv-org English,tvN Asia HD (720p),UNVERIFIED,no route from test server (geo-lock/IPv6/timeout) - test on the TV box,10.01,http://58.8.186.128:10005/bysid/2518
TV,iptv-org English,TVNZ 1 [Geo-blocked],UNVERIFIED,no route from test server (geo-lock/IPv6/timeout) - test on the TV box,0.27,https://d2ce82tpc3p734.cloudfront.net/v1/master/b1f4432f8f95be9e629d97baabfed15b8cacd1f8/TVNZ_1/master.m3u8
TV,iptv-org English,TVNZ 2 [Geo-blocked],UNVERIFIED,no route from test server (geo-lock/IPv6/timeout) - test on the TV box,0.07,https://duoak7vltfob0.cloudfront.net/v1/master/b1f4432f8f95be9e629d97baabfed15b8cacd1f8/TVNZ_2/master.m3u8
TV,iptv-org English,TVNZ DUKE [Geo-blocked],UNVERIFIED,no route from test server (geo-lock/IPv6/timeout) - test on the TV box,0.07,https://dayqb844napyo.cloudfront.net/v1/master/b1f4432f8f95be9e629d97baabfed15b8cacd1f8/TVNZ_Duke/master.m3u8
TV,iptv-org English,TVRI World (1080p),OK,HLS playlist + segment reachable,2.02,https://ott-balancer.tvri.go.id/live/eds/TVRIWorld/hls/TVRIWorld.m3u8
TV,iptv-org English,TVS Bowling Network (720p),PARTIAL,"playlist OK, segment failed: HTTP Error 403: Forbidden",0.27,https://rpn.bozztv.com/gusa/gusa-tvsbowling/index.m3u8
TV,iptv-org English,TVS Boxing (360p),PARTIAL,"playlist OK, segment failed: HTTP Error 403: Forbidden",0.34,https://rpn.bozztv.com/gusa/gusa-tvsboxing/index.m3u8
TV,iptv-org English,TVS Cipher Network (360p),OK,HLS playlist + segment reachable,0.25,https://rpn.bozztv.com/gusa/gusa-tvsmystery/index.m3u8
TV,iptv-org English,TVS Classic Movies (288p),PARTIAL,"playlist OK, segment failed: HTTP Error 403: Forbidden",0.42,https://rpn.bozztv.com/gusa/gusa-tvsclassicmovies/index.m3u8
TV,iptv-org English,TVS Classic Sports (360p),OK,HLS playlist + segment reachable,0.44,https://rpn.bozztv.com/gusa/gusa-tvs/index.m3u8
TV,iptv-org English,TVS Comedy Network (720p),PARTIAL,"playlist OK, segment failed: HTTP Error 403: Forbidden",0.35,https://rpn.bozztv.com/gusa/gusa-tvscomedy/index.m3u8
TV,iptv-org English,TVS Consumer Direct (720p),OK,HLS playlist + segment reachable,0.22,https://rpn.bozztv.com/gusa/gusa-ConsumerDirect/index.m3u8
TV,iptv-org English,TVS Family Channel (360p),PARTIAL,"playlist OK, segment failed: HTTP Error 403: Forbidden",0.25,https://rpn.bozztv.com/gusa/gusa-TVSFamilyChannel/index.m3u8
TV,iptv-org English,TVS Flashback Network (360p),PARTIAL,"playlist OK, segment failed: HTTP Error 403: Forbidden",0.27,https://rpn.bozztv.com/gusa/gusa-TVSFlashback/index.m3u8
TV,iptv-org English,TVS Hollywood History (582p),PARTIAL,"playlist OK, segment failed: HTTP Error 403: Forbidden",0.32,https://rpn.bozztv.com/gusa/gusa-tvshollywoohistory/index.m3u8
TV,iptv-org English,TVS Mainstreet (360p) [Not 24/7],PARTIAL,"playlist OK, segment failed: HTTP Error 403: Forbidden",0.28,https://rpn.bozztv.com/gusa/gusa-tvsmainst/index.m3u8
TV,iptv-org English,TVS Nostalgia (472p),PARTIAL,"playlist OK, segment failed: HTTP Error 403: Forbidden",0.25,https://rpn.bozztv.com/gusa/gusa-nostalgia/index.m3u8
TV,iptv-org English,TVS Nostalgia Movies (480p),OK,HLS playlist + segment reachable,0.27,https://rpn.bozztv.com/gusa/gusa-tvsNostalgiaMovies/index.m3u8
TV,iptv-org English,TVS Pet Parade Network (360p),PARTIAL,"playlist OK, segment failed: HTTP Error 403: Forbidden",0.31,https://rpn.bozztv.com/gusa/gusa-petparadenetwork/index.m3u8
TV,iptv-org English,TVS Quiz Show Network (720p),PARTIAL,"playlist OK, segment failed: HTTP Error 403: Forbidden",0.43,https://rpn.bozztv.com/gusa/gusa-tvsgameshow/index.m3u8
TV,iptv-org English,TVS Select Network (720p),OK,HLS playlist + segment reachable,0.44,https://rpn.bozztv.com/gusa/gusa-tvsselect/index.m3u8
TV,iptv-org English,TVS Sports (720p) [Not 24/7],PARTIAL,"playlist OK, segment failed: HTTP Error 403: Forbidden",0.26,https://rpn.bozztv.com/gusa/gusa-tvssports/index.m3u8
TV,iptv-org English,TVS Sports Bureau (720p),OK,HLS playlist + segment reachable,0.25,https://rpn.bozztv.com/gusa/gusa-tvssportsbureau/index.m3u8
TV,iptv-org English,TVS Talk Network (360p),OK,HLS playlist + segment reachable,0.24,https://rpn.bozztv.com/gusa/gusa-TVStalk/index.m3u8
TV,iptv-org English,TVS Tally Ho (360p),OK,HLS playlist + segment reachable,0.24,https://rpn.bozztv.com/gusa/gusa-tvstallyho/index.m3u8
TV,iptv-org English,TVS Tavern (480p),OK,HLS playlist + segment reachable,0.22,https://rpn.bozztv.com/gusa/gusa-tavern/index.m3u8
TV,iptv-org English,TVS Television Network (480p),OK,HLS playlist + segment reachable,0.26,https://rpn.bozztv.com/gusa/gusa-tvstn/index.m3u8
TV,iptv-org English,TVS Travel Network (720p) [Not 24/7],PARTIAL,"playlist OK, segment failed: HTTP Error 403: Forbidden",0.26,https://rpn.bozztv.com/gusa/gusa-tvstravel/index.m3u8
TV,iptv-org English,TVS Turbo (360p),PARTIAL,"playlist OK, segment failed: HTTP Error 403: Forbidden",0.26,https://rpn.bozztv.com/gusa/gusa-tvsturbo/index.m3u8
TV,iptv-org English,TVS Vintage Network (360p),PARTIAL,"playlist OK, segment failed: HTTP Error 403: Forbidden",0.23,https://rpn.bozztv.com/gusa/gusa-tvsvintage/index.m3u8
TV,iptv-org English,TVS Western Movie (270p),PARTIAL,"playlist OK, segment failed: HTTP Error 403: Forbidden",0.23,https://rpn.bozztv.com/gusa/gusa-tvswesternmovies/index.m3u8
TV,iptv-org English,TVS Women Sports (720p),OK,HLS playlist + segment reachable,0.25,https://rpn.bozztv.com/gusa/gusa-tvswsn/index.m3u8
TV,iptv-org English,TVSA Government Channel (720p),OK,HLS playlist + segment reachable,0.25,https://edge-f.swagit.com/live/sanantoniotx/live-1-a/playlist.m3u8
TV,iptv-org English,TVSA Public Channel (720p),OK,HLS playlist + segment reachable,0.2,https://edge-f.swagit.com/live/sanantoniotx/live-2-a/playlist.m3u8
TV,iptv-org English,TVSN (1080p),OK,HLS playlist + segment reachable,1.06,https://tvsnhlslivetest.akamaized.net/hls/live/2034711/TVSN-MSL4/master.m3u8
TV,iptv-org English,TVSN Beauty (1080p),UNVERIFIED,no route from test server (geo-lock/IPv6/timeout) - test on the TV box,10.23,https://live-tvsn.simplestreamcdn.com/live12/tvsnbeauty/bitrate1.isml/.m3u8
TV,iptv-org English,Twoja.TV (1080p),OK,HLS playlist + segment reachable,0.78,https://stream.twoja.tv/ttv_hls/live.m3u8
TV,iptv-org English,U&Alibi (576p),UNVERIFIED,no route from test server (geo-lock/IPv6/timeout) - test on the TV box,10.01,http://92.114.85.72:8000/play/a0bi
TV,iptv-org English,U&W,UNVERIFIED,no route from test server (geo-lock/IPv6/timeout) - test on the TV box,10.0,http://92.114.85.72:8000/play/a0bj
TV,iptv-org English,UCTV (720p) [Not 24/7],OK,HLS playlist + segment reachable,0.31,https://59e8e1c60a2b2.streamlock.net/509/509.stream/playlist.m3u8
TV,iptv-org English,Unbeaten (1080p),OK,HLS playlist + segment reachable,0.22,https://d1t5afz6qed3xk.cloudfront.net/Unbeaten.m3u8
TV,iptv-org English,Undercover Boss Global (720p),OK,HLS playlist + segment reachable,0.44,https://all3media-international-undercoverboss-1-au.samsung.wurl.tv/playlist.m3u8
TV,iptv-org English,Unga Mammor,FAIL,HTTP 403,2.01,https://jmp2.uk/plu-61c1900995f417000731a002.m3u8
TV,iptv-org English,Unga Mammor NO,FAIL,HTTP 403,0.9,https://jmp2.uk/plu-61c1e1c445b45d0007aad03e.m3u8
TV,iptv-org English,UniMas Central (720p),OK,HLS playlist + segment reachable,0.16,http://190.197.41.183/Unimas/mono.m3u8
TV,iptv-org English,UniMas WFUT-DT (1080p),UNVERIFIED,no route from test server (geo-lock/IPv6/timeout) - test on the TV box,10.01,http://4.30.180.36:8420/wfutdt/mono.m3u8?token=test
TV,iptv-org English,UniMas WXTV-DT,OK,HLS playlist + segment reachable,0.16,https://streaming-live-fcdn.api.prd.univisionnow.com/wxtv/wxtv.isml/hls/wxtv.m3u8
TV,iptv-org English,Unite8 Sports 2,UNVERIFIED,no route from test server (geo-lock/IPv6/timeout) - test on the TV box,10.01,http://59.103.38.46:8000/play/a126/index.m3u8
TV,iptv-org English,Universal Crime (1080p),UNVERIFIED,no route from test server (geo-lock/IPv6/timeout) - test on the TV box,10.01,http://bantel-cdn1.iptvperu.tv:1935/btnscrtn/universalcrime/playlist.m3u8
TV,iptv-org English,Univision (1080p),OK,HLS playlist + segment reachable,0.14,http://190.197.41.183/Univision/index.m3u8
TV,iptv-org English,Univision East HD (1080p),UNVERIFIED,no route from test server (geo-lock/IPv6/timeout) - test on the TV box,10.01,http://45.190.13.8/UnivisionHD/index.m3u8
TV,iptv-org English,Univision West (1080p) [Geo-blocked],OK,HLS playlist + segment reachable,0.17,https://streaming-live-fcdn.api.prd.univisionnow.com/uniwest/uniwest.isml/hls/uniwest.m3u8
TV,iptv-org English,Univision WGBO-DT (2160p),FAIL,HTTP 403,0.19,https://unidfp-nlds154.global.ssl.fastly.net/nlds/univisionnow/univision_chi2/as/live/univision_chi2_hd_pc.m3u8?t1=null
TV,iptv-org English,Unsolved Mysteries (720p),OK,HLS playlist + segment reachable,0.37,https://d31z96rdrmwfsp.cloudfront.net/master.m3u8
TV,iptv-org English,Unsolved Mysteries UK,FAIL,HTTP 403,1.02,https://jmp2.uk/plu-5bd05b4694d45d266bc951f2.m3u8
TV,iptv-org English,Urejesho TV Africa (360p) [Not 24/7],UNVERIFIED,no route from test server (geo-lock/IPv6/timeout) - test on the TV box,6.06,https://goliveafrica.media:9998/live/64a26e4dd21a3/index.m3u8
TV,iptv-org English,UTV (Kenya) (240p) [Not 24/7],UNVERIFIED,no route from test server (geo-lock/IPv6/timeout) - test on the TV box,6.05,https://goliveafrica.media:9998/live/62580d78ac508/index.m3u8
TV,iptv-org English,UTV Africa (720p),OK,HLS playlist + segment reachable,1.53,https://oqgdro3xd4rm-hls-live.5centscdn.com/tfmediacastlivestreamUTV/8f263182c36c7e5c56a986bf770091e3.sdp/playlist.m3u8
TV,iptv-org English,Uvagut TV (1080p),FAIL,HTTP 403,0.2,https://hls.uvagut.tv/hls/uvagut/playlist.m3u8
TV,iptv-org English,VCAT (480p),UNVERIFIED,no route from test server (geo-lock/IPv6/timeout) - test on the TV box,10.06,https://vallejo.cablecast.tv/live-3/live/live.m3u8
TV,iptv-org English,Vegas Life TV (1080p),PARTIAL,"playlist OK, segment failed: HTTP Error 403: Forbidden",0.7,https://cdn.vegasplus.us/vegas/vltv/playlist.m3u8
TV,iptv-org English,Venus HD (1080p),UNVERIFIED,no route from test server (geo-lock/IPv6/timeout) - test on the TV box,10.01,http://103.250.28.74:8000/play/a04x/index.m3u8
TV,iptv-org English,VH1 Queens of Reality,FAIL,HTTP 403,0.88,https://jmp2.uk/plu-66abefe5d2d50d00082c7d12.m3u8
TV,iptv-org English,Viasat2,UNVERIFIED,no route from test server (geo-lock/IPv6/timeout) - test on the TV box,10.01,http://88.212.15.19/live/viasat2/index.m3u8
TV,iptv-org English,Viasat 3,UNVERIFIED,no route from test server (geo-lock/IPv6/timeout) - test on the TV box,10.01,http://88.212.15.19/live/viasat3/index.m3u8
TV,iptv-org English,Viasat 6,UNVERIFIED,no route from test server (geo-lock/IPv6/timeout) - test on the TV box,10.01,http://88.212.15.19/live/viasat6/index.m3u8
TV,iptv-org English,VICE TV (1080p),UNVERIFIED,no route from test server (geo-lock/IPv6/timeout) - test on the TV box,10.01,http://23.237.104.106:8080/USA_VICETV/index.m3u8
TV,iptv-org English,Vietnam Today (1080p),OK,HLS playlist + segment reachable,0.36,https://amagi-live.ondemandkorea.com/amgplt0456.m3u8
TV,iptv-org English,VSCTV (1080p),OK,application/vnd.apple.mpegurl,0.39,https://reflect-vsctv.cablecast.tv/live-3/live/live.m3u8
TV,iptv-org English,VSiN (720p),OK,HLS playlist + segment reachable,0.56,https://vsin-sgrewind.streamguys1.com/scte/live-2k/playlist.m3u8
TV,iptv-org English,VTV1 HD (1080p),OK,HLS playlist + segment reachable,0.96,https://live-a.fptplay53.net/live/media/vtv1/live247-hls-avc/index.m3u8
TV,iptv-org English,Vyas Channel (576p),OK,HLS playlist + segment reachable,1.93,https://playhls.media.nic.in/hls/live/vyas/vyas.m3u8
TV,iptv-org English,W14DK-D 14.1,OK,HLS playlist + segment reachable,0.25,https://2-fss-2.streamhoster.com/pl_118/amlst:204972-1949480/playlist.m3u8
TV,iptv-org English,WACX 55.1 (720p),FAIL,URLError: <urlopen error [SSL: CERTIFICATE_VERIFY_FAILED] certificate ,0.4,https://6305c8676ce84.streamlock.net/live/live/playlist.m3u8
TV,iptv-org English,Waffi TV (240p),PARTIAL,"playlist OK, segment failed: <urlopen error _ssl.c:999: The handshake operation timed out",0.51,https://oqgdro3xd4rm-hls-live.5centscdn.com/waffiitvstreaminglivetfmediacast/e0885d428bea69e372309657f3bd895f.sdp/playlist.m3u8
TV,iptv-org English,Wairarapa TV (1080p) [Not 24/7],FAIL,returned HTML page (geo-block / dead),3.39,https://stream1.np.co.nz/WAITVABR/WAITVABR/playlist.m3u8
TV,iptv-org English,Wanted: Dead or Alive (720p),OK,HLS playlist + segment reachable,0.5,https://aegis-cloudfront-1.tubi.video/d5171dc7-f8c6-469c-81eb-e1ffaaed5721/playlist.m3u8
TV,iptv-org English,Wap TV (720p) [Not 24/7],FAIL,URLError: <urlopen error [SSL: CERTIFICATE_VERIFY_FAILED] certificate ,0.34,https://newproxy3.vidivu.tv/waptv/index.m3u8
TV,iptv-org English,WATC-DT 57.1 (1080p),OK,HLS playlist + segment reachable,0.28,https://tgn2.bozztv.com/watc57/watc57-1/watc57-1/index.m3u8
TV,iptv-org English,WATC-DT 57.2 (720p),OK,HLS playlist + segment reachable,0.42,https://uni01rtmp.tulix.tv/watc57-2/watc57-2/playlist.m3u8
TV,iptv-org English,Waypoint TV (1080p),OK,HLS playlist + segment reachable,0.28,https://waypoint-waypointtv-firetv.amagi.tv/playlist.m3u8
TV,iptv-org English,Wazobia Max TV Nigeria (720p),UNVERIFIED,no route from test server (geo-lock/IPv6/timeout) - test on the TV box,6.12,https://wazobia.live:8333/channel/wmax.m3u8
TV,iptv-org English,Wazobia Max TV Port-Harcourt (720p),UNVERIFIED,no route from test server (geo-lock/IPv6/timeout) - test on the TV box,6.06,https://wazobia.live:8333/channel/wmaxph.m3u8
TV,iptv-org English,WBTV 64.1 (720p),OK,HLS playlist + segment reachable,0.35,https://d2ugl2g2gz1giy.cloudfront.net/index.m3u8
TV,iptv-org English,WCOT (720p),OK,HLS playlist + segment reachable,0.67,https://stream.talgov.net/WCOT/smil:WCOT.smil/playlist.m3u8
TV,iptv-org English,We TV (1080p),UNVERIFIED,no route from test server (geo-lock/IPv6/timeout) - test on the TV box,10.01,http://23.237.104.106:8080/USA_WE_TV/index.m3u8
TV,iptv-org English,WeatherNation (1080p),OK,HLS playlist + segment reachable,0.33,https://d2ferbiwcx1539.cloudfront.net/v1/master/3722c60a815c199d9c0ef36c5b73da68a62b09d1/cc-8zd06wicndthf-ssai-prd/WNNationalSamsung/WNNationalSamsung.m3u8
TV,iptv-org English,WeatherSpy (Australia) (720p),OK,HLS playlist + segment reachable,0.41,https://jukin-weatherspy-2-au.samsung.wurl.tv/playlist.m3u8
TV,iptv-org English,WeatherSpy (United States) (720p),OK,HLS playlist + segment reachable,0.39,https://d12gab6t5iutxf.cloudfront.net/playlist.m3u8
TV,iptv-org English,Wedo TV Amor (1080p),OK,HLS playlist + segment reachable,0.32,https://amg00735-videosolutions-amg00735c15-wedotv-eu-1915.playouts.now.amagi.tv/playlist/amg00735-videosolutionsagfast-wedoamor-wedotveu/playlist.m3u8
TV,iptv-org English,Weeds & Nurse Jackie (720p),FAIL,HTTP 403,0.95,https://jmp2.uk/plu-688a44cf5d73ec0a3f49718b.m3u8
TV,iptv-org English,WeHoTV (360p),OK,HLS playlist + segment reachable,0.64,https://cdn3.wowza.com/5/M0lyamVmM2JWcjhQ/weho/G0161_004/playlist.m3u8
TV,iptv-org English,Western TV,FAIL,HTTP 403,0.99,https://jmp2.uk/plu-5e8df4bc16e34700077e77d3.m3u8
TV,iptv-org English,Westerns 4U (1080p),UNVERIFIED,no route from test server (geo-lock/IPv6/timeout) - test on the TV box,10.01,http://181.224.255.210:8001/play/a0rq/index.m3u8
TV,iptv-org English,WGGS-TV 16.1,UNVERIFIED,no route from test server (geo-lock/IPv6/timeout) - test on the TV box,6.05,https://wggstv16.ddns.net:9953/hls/WGGS1.m3u8
TV,iptv-org English,Whiplash (720p),OK,HLS playlist + segment reachable,0.36,https://cdn.whiplash.cc/whiplash/index.m3u8
TV,iptv-org English,Whiplash II (480p),OK,HLS playlist + segment reachable,0.25,https://cdn.whiplash.cc/whiplash-2/index.m3u8
TV,iptv-org English,White Plains Community Media (360p),OK,HLS playlist + segment reachable,0.52,https://stream.swagit.com/live-edge/whiteplainsny/smil:std-4x3-1-b/playlist.m3u8
TV,iptv-org English,WHOH-TV (360p),OK,HLS playlist + segment reachable,0.26,https://stream.swagit.com/live-edge/hastingsonhudsonny/smil:std-4x3-1-a/playlist.m3u8
TV,iptv-org English,Whole Word TV (720p),FAIL,RemoteDisconnected: Remote end closed connection without response,0.52,https://mn-nl.mncdn.com/wholewordtv/wholewordtv/index.m3u8
TV,iptv-org English,Wild 'N Out,FAIL,HTTP 403,0.33,https://jmp2.uk/plu-5d48678d34ceb37d3c458a55.m3u8
TV,iptv-org English,Wild at Heart,FAIL,HTTP 403,0.93,https://jmp2.uk/plu-60817936fd2d70000763d2b2.m3u8
TV,iptv-org English,Wild TV (1080p),OK,HLS playlist + segment reachable,0.36,https://dfhsahpa45kk2.cloudfront.net/scheduler/scheduleMaster/476.m3u8
TV,iptv-org English,Wildfire,FAIL,HTTP 403,0.96,https://jmp2.uk/plu-62beb0de371e6c000775930c.m3u8
TV,iptv-org English,Wildfire DK,FAIL,HTTP 403,0.98,https://jmp2.uk/plu-62b9b63d3bbe9000073c0a2d.m3u8
TV,iptv-org English,Wildfire NO,FAIL,HTTP 403,0.98,https://jmp2.uk/plu-62beb7d7fbf54600076abc7b.m3u8
TV,iptv-org English,Willow (720p),FAIL,HTTP 404,0.6,http://tvsen5.aynascope.net/willowhd/index.m3u8
TV,iptv-org English,Willow Sports (1080p),OK,HLS playlist + segment reachable,0.23,https://d36r8jifhgsk5j.cloudfront.net/Willow_TV.m3u8
TV,iptv-org English,Window TV (720p),OK,HLS playlist + segment reachable,0.5,https://cdn.whiplash.cc/whiplash-windowtv/index.m3u8
TV,iptv-org English,Wine Watches & Whiskey (1080p),OK,HLS playlist + segment reachable,0.18,https://www-on-freecast.b-cdn.net/WWW-on-Freecast/index.m3u8
TV,iptv-org English,Wipeout Xtra (1080p),OK,HLS playlist + segment reachable,0.31,https://amg00627-banijaygroup-wipeoutxtraau-samsungau-ashbl.amagi.tv/playlist/amg00627-banijaygroup-wipeoutxtraau-samsungau/playlist.m3u8
TV,iptv-org English,Wired2FishTV (720p) [Geo-blocked],OK,HLS playlist + segment reachable,0.49,https://wire2fish-klowdtv.amagi.tv/playlist.m3u8
TV,iptv-org English,WITN22 (1080p) [Not 24/7],FAIL,HTTP 404,0.46,https://witn.cablecast.tv/live-4/live/live.m3u8
TV,iptv-org English,WLMB (1080p),OK,HLS playlist + segment reachable,0.45,https://rpn.bozztv.com/wlmb/wlmb/wlmb/index.m3u8
TV,iptv-org English,WLNG Radio (410p) [Not 24/7],UNVERIFIED,no route from test server (geo-lock/IPv6/timeout) - test on the TV box,10.24,http://wlngstudiowebcam.srfms.com:1935/wlngstudiowebcam/livestream/playlist.m3u8
TV,iptv-org English,Women's Sports Network (1080p),OK,HLS playlist + segment reachable,0.25,https://d39accvx65hq9o.cloudfront.net/Womens_Sports_Network.m3u8
TV,iptv-org English,Wonder (1080p),OK,HLS playlist + segment reachable,0.33,https://lds-wonder-rakuten.amagi.tv/playlist.m3u8
TV,iptv-org English,World Billiards,OK,HLS playlist + segment reachable,0.2,https://9a81dd4ee3884d0dbcacafaf0d81327a.mediatailor.us-east-1.amazonaws.com/v1/master/04fd913bb278d8775298c26fdca9d9841f37601f/RakutenTV-eu_BilliardsTV/playlist.m3u8
TV,iptv-org English,World Channel (1080p),OK,application/vnd.apple.mpegurl,0.36,https://world.lls.pbs.org/index.m3u8
TV,iptv-org English,World Channel WGTV (1080p),OK,application/vnd.apple.mpegurl,0.37,https://wgtvdt3.lls.pbs.org/wgtvdt3-cmaf-hls.m3u8
TV,iptv-org English,World Harvest TV (360p),OK,HLS playlist + segment reachable,0.51,https://597865f6e4114.streamlock.net/live/leseaorigin.stream/playlist.m3u8
TV,iptv-org English,World Poker Tour (1080p),OK,HLS playlist + segment reachable,0.48,https://d2e00kr7m9coe4.cloudfront.net/scheduler/scheduleMaster/406.m3u8
TV,iptv-org English,World Poker Tour Poland (1080p),OK,HLS playlist + segment reachable,0.23,https://d39g1vxj2ef6in.cloudfront.net/v1/master/3fec3e5cac39a52b2132f9c66c83dae043dc17d4/prod-rakuten-stitched/playlist.m3u8?ads.xumo_channelId=88883102
TV,iptv-org English,World Poker Tour UK (1080p),OK,HLS playlist + segment reachable,0.29,https://amg00477-samsungelectron-worldpokertour-samsunguk-81igb.amagi.tv/playlist/amg00477-samsungelectron-worldpokertour-samsunguk/playlist.m3u8
TV,iptv-org English,WPS-TV (360p),PARTIAL,"playlist OK, segment failed: HTTP Error 404: Not Found",0.35,https://2-fss-2.streamhoster.com/pl_120/amlst:203530-1426406/playlist.m3u8
TV,iptv-org English,WVVH-CD 18.1 (720p),OK,HLS playlist + segment reachable,0.16,https://2-fss-2.streamhoster.com/pl_138/amlst:207282-6094500/playlist.m3u8
TV,iptv-org English,WWON-TV Channel 48,UNVERIFIED,no route from test server (geo-lock/IPv6/timeout) - test on the TV box,6.05,https://tv2.fastcast4u.com:3943/stream/play.m3u8
TV,iptv-org English,XFC TV (720p),OK,HLS playlist + segment reachable,0.25,https://stream-us-east-1.getpublica.com/playlist.m3u8?network_id=2247
TV,iptv-org English,Xplore TV (1080p),OK,HLS playlist + segment reachable,0.63,https://cdn-uw2-prod.tsv2.amagi.tv/linear/amg00111-hearstmediaprod-xploreintlnl-samsungnl/playlist.m3u8
TV,iptv-org English,XPTV2 (720p),UNVERIFIED,no route from test server (geo-lock/IPv6/timeout) - test on the TV box,6.06,https://janus.xpbroadcasting.com:8443/hls/xptv2.m3u8
TV,iptv-org English,XPTV US (720p),UNVERIFIED,no route from test server (geo-lock/IPv6/timeout) - test on the TV box,6.06,https://janus.xpbroadcasting.com:8443/hls/xptvUS.m3u8
TV,iptv-org English,Yachting TV (1080p),PARTIAL,unknown content-type application/x-mpegURL,0.46,https://streams2.sofast.tv/vglive-sk-461164/index.m3u8
TV,iptv-org English,Yadah TV (576p) [Not 24/7],PARTIAL,"playlist OK, segment failed: HTTP Error 403: Forbidden",0.57,https://viewmedia7219.bozztv.com/wmedia/viewmedia100/web_018/Stream/playlist.m3u8
TV,iptv-org English,Yahoo! Finance (1080p),OK,HLS playlist + segment reachable,0.26,https://d1ewctnvcwvvvu.cloudfront.net/playlist.m3u8
TV,iptv-org English,Yes Network (720p),UNVERIFIED,no route from test server (geo-lock/IPv6/timeout) - test on the TV box,10.01,http://23.237.104.106:8080/USA_YES_NETWORK/index.m3u8
TV,iptv-org English,Yobe TV (720p),OK,HLS playlist + segment reachable,1.52,https://oqgdro3xd4rm-hls-live.5centscdn.com/tfmediacastlivestream24/60414fd886a863e5851f4559fb86e7f6.sdp/playlist.m3u8
TV,iptv-org English,YouDotGov,OK,HLS playlist + segment reachable,0.52,https://reflect-communitytv.cablecast.tv/live-3/live/stream-1/live.m3u8
TV,iptv-org English,Young Hollywood (720p),OK,HLS playlist + segment reachable,0.26,https://younghollywood-rakuten-samsung.amagi.tv/playlist.m3u8
TV,iptv-org English,YOUNIB Media TV (720p) [Not 24/7],UNVERIFIED,no route from test server (geo-lock/IPv6/timeout) - test on the TV box,6.06,https://goliveafrica.media:9998/live/6257fbe7383d6/index.m3u8
TV,iptv-org English,Youtoo America KVVB-LD (1080p) [Not 24/7],PARTIAL,"playlist OK, segment failed: HTTP Error 404: Not Found",0.27,https://2-fss-2.streamhoster.com/pl_138/amlst:201950-1309230/playlist.m3u8
TV,iptv-org English,YTA TV (720p),OK,HLS playlist + segment reachable,0.23,https://stream-us-east-1.getpublica.com/playlist.m3u8?network_id=16767
TV,iptv-org English,Yu-Gi-Oh! (1080p),OK,HLS playlist + segment reachable,0.36,https://amg01796-amg01796c19-rakuten-gb-7486.playouts.now.amagi.tv/playlist/amg01796-fastmediafast-yugioh2en-rakutengb/playlist.m3u8
TV,iptv-org English,Yu-Gi-Oh! en espanol (1080p),OK,HLS playlist + segment reachable,0.35,https://amg01796-amg01796c18-rakuten-es-7491.playouts.now.amagi.tv/playlist/amg01796-fastmediafast-yugiohees-rakutenes/playlist.m3u8
TV,iptv-org English,Yuma77,OK,HLS playlist + segment reachable,0.58,https://securestream10.champds.com/LIVE/YumaCoAZLIVE/YumaCoAZLIVE.m3u8
TV,iptv-org English,Yuma Channel 72 (1080p),PARTIAL,"playlist OK, segment failed: <urlopen error _ssl.c:999: The handshake operation timed out",0.39,https://livestream.telvue.com/yumaaz1/f7b44cfafd5c52223d5498196c8a2e7b.sdp/playlist.m3u8
TV,iptv-org English,Yuma Channel 73 (1080p),OK,HLS playlist + segment reachable,0.17,https://livestream.telvue.com/yumaaz2/f7b44cfafd5c52223d5498196c8a2e7b.sdp/playlist.m3u8
TV,iptv-org English,Zainabia Channel,OK,HLS playlist + segment reachable,1.13,https://zainabia.livebox.co.in/ZainabiaChannelhls/channel.m3u8
TV,iptv-org English,Zee One (1080p),OK,HLS playlist + segment reachable,0.51,https://amg17931-zee-amg17931c6-samsung-au-8872.playouts.now.amagi.tv/playlist/amg17931-asiatvusaltdfast-zeeworld-samsungau/playlist.m3u8
TV,iptv-org English,Zee TV Asia Pacific (720p),OK,HLS playlist + segment reachable,0.18,https://raw.githubusercontent.com/amazeyourself/adaptive-streams/refs/heads/main/streams/sg/YuppTV/ZeeTVHDAPAC.m3u8
TV,iptv-org English,Zee Zest HD (1080p),UNVERIFIED,no route from test server (geo-lock/IPv6/timeout) - test on the TV box,10.01,http://103.72.101.252:8080/live/2757.m3u8
TV,iptv-org English,zenith (1080p),OK,HLS playlist + segment reachable,0.43,https://live.azenagroup.com/zenith/index.ll.m3u8
TV,iptv-org English,ZenLIFE by Stingray (1080p),OK,HLS playlist + segment reachable,0.25,https://lotus.stingray.com/manifest/zenlife-zen001-montreal/samsungtvplus/master.m3u8
TV,iptv-org English,ZIZ TV (720p),UNVERIFIED,no route from test server (geo-lock/IPv6/timeout) - test on the TV box,6.06,https://media.slactech.com:1936/ZIZDirect/ZIZDirect/playlist.m3u8
TV,iptv-org English,ZNS-TV (1080p),PARTIAL,"playlist OK, segment failed: HTTP Error 403: Forbidden",0.23,https://zns-edge1.streamcomedia.cloud/znstv13/zns1080p_stream/playlist.m3u8
Radio,Israel,Radio 103FM,OK,audio/mpeg,1.1,https://cdn.cybercdn.live/103FM/Live/icecast.audio
Radio,Israel,Tel Aviv 102FM רדיו תל אביב,OK,audio/aacp,1.26,https://102.livecdn.biz/102fm_aac
Radio,Israel,Glglz,OK,audio/mpeg,1.53,https://api.bynetcdn.com/Redirector/glz/glglz/ICE-LIVE
Radio,Israel,Kan Bet,OK,audio/mpeg,1.63,https://28563.live.streamtheworld.com/KAN_BET.mp3
Radio,Israel,KAN Gimel כאן גימל,OK,audio/mpeg,1.59,https://27873.live.streamtheworld.com/KAN_GIMMEL.mp3
Radio,Israel,Galgalatz,OK,audio/mpeg,1.02,https://glzwizzlv.bynetcdn.com/glglz_mp3?awCollectionId=misc&awEpisodeId=glglz
Radio,Israel,גלצ,OK,audio/mpeg,1.06,https://glzwizzlv.bynetcdn.com/glz_mp3?awCollectionId=misc&awEpisodeId=glz
Radio,Israel,#joint radio Beat Trance,UNVERIFIED,no route from test server (geo-lock/IPv6/timeout) - test on the TV box,10.22,https://jointil.com/stream-beat
Radio,Israel,Galei Zahal,OK,audio/mpeg,0.43,http://glzwizzlv.bynetcdn.com/glz_mp3
Radio,Israel,#joint radio Blues Rock,UNVERIFIED,no route from test server (geo-lock/IPv6/timeout) - test on the TV box,10.27,https://jointil.com/stream-blues
Radio,Israel,اذاعة الشمس - A-Shams,OK,audio/aacp,0.95,https://cdna.streamgates.net/Ashams/Live/icecast.audio
Radio,Israel,Kan Bet,OK,audio/mpeg,1.56,https://25583.live.streamtheworld.com/KAN_BET.mp3?dist=bynetredirect&1737047133
Radio,Israel,נושמים מזרחית - Noshmim Mizrahit,UNVERIFIED,no route from test server (geo-lock/IPv6/timeout) - test on the TV box,10.05,http://www.rs.mizrahit.fm:7777/
Radio,Israel,Первое радио 89.1FM,OK,audio/mpeg,0.95,https://cdn.cybercdn.live/Pervoia/Audio/icecast.audio
Radio,Israel,Radios 100FM   רדיוס,OK,audio/mpeg,0.92,https://cdn.cybercdn.live/Radios_100FM/Audio/icecast.audio
Radio,Israel,גלגלצ - Glglz,OK,audio/mpeg,0.34,http://glzwizzlv.bynetcdn.com/glglz_mp3
Radio,Israel,ECO99FM,OK,audio/aacp,1.15,https://eco-live.mediacast.co.il/99fm_aac
Radio,Israel,אקו eco 99fm,OK,audio/aacp,1.57,http://99.mediacast.co.il/99fm_aac?hash=1559501510715.m4a
Radio,Israel,Eco 99fm,OK,audio/aacp,0.91,https://eco01.livecdn.biz/ecolive/99fm_aac/icecast.audio?hash=1559501510715.m4a
Radio,Israel,קול חי - Kol Chai,OK,audio/mpeg,1.04,https://media2.93fm.co.il/live-new
Radio,Israel,Kan Bet 64K,OK,HLS playlist + segment reachable,0.95,https://n-121-4.il.cdn-redge.media/livehls/oil/kancdn-live/live/radio/kan_reshet_bet/live.livx/playlist.m3u8?bitrate=64000&audioId=1&lang=pol&renditions
Radio,Israel,Radios Nostalgia 96.3FM (רדיוס נוסטלגי),OK,audio/mpeg,1.03,https://cdna.streamgates.net/radios-audio/Nostalgia_963fm/icecast.audio
Radio,Israel,Radio France Israël,OK,audio/mpeg,0.88,https://stream10.vestaradio.com/Radio-France-Israel
Radio,Israel,Radios 100FM - 100% Workout,OK,HLS playlist + segment reachable,0.84,https://gb25.streamgates.net/radios-audio/100Workout/playlist.m3u8
Radio,Israel,גלי ישראל Galey Yisrael,OK,audio/mpeg,1.0,https://cdn.cybercdn.live/Galei_Israel/Live/icecast.audio
Radio,Israel,#joint radio Reggae,UNVERIFIED,no route from test server (geo-lock/IPv6/timeout) - test on the TV box,10.18,https://jointil.com/stream-reggae
Radio,Israel,Israeli voice radio,OK,audio/aac,1.01,https://icecast.live/ivr
Radio,Israel,Mizrahit FM Best,UNVERIFIED,no route from test server (geo-lock/IPv6/timeout) - test on the TV box,10.04,http://rs.mizrahit.fm:7777/arabellavie
Radio,Israel,Radios 100FM - 100% Hits,OK,HLS playlist + segment reachable,0.79,https://gb25.streamgates.net/radios-audio/100Hits/playlist.m3u8
Radio,Israel,yStream,OK,audio/mpeg,1.39,https://ystream.live/ystream-mp3
Radio,Israel,88 FM,OK,audio/mpeg,1.47,https://29073.live.streamtheworld.com/KAN_88.mp3
Radio,Israel,כאן רקע Kan Reka,OK,HLS playlist + segment reachable,2.4,https://kancdn.medonecdn.net/livehls/oil/kancdn-live/live/radio/kan_reka/live.livx/playlist.m3u8?renditions
Radio,Israel,radio lev hamedina,OK,audio/mpeg,0.95,https://cdn.cybercdn.live/Lev_Hamedina/Audio/icecast.audio
Radio,Israel,Star 33 Radiostation,UNVERIFIED,no route from test server (geo-lock/IPv6/timeout) - test on the TV box,6.13,https://online.star33radio.com:1115/stream
Radio,Israel,Glz,OK,audio/mpeg,0.34,http://glzwizzlv.bynetcdn.com/glz_mp3?awCollectionId=misc&awEpisodeId=glz
Radio,Israel,Jewish Music Stream,UNVERIFIED,no route from test server (geo-lock/IPv6/timeout) - test on the TV box,6.14,https://stream.jewishmusicstream.com:8000/
Radio,Israel,#Joint Radio Reggae,UNVERIFIED,no route from test server (geo-lock/IPv6/timeout) - test on the TV box,10.23,https://jointil.com/stream-reggae
Radio,Israel,GUITAR - J. WILLIAMS,OK,audio/mpeg,0.46,http://drive.uber.radio/uber/crjohnwilliamsguitarist/icecast.audio
Radio,Israel,94fm רדיו גלי ישראל,OK,audio/mpeg,0.98,https://cdn.cybercdn.live/Galei_Israel/Live/icecast.audio
Radio,Israel,Kol Rega קול רגע 91.5/96,OK,audio/mpeg,0.96,https://cdn.cybercdn.live/Kol_Rega/Live_Audio/icecast.audio
Radio,Russia,Anon.FM,OK,audio/mpeg,1.02,https://icecast.anon.fm/radio
Radio,Russia,Relax FM Chillout,OK,audio/mpeg,1.0,https://pub0201.101.ru/stream/trust/mp3/128/24?
Radio,Russia,ROCK FM,OK,audio/mpeg,1.22,http://nashe1.hostingradio.ru/rock-128.mp3
Radio,Russia,Europa Plus,UNVERIFIED,no route from test server (geo-lock/IPv6/timeout) - test on the TV box,10.31,http://ep256.hostingradio.ru:8052/europaplus256.mp3
Radio,Russia,Вести ФМ (Vesti FM),OK,audio/mpeg,0.59,http://icecast.vgtrk.cdnvideo.ru/vestifm_mp3_192kbps
Radio,Russia,Ретро FM,UNVERIFIED,no route from test server (geo-lock/IPv6/timeout) - test on the TV box,10.33,http://retroserver.streamr.ru:8043/retro256.mp3
Radio,Russia,РАДИО ВАНЯ,OK,audio/aacp,1.19,https://icecast-radiovanya.cdnvideo.ru/radiovanya
Radio,Russia,Спутник,OK,audio/mpeg,0.86,https://icecast-rian.cdnvideo.ru/voicerus
Radio,Russia,Радио «Комсомольская Правда» | КП Россия,UNVERIFIED,no route from test server (geo-lock/IPv6/timeout) - test on the TV box,10.15,http://kpradio.hostingradio.ru:8000/russia.radiokp128.mp3
Radio,Russia,DFM Дискач 90-х,OK,audio/aacp,2.32,https://dfm-disc90.hostingradio.ru/disc9096.aacp
Radio,Russia,DFM RUSSIAN DANCE,OK,audio/aacp,3.33,https://dfm-dfmrusdance.hostingradio.ru/dfmrusdance96.aacp?0.9987259013359274
Radio,Russia,Соловьёв LIVE,OK,audio/aac,1.88,https://solovievfm.hostingradio.ru/solovievfm128.aacp
Radio,Russia,Дорожное радио,UNVERIFIED,no route from test server (geo-lock/IPv6/timeout) - test on the TV box,10.31,http://dorognoe.hostingradio.ru:8000/radio
Radio,Russia,Радио Патриот,UNVERIFIED,no route from test server (geo-lock/IPv6/timeout) - test on the TV box,10.19,http://radio.mixto.ru:8001/patriot
Radio,Russia,Спокойное радио,OK,audio/mpeg,1.51,https://listen9.myradio24.com/6262
Radio,Russia,Радио Маяк (Radio Mayak),OK,audio/mpeg,1.01,http://icecast.vgtrk.cdnvideo.ru/mayakfm_mp3_192kbps
Radio,Russia,Вести FM,OK,audio/mpeg,0.58,http://icecast.vgtrk.cdnvideo.ru/vestifm
Radio,Russia,Wave Anime Radio,FAIL,URLError: <urlopen error [SSL: CERTIFICATE_VERIFY_FAILED] certificate ,0.3,https://channel_3.waveani.fun/stream
Radio,Russia,Mixadance FM,OK,audio/mpeg,2.04,https://stream.mixadance.fm/mixadance
Radio,Russia,Шансон Радио,UNVERIFIED,no route from test server (geo-lock/IPv6/timeout) - test on the TV box,10.29,http://chanson.hostingradio.ru:8041/chanson128.mp3
Radio,Russia,Русское Радио,OK,audio/aac,2.26,https://rusradio.hostingradio.ru/rusradio96.aacp
Radio,Russia,Соловьёв life FM,OK,audio/aac,1.76,https://solovievfm.hostingradio.ru/solovievfm128.aacp
Radio,Russia,Вести ФМ,OK,audio/mpeg,0.95,https://icecast-vgtrk.cdnvideo.ru/vestifm_mp3_64kbps
Radio,Russia,Radio Record - Russian Gold,OK,audio/aac,2.27,https://radiorecord.hostingradio.ru/russiangold96.aacp
Radio,Russia,Соловьёв FM,OK,audio/aac,2.53,https://solovievfm.hostingradio.ru/solovievfm32.aacp
Radio,Russia,дорожное радио (Dorognoe Radio),UNVERIFIED,no route from test server (geo-lock/IPv6/timeout) - test on the TV box,10.59,http://dorognoe.hostingradio.ru:8000/dorognoe
Radio,Russia,"Luxury Lounge - Late night, Deep sleep & Meditation",UNVERIFIED,no route from test server (geo-lock/IPv6/timeout) - test on the TV box,10.01,http://188.40.109.122:8000/ices3
Radio,Russia,Instrumental Jazz,UNVERIFIED,no route from test server (geo-lock/IPv6/timeout) - test on the TV box,6.16,https://jfm1.hostingradio.ru:14536/ijstream.mp3
Radio,Russia,Русский Рок - Russian Rock,OK,audio/mpeg,0.95,http://rock.volna.top/RusRock
Radio,Russia,Шансон без цензуры,UNVERIFIED,no route from test server (geo-lock/IPv6/timeout) - test on the TV box,10.33,http://chanson.hostingradio.ru:8041/chanson-uncensored256.mp3
Radio,Russia,Комсомольская правда,UNVERIFIED,no route from test server (geo-lock/IPv6/timeout) - test on the TV box,6.15,https://kpradio.hostingradio.ru:8000/64
Radio,Russia,Радио Русские Песни,OK,audio/mpeg,0.64,http://listen.rusongs.ru/ru-mp3-128
Radio,Russia,Бизнес FM,UNVERIFIED,no route from test server (geo-lock/IPv6/timeout) - test on the TV box,6.18,https://bfm.hostingradio.ru:9075/fm
Radio,Russia,Radio Record - Russian Mix,OK,audio/aac,2.77,https://radiorecord.hostingradio.ru/rus96.aacp
Radio,Russia,Radio Caprice - Drum n Bass,OK,audio/mpeg,0.63,https://nationalanthems.info/dz.mp3?PANGEAhttps://nationalanthems.info/dz.mp3https://nationalanthems.info/dz.mp3https://nationalanthems.info/dz.mp3https://nationalanthems.info/dz.mp3https://nationalanthems.info/dz.mp3https://nationalanthems.info/dz.mp3https://nationalanthems.info/dz.mp3https://nationalanthems.info/dz.mp3https://nationalanthems.info/dz.mp3https://nationalanthems.info/dz.mp3https://nationalanthems.info/dz.mp3https://nationalanthems.info/dz.mp3https://nationalanthems.info/dz.mp3https://nationalanthems.info/dz.mp3https://nationalanthems.info/dz.mp3https://nationalanthems.info/dz.mp3https://nationalanthems.info/dz.mp3https://nationalanthems.info/dz.mp3https://nationalanthems.info/dz.mp3https://nationalanthems.info/dz.mp3https://nationalanthems.info/dz.mp3https://nationalanthems.info/dz.mp3https://nationalanthems.info/dz.mp3https://nationalanthems.info/dz.mp3https://nationalanthems.info/dz.mp3https://nationalanthems.info/dz.mp3https://nationalanthems.info/dz.mp3https://nationalanthems.info/dz.mp3https://nationalanthems.info/dz.mp3https://nationalanthems.info/dz.mp3https://nationalanthems.info/dz.mp3https://nationalanthems.info/dz.mp3https://nationalanthems.info/dz.mp3https://nationalanthems.info/dz.mp3https://nationalanthems.info/dz.mp3https://nationalanthems.info/dz.mp3https://nationalanthems.info/dz.mp3https://nationalanthems.info/dz.mp3https://nationalanthems.info/dz.mp3https://nationalanthems.info/dz.mp3https://nationalanthems.info/dz.mp3https://nationalanthems.info/dz.mp3https://nationalanthems.info/dz.mp3https://nationalanthems.info/dz.mp3https://nationalanthems.info/dz.mp3https://nationalanthems.info/dz.mp3https://nationalanthems.info/dz.mp3https://nationalanthems.info/dz.mp3https://nationalanthems.info/dz.mp3https://nationalanthems.info/dz.mp3https://nationalanthems.info/dz.mp3https://nationalanthems.info/dz.mp3https://nationalanthems.info/dz.mp3https://nationalanthems.info/dz.mp3https://nationalanthems.info/dz.mp3https://nationalanthems.info/dz.mp3https://nationalanthems.info/dz.mp3https://nationalanthems.info/dz.mp3https://nationalanthems.info/dz.mp3https://nationalanthems.info/dz.mp3https://nationalanthems.info/dz.mp3https://nationalanthems.info/dz.mp3https://nationalanthems.info/dz.mp3https://nationalanthems.info/dz.mp3https://nationalanthems.info/dz.mp3https://nationalanthems.info/dz.mp3https://nationalanthems.info/dz.mp3https://nationalanthems.info/dz.mp3https://nationalanthems.info/dz.mp3https://nationalanthems.info/dz.mp3https://nationalanthems.info/dz.mp3https://nationalanthems.info/dz.mp3https://nationalanthems.info/dz.mp3https://nationalanthems.info/dz.mp3https://nationalanthems.info/dz.mp3https://nationalanthems.info/dz.mp3https://nationalanthems.info/dz.mp3https://nationalanthems.info/dz.mp3https://nationalanthems.info/dz.mp3https://nationalanthems.info/dz.mp3https://nationalanthems.info/dz.mp3https://nationalanthems.info/dz.mp3https://nationalanthems.info/dz.mp3https://nationalanthems.info/dz.mp3https://nationalanthems.info/dz.mp3https://nationalanthems.info/dz.mp3https://nationalanthems.info/dz.mp3https://nationalanthems.info/dz.mp3https://nationalanthems.info/dz.mp3https://nationalanthems.info/dz.mp3https://nationalanthems.info/dz.mp3https://nationalanthems.info/dz.mp3https://nationalanthems.info/dz.mp3https://nationalanthems.info/dz.mp3https://nationalanthems.info/dz.mp3https://nationalanthems.info/dz.mp3https://nationalanthems.info/dz.mp3https://nationalanthems.info/dz.mp3https://nationalanthems.info/dz.mp3https://nationalanthems.info/dz.mp3https://nationalanthems.info/dz.mp3https://nationalanthems.info/dz.mp3https://nationalanthems.info/dz.mp3https://nationalanthems.info/dz.mp3https://nationalanthems.info/dz.mp3https://nationalanthems.info/dz.mp3https://nationalanthems.info/dz.mp3https://nationalanthems.info/dz.mp3https://nationalanthems.info/dz.mp3https://nationalanthems.info/dz.mp3https://nationalanthems.info/dz.mp3https://nationalanthems.info/dz.mp3https://nationalanthems.info/dz.mp3https://nationalanthems.info/dz.mp3https://nationalanthems.info/dz.mp3https://nationalanthems.info/dz.mp3https://nationalanthems.info/dz.mp3https://nationalanthems.info/dz.mp3https://nationalanthems.info/dz.mp3https://nationalanthems.info/dz.mp3https://nationalanthems.info/dz.mp3https://nationalanthems.info/dz.mp3https://nationalanthems.info/dz.mp3https://nationalanthems.info/dz.mp3https://nationalanthems.info/dz.mp3https://nationalanthems.info/dz.mp3https://nationalanthems.info/dz.mp3https://nationalanthems.info/dz.mp3https://nationalanthems.info/dz.mp3https://nationalanthems.info/dz.mp3https://nationalanthems.info/dz.mp3https://nationalanthems.info/dz.mp3https://nationalanthems.info/dz.mp3https://nationalanthems.info/dz.mp3https://nationalanthems.info/dz.mp3https://nationalanthems.info/dz.mp3https://nationalanthems.info/dz.mp3https://nationalanthems.info/dz.mp3https://nationalanthems.info/dz.mp3https://nationalanthems.info/dz.mp3https://nationalanthems.info/dz.mp3
Radio,Russia,BEST DEEP FM,OK,audio/aac,2.47,https://myradio24.org/5129
Radio,Russia,РЕТРО ХИТ - RETRO HIT,OK,audio/mpeg,1.31,http://retro.volna.top/Retro
Radio,Russia,Европа Плюс,UNVERIFIED,no route from test server (geo-lock/IPv6/timeout) - test on the TV box,10.55,http://ep256.hostingradio.ru:8052/europaplus256.mp3
Radio,Russia,Armin van Buuren (Record),OK,audio/aac,2.19,https://radiorecord.hostingradio.ru/armin96.aacp
Radio,Russia,Radio Caprice - Classical Guitar,OK,audio/mpeg,0.65,https://nationalanthems.info/al.mp3?PANGEAhttps://nationalanthems.info/al.mp3https://nationalanthems.info/al.mp3https://nationalanthems.info/al.mp3https://nationalanthems.info/al.mp3https://nationalanthems.info/al.mp3https://nationalanthems.info/al.mp3https://nationalanthems.info/al.mp3https://nationalanthems.info/al.mp3https://nationalanthems.info/al.mp3https://nationalanthems.info/al.mp3https://nationalanthems.info/al.mp3https://nationalanthems.info/al.mp3https://nationalanthems.info/al.mp3https://nationalanthems.info/al.mp3https://nationalanthems.info/al.mp3https://nationalanthems.info/al.mp3https://nationalanthems.info/al.mp3https://nationalanthems.info/al.mp3https://nationalanthems.info/al.mp3https://nationalanthems.info/al.mp3https://nationalanthems.info/al.mp3https://nationalanthems.info/al.mp3https://nationalanthems.info/al.mp3https://nationalanthems.info/al.mp3https://nationalanthems.info/al.mp3https://nationalanthems.info/al.mp3https://nationalanthems.info/al.mp3https://nationalanthems.info/al.mp3https://nationalanthems.info/al.mp3https://nationalanthems.info/al.mp3https://nationalanthems.info/al.mp3https://nationalanthems.info/al.mp3https://nationalanthems.info/al.mp3https://nationalanthems.info/al.mp3https://nationalanthems.info/al.mp3https://nationalanthems.info/al.mp3https://nationalanthems.info/al.mp3https://nationalanthems.info/al.mp3https://nationalanthems.info/al.mp3https://nationalanthems.info/al.mp3https://nationalanthems.info/al.mp3https://nationalanthems.info/al.mp3https://nationalanthems.info/al.mp3https://nationalanthems.info/al.mp3https://nationalanthems.info/al.mp3https://nationalanthems.info/al.mp3https://nationalanthems.info/al.mp3https://nationalanthems.info/al.mp3https://nationalanthems.info/al.mp3https://nationalanthems.info/al.mp3https://nationalanthems.info/al.mp3https://nationalanthems.info/al.mp3https://nationalanthems.info/al.mp3https://nationalanthems.info/al.mp3https://nationalanthems.info/al.mp3https://nationalanthems.info/al.mp3https://nationalanthems.info/al.mp3https://nationalanthems.info/al.mp3https://nationalanthems.info/al.mp3https://nationalanthems.info/al.mp3https://nationalanthems.info/al.mp3https://nationalanthems.info/al.mp3https://nationalanthems.info/al.mp3https://nationalanthems.info/al.mp3https://nationalanthems.info/al.mp3https://nationalanthems.info/al.mp3https://nationalanthems.info/al.mp3https://nationalanthems.info/al.mp3https://nationalanthems.info/al.mp3https://nationalanthems.info/al.mp3https://nationalanthems.info/al.mp3https://nationalanthems.info/al.mp3https://nationalanthems.info/al.mp3https://nationalanthems.info/al.mp3https://nationalanthems.info/al.mp3https://nationalanthems.info/al.mp3https://nationalanthems.info/al.mp3https://nationalanthems.info/al.mp3https://nationalanthems.info/al.mp3https://nationalanthems.info/al.mp3https://nationalanthems.info/al.mp3https://nationalanthems.info/al.mp3https://nationalanthems.info/al.mp3https://nationalanthems.info/al.mp3https://nationalanthems.info/al.mp3https://nationalanthems.info/al.mp3https://nationalanthems.info/al.mp3https://nationalanthems.info/al.mp3https://nationalanthems.info/al.mp3https://nationalanthems.info/al.mp3https://nationalanthems.info/al.mp3https://nationalanthems.info/al.mp3https://nationalanthems.info/al.mp3https://nationalanthems.info/al.mp3https://nationalanthems.info/al.mp3https://nationalanthems.info/al.mp3https://nationalanthems.info/al.mp3https://nationalanthems.info/al.mp3https://nationalanthems.info/al.mp3https://nationalanthems.info/al.mp3https://nationalanthems.info/al.mp3https://nationalanthems.info/al.mp3https://nationalanthems.info/al.mp3https://nationalanthems.info/al.mp3https://nationalanthems.info/al.mp3https://nationalanthems.info/al.mp3https://nationalanthems.info/al.mp3https://nationalanthems.info/al.mp3https://nationalanthems.info/al.mp3https://nationalanthems.info/al.mp3https://nationalanthems.info/al.mp3https://nationalanthems.info/al.mp3https://nationalanthems.info/al.mp3https://nationalanthems.info/al.mp3https://nationalanthems.info/al.mp3https://nationalanthems.info/al.mp3https://nationalanthems.info/al.mp3https://nationalanthems.info/al.mp3https://nationalanthems.info/al.mp3https://nationalanthems.info/al.mp3https://nationalanthems.info/al.mp3https://nationalanthems.info/al.mp3https://nationalanthems.info/al.mp3https://nationalanthems.info/al.mp3https://nationalanthems.info/al.mp3https://nationalanthems.info/al.mp3https://nationalanthems.info/al.mp3https://nationalanthems.info/al.mp3https://nationalanthems.info/al.mp3https://nationalanthems.info/al.mp3https://nationalanthems.info/al.mp3https://nationalanthems.info/al.mp3https://nationalanthems.info/al.mp3https://nationalanthems.info/al.mp3https://nationalanthems.info/al.mp3https://nationalanthems.info/al.mp3
Radio,Hebrew,Ajyal - Palestine,UNVERIFIED,no route from test server (geo-lock/IPv6/timeout) - test on the TV box,6.17,https://streamer.mada.ps:8208/ajyal
Radio,Hebrew,Tel Aviv 102FM רדיו תל אביב,OK,audio/aacp,1.71,https://102.livecdn.biz/102fm_aac
Radio,Hebrew,Glglz,OK,audio/mpeg,1.31,https://api.bynetcdn.com/Redirector/glz/glglz/ICE-LIVE
Radio,Hebrew,Kan Bet,OK,audio/mpeg,1.49,https://28563.live.streamtheworld.com/KAN_BET.mp3
Radio,Hebrew,KAN Gimel כאן גימל,OK,audio/mpeg,1.57,https://27873.live.streamtheworld.com/KAN_GIMMEL.mp3
Radio,Hebrew,Galgalatz,OK,audio/mpeg,1.07,https://glzwizzlv.bynetcdn.com/glglz_mp3?awCollectionId=misc&awEpisodeId=glglz
Radio,Hebrew,גלצ,OK,audio/mpeg,0.92,https://glzwizzlv.bynetcdn.com/glz_mp3?awCollectionId=misc&awEpisodeId=glz
Radio,Hebrew,Galei Zahal,OK,audio/mpeg,0.28,http://glzwizzlv.bynetcdn.com/glz_mp3
Radio,Hebrew,Kan Bet,OK,audio/mpeg,1.6,https://25583.live.streamtheworld.com/KAN_BET.mp3?dist=bynetredirect&1737047133
Radio,Hebrew,נושמים מזרחית - Noshmim Mizrahit,UNVERIFIED,no route from test server (geo-lock/IPv6/timeout) - test on the TV box,10.03,http://www.rs.mizrahit.fm:7777/
Radio,Hebrew,Radios 100FM   רדיוס,OK,audio/mpeg,0.9,https://cdn.cybercdn.live/Radios_100FM/Audio/icecast.audio
Radio,Hebrew,גלגלצ - Glglz,OK,audio/mpeg,0.28,http://glzwizzlv.bynetcdn.com/glglz_mp3
Radio,Hebrew,ECO99FM,OK,audio/aacp,1.4,https://eco-live.mediacast.co.il/99fm_aac
Radio,Hebrew,אקו eco 99fm,OK,audio/aacp,1.44,http://99.mediacast.co.il/99fm_aac?hash=1559501510715.m4a
Radio,Hebrew,Eco 99fm,OK,audio/aacp,1.14,https://eco01.livecdn.biz/ecolive/99fm_aac/icecast.audio?hash=1559501510715.m4a
Radio,Hebrew,קול חי - Kol Chai,OK,audio/mpeg,1.04,https://media2.93fm.co.il/live-new
Radio,Hebrew,Mizrahit FM Best,UNVERIFIED,no route from test server (geo-lock/IPv6/timeout) - test on the TV box,10.03,http://rs.mizrahit.fm:7777/arabellavie
Radio,Hebrew,radio lev hamedina,OK,audio/mpeg,1.1,https://cdn.cybercdn.live/Lev_Hamedina/Audio/icecast.audio
Radio,Hebrew,Jewish Music Stream,UNVERIFIED,no route from test server (geo-lock/IPv6/timeout) - test on the TV box,6.13,https://stream.jewishmusicstream.com:8000/
Radio,Hebrew,94fm רדיו גלי ישראל,OK,audio/mpeg,0.83,https://cdn.cybercdn.live/Galei_Israel/Live/icecast.audio
Radio,Hebrew,Kol Rega קול רגע 91.5/96,OK,audio/mpeg,0.94,https://cdn.cybercdn.live/Kol_Rega/Live_Audio/icecast.audio
Radio,Hebrew,Galgalatz 91.8 FM,OK,audio/mpeg,0.83,https://glzicylv01.bynetcdn.com/glglz_mp3
Radio,Hebrew,Radio Haifa רדיו חיפה,OK,audio/aacp,1.37,https://1075.livecdn.biz/radiohaifa
Radio,Hebrew,Radio Yasoo,UNVERIFIED,no route from test server (geo-lock/IPv6/timeout) - test on the TV box,10.05,http://radio-yasoo.ath.cx:7500/;
Radio,Hebrew,Kcm FM Channel 01 Live,OK,audio/aac,1.0,https://media2.93fm.co.il/livemusic
Radio,Hebrew,קול ברמה - Kol Barama,OK,audio/mpeg,0.38,http://kb.cdnwz.net/kol_barama
Radio,Hebrew,radio darom 95.8fm 97fm,OK,audio/mpeg,0.78,https://cdn.cybercdn.live/Darom_97FM/Live/icecast.audio
Radio,Hebrew,Chabad.org Torah Classes Radio,OK,audio/mpeg,0.89,https://streams.radio.co/s9f35c3afc/listen
Radio,Hebrew,101.5fm נותנים למוזיקה לדבר רדיו דרום,OK,audio/mpeg,0.72,https://cdn.cybercdn.live/Darom_1015FM/Live/icecast.audio
Radio,Hebrew,Radio Sahar,OK,audio/mpeg; charset=UTF-8,0.85,https://live.ecast.co.il/stream/sahar/stream
Radio,Hebrew,קול חי מיוזיק - Kol Chai Music,OK,audio/aac,0.88,https://media2.93fm.co.il/livemusic
Radio,Hebrew,ברסלב פוריו: הלכות ודף יומי,OK,audio/aac,0.91,https://cast.breslevforyou.co.il/listen/halachot/radio.mp3
Radio,Hebrew,KAN 88,OK,HLS playlist + segment reachable,2.24,https://kancdn.medonecdn.net/livehls/oil/kancdn-live/live/radio/kan_88/live.livx/playlist.m3u8?renditions&dvr=7200000
Radio,Hebrew,הקצה - Hakatze,OK,audio/mpeg,0.29,http://kzradio.mediacast.co.il/kzradio_live/kzradio/icecast.audio
Radio,Hebrew,תל אביב Tel Aviv 102FM,OK,audio/aacp,1.05,http://102.livecdn.biz/102fm_aac
Radio,Hebrew,Kinshasa FM,OK,audio/mpeg,0.42,http://radio.kinshasafm.xyz/listen/kinshasafm/radio.mp3
Radio,Hebrew,Ze Rock Radio,OK,audio/mpeg,0.64,https://icecast.live/proxy/zerock/zerock
Radio,Hebrew,Radios 100FM - 100% Top40,OK,audio/aacp,0.9,https://gb25.streamgates.net/radios-audio/100Top40/icecast.audio
Radio,Hebrew,קול חי - Kol Chai,OK,audio/mpeg,1.08,https://media2.93fm.co.il/live-new
Radio,Hebrew,toker fm,UNVERIFIED,no route from test server (geo-lock/IPv6/timeout) - test on the TV box,6.05,https://live.toker.fm:6060/;
Radio,Top world,RTL,OK,HLS playlist + segment reachable,1.11,https://live.m6radio.quortex.io/webM89Hc99XApzgfhXNX8ASN5/grouprtl/national/short/audio-64000/index.m3u8
Radio,Top world,France Info,FAIL,HTTP 403,0.58,http://direct.franceinfo.fr/live/franceinfo-midfi.mp3
Radio,Top world,Europe 1,OK,audio/aac,1.6,https://stream.europe1.fr/europe1.aac
Radio,Top world,RMC FR,OK,audio/mpeg,1.64,https://audio.bfmtv.com/rmcradio_128.mp3
Radio,Top world,Anon.FM,OK,audio/mpeg,1.12,https://icecast.anon.fm/radio
Radio,Top world,BBC World Service,OK,audio/mpeg,0.54,http://stream.live.vc.bbcmedia.co.uk/bbc_world_service
Radio,Top world,Classic Vinyl HD,UNVERIFIED,no route from test server (geo-lock/IPv6/timeout) - test on the TV box,6.11,https://icecast.walmradio.com:8443/classic
Radio,Top world,France Inter,OK,HLS playlist + segment reachable,0.43,https://stream.radiofrance.fr/franceinter/franceinter_hifi.m3u8?id=radiofrance
Radio,Top world,FUN Radio,FAIL,HTTP 403,0.06,http://icecast.funradio.fr/fun-1-44-128
Radio,Top world,MANGORADIO,OK,audio/mpeg,1.46,https://mangoradio.stream.laut.fm/mangoradio
Radio,Top world,Nostalgie HQ,OK,audio/aac,2.25,https://streaming.nrjaudio.fm/oua8a3w2dqao?origine=playernostalgie&aw_0_req.userConsentV2=&aw_0_1st.station=
Radio,Top world,101 SMOOTH JAZZ,OK,audio/mpeg,0.2,http://jking.cdnstream1.com/b22139_128mp3
Radio,Top world,Deutschlandfunk | DLF | MP3 128k,OK,audio/mpeg,1.71,https://st01.sslstream.dlf.de/dlf/01/128/mp3/stream.mp3?aggregator=web
Radio,Top world,Radio Paradise Main Mix (EU) 320k AAC,OK,audio/aac,0.33,http://stream-uk1.radioparadise.com/aac-320
Radio,Top world,RFM,OK,audio/mpeg,2.23,http://stream.rfm.fr/rfm.mp3
Radio,Top world,Nrj Hits,OK,audio/aacp,2.14,https://streaming.nrjaudio.fm/ou7xugf3s5gi?origine=playernrj&aw_0_req.userConsentV2=&aw_0_1st.station=NRJ-Hits
Radio,Top world,CAPITAL - The UK's No.1 Hit Music Station,OK,audio/aac,0.79,https://media-ssl.musicradio.com/CapitalUK
Radio,Top world,Skyrock,OK,audio/mpeg; charset=UTF-8,1.65,http://icecast.skyrock.net/s/natio_mp3_128k
Radio,Top world,LBC UK,OK,audio/aac,0.55,http://media-ice.musicradio.com/LBCUK
Radio,Top world,SWR3,OK,audio/mpeg,1.48,https://liveradio.swr.de/sw282p3/swr3/play.mp3
Radio,Top world,esRadio,FAIL,URLError: <urlopen error [Errno -3] Temporary failure in name resoluti,269.56,http://livestreaming.esradio.fm/stream64.mp3
Radio,Top world,凤凰卫视资讯台,OK,HLS playlist + segment reachable,0.61,http://playtv-live.ifeng.com/live/06OLEEWQKN4_audio.m3u8
Radio,Top world,BBC Radio 4 (128k),OK,HLS playlist + segment reachable,0.15,http://as-hls-ww-live.akamaized.net/pool_55057080/live/ww/bbc_radio_fourfm/bbc_radio_fourfm.isml/bbc_radio_fourfm-audio%3d128000.norewind.m3u8
Radio,Top world,Dance Wave!,UNVERIFIED,no route from test server (geo-lock/IPv6/timeout) - test on the TV box,10.36,https://dancewave.online/dance.mp3
Radio,Top world,Radio Mirchi Hindi,OK,audio/mpeg,0.73,https://eu8.fastcast4u.com/proxy/clyedupq/stream
Radio,Top world,Heart 80s,OK,audio/mpeg,0.75,https://media-ssl.musicradio.com/Heart80sMP3
Radio,Top world,102.7 KIIS FM,OK,audio/aac,0.61,https://stream.revma.ihrhls.com/zc185
Radio,Top world,Radio 24 il sole 24 ore,UNVERIFIED,no route from test server (geo-lock/IPv6/timeout) - test on the TV box,10.3,http://shoutcast2.radio24.it:8000/;
Radio,Top world,Arabesk FM,UNVERIFIED,no route from test server (geo-lock/IPv6/timeout) - test on the TV box,10.08,http://yayin.arabeskfm.biz:8042/
Radio,Top world,Cadena 100,OK,audio/mpeg,1.43,http://cadena100-streamers-mp3.flumotion.com/cope/cadena100.mp3
Radio,Top world,LOS 40 Principales España,OK,audio/mpeg,2.3,https://playerservices.streamtheworld.com/api/livestream-redirect/Los40.mp3
Radio,Top world,Cadena SER España,OK,audio/mpeg,1.26,http://playerservices.streamtheworld.com/api/livestream-redirect/CADENASER.mp3
Radio,Top world,CNN,OK,audio/mpeg,1.57,https://tunein.cdnstream1.com/2868_96.mp3
Radio,Top world,Bollywood Gaane Purane,OK,audio/mpeg,0.45,https://stream.zeno.fm/6n6ewddtad0uv
Radio,Top world,Vivid Bharti,OK,HLS playlist + segment reachable,0.69,https://air.pc.cdn.bitgravity.com/air/live/pbaudio001/playlist.m3u8
Radio,Top world,إذاعة القرآن الكريم من القاهرة,OK,audio/mpeg,0.54,http://n12.radiojar.com/8s5u5tpdtwzuv?listening-from-radio-garden=1620219571863&rj-tok=AAABeTyl2zYARSWbLVnrEOlqGw&rj-ttl=5
Radio,Top world,RMF FM,UNVERIFIED,no route from test server (geo-lock/IPv6/timeout) - test on the TV box,10.01,http://195.150.20.242:8000/rmf_fm
Radio,Top world,1LIVE,FAIL,HTTP 403,0.26,http://wdr-1live-live.icecast.wdr.de/wdr/1live/live/mp3/128/stream.mp3
Radio,Top world,80s80s Radio,FAIL,HTTP 502,1.7,http://regiocast.streamabc.net/regc-80s80smweb2517500-mp3-192-1672667?sABC=6no06261%230%23r30o443r1929r059s085628511796n57%23&aw_0_1st.playerid=&amsparams=playerid:;skey:1789944417
Radio,Top world,DAMAR TURK FM,UNVERIFIED,no route from test server (geo-lock/IPv6/timeout) - test on the TV box,6.05,https://live.radyositesihazir.com:10997/
Library,Kodi repo,plugin.video.plutotv,OK,v1.6.2 in Omega repo,,
Library,Kodi repo,plugin.video.crackle,OK,v2025.7.31 in Omega repo,,
Library,Kodi repo,plugin.video.archive.org,OK,v1.0.0 in Omega repo,,
Library,Kodi repo,plugin.video.composite_for_plex,OK,v2.0.2 in Omega repo,,
Library,Kodi repo,plugin.video.youtube,OK,v7.4.4 in Omega repo,,
Library,Kodi repo,plugin.video.dailymotion_com,OK,v2.4.5 in Omega repo,,
Library,Kodi repo,plugin.video.vimeo,OK,v6.0.4 in Omega repo,,
Library,Kodi repo,plugin.video.twitch,OK,v3.0.2 in Omega repo,,
Library,Kodi repo,plugin.video.ted.talks,OK,v5.0.0 in Omega repo,,
Library,Kodi repo,plugin.video.nasa,OK,v3.0.3+matrix.1 in Omega repo,,
Library,Kodi repo,plugin.video.redbull.tv,OK,v3.2.2+matrix.1 in Omega repo,,
Library,Kodi repo,plugin.video.nhklive,OK,v4.0.11 in Omega repo,,
Library,Kodi repo,plugin.video.arteplussept,OK,v2.0.0 in Omega repo,,
Library,Kodi repo,plugin.video.pbskids,OK,v4.0.1 in Omega repo,,
Service,API,TMDB (metadata),OK,HTTP 401 (endpoint up; needs your key),,
Service,API,Real-Debrid (movies/series streams),OK,HTTP 200 (endpoint up; needs your key),,
Service,API,Trakt,OK,HTTP 412 (endpoint up; needs your key),,
Service,API,Gemini (subtitle translation),OK,HTTP 403 (endpoint up; needs your key),,
Service,API,NovaTV repo (GitHub Pages),OK,HTTP 206 (endpoint up; needs your key),,
Service,API,POV add-on base (Kodi-POV-IL),OK,HTTP 206 (endpoint up; needs your key),,
